Date,Close,High,Low,Open,Volume,RSI,MACD,MACD_Signal,BB_Upper,BB_Lower,BB_Middle
2015-02-20,28.768922805786133,28.768922805786133,28.44680040985868,28.57342633827766,195793600,78.73714258643352,1.052511917798526,0.9063665034647336,29.422546727388358,24.180034296781564,26.80129051208496
2015-02-23,29.546464920043945,29.546464920043945,28.804471802520936,28.88444733188144,283896400,82.37914195562561,1.1207441678064676,0.9492420363330805,29.771367354140047,24.285832314744233,27.02859983444214
2015-02-24,29.362085342407227,29.67976723388688,29.1399314061949,29.53314482243473,276912400,78.92678091111624,1.1467221276558384,0.9887380545976321,30.006240653380182,24.48448391021845,27.245362281799316
2015-02-25,28.611188888549805,29.235443968047832,28.46901057982743,29.22655591699116,298846800,66.67226705993656,1.0941065998494146,1.0098117636479886,29.893473488925164,25.04331411636048,27.468393802642822
2015-02-26,28.973312377929688,29.073280958926343,28.12690652779856,28.611200421862183,365150000,69.15917129883466,1.0693025005801076,1.0217099110344123,29.97620799619297,25.30632450502773,27.64126625061035
2015-02-27,28.537885665893555,29.006630434896262,28.4890115466763,28.880001110615524,248059200,63.065382744121784,1.0029484115818406,1.0179576111438982,30.034927346127326,25.470367262942496,27.75264730453491
2015-03-02,28.67784118652344,28.942204824251785,28.50234112733344,28.713386617938777,192386800,64.15854073290387,0.950696521145332,1.004505393144185,30.043493938169103,25.737061786928553,27.890277862548828
2015-03-03,28.737829208374023,28.77337464662942,28.45569280064609,28.648969002535093,151265200,64.64160077547736,0.9037096512228118,0.9843462447599103,30.059240439914028,25.970046707607942,28.014643573760985
2015-03-04,28.55566024780273,28.78225817044977,28.506789509388117,28.680069276765423,126665200,61.91268824184734,0.8420658941584804,0.9558901746396244,30.018242982440597,26.241116186565748,28.129679584503172
2015-03-05,28.08247375488281,28.602313038496664,27.93807338891241,28.564547284367386,226068400,55.37352301457038,0.746426240109809,0.9139973877336613,29.9374399908323,26.48453609864524,28.21098804473877
2015-03-06,28.124675750732425,28.74004114058892,28.04914425882988,28.524551645020985,291368400,55.82168716175771,0.6663551462635589,0.864468939439641,29.85654360912766,26.713386086001737,28.284964847564698
2015-03-09,28.244644165039062,28.784479856085543,27.78256368790519,28.42681027882651,354114000,57.139401730770444,0.6055977223541937,0.8126946960225515,29.695958070382027,27.056359739676566,28.376158905029296
2015-03-10,27.660377502441406,28.26241425789635,27.50264846568969,28.08247017418936,275426400,49.40984506901122,0.5044861866925778,0.7510529941565569,29.52453865292606,27.334191091031457,28.42936487197876
2015-03-11,27.156082153320312,27.718131039929048,27.127202767233783,27.71368870933848,275756000,43.890946840403636,0.37928992792019756,0.6767003809092851,29.515328707260462,27.348287473159463,28.431808090209962
2015-03-12,27.64704704284668,27.74701729622156,27.02057322898196,27.17163792072449,193450800,49.77296778896315,0.31604458898188525,0.6045692225238052,29.52342918592616,27.33063403886632,28.42703161239624
2015-03-13,27.45599365234375,27.858093275490027,27.23161948299128,27.635939424321684,207309200,47.67835437114141,0.24765102346039214,0.5331855827111226,29.563213694245704,27.227090680449123,28.395152187347414
2015-03-16,27.75812530517578,27.75812530517578,27.296046544920685,27.52042073270001,143497200,51.17745866120959,0.21534575755453744,0.4696176176798056,29.570625957529128,27.172359195669113,28.37149257659912
2015-03-17,28.222431182861328,28.284634002627094,27.91363740266719,27.969175876729444,204092400,56.04264705360008,0.22461992684475618,0.42061807951279573,29.563515767015037,27.16191891773838,28.36271734237671
2015-03-18,28.540102005004883,28.69338868574217,28.073579314164338,28.213535612946757,261083600,59.04939763367522,0.254667504814698,0.3874279645731762,29.558826436652037,27.16105404888263,28.359940242767333
2015-03-19,28.324617385864254,28.71338664410161,28.30240233865916,28.60230971317665,183238000,56.239250688820434,0.25811720449144104,0.3615658125568292,29.545614027491382,27.15316202689094,28.34938802719116
2015-03-20,27.96917533874512,28.524558373785165,27.80478193325487,28.491236645908533,274780400,51.85550236618168,0.22952410270740486,0.33515747058694434,29.500312546165667,27.11848876151256,28.309400653839113
2015-03-23,28.26019287109375,28.402371208638087,28.106906162375846,28.240199836860707,150838800,54.95163899559474,0.22772151440063482,0.31367027934968245,29.292056420035244,27.198117682747956,28.2450870513916
2015-03-24,28.144678115844727,28.444583846778304,28.11579702412687,28.264641425158008,131369200,53.48142873103947,0.2144992608708982,0.2938360756539256,29.097345054405743,27.27108832572121,28.184216690063476
2015-03-25,27.409343719482425,28.17355357044147,27.409343719482425,28.11135075836797,206620800,45.19251832584334,0.14303635528028025,0.26367613157919656,29.074378957573362,27.17386990564685,28.124124431610106
2015-03-26,27.60039710998535,27.74257545518956,27.23606488853712,27.27161032228796,190291600,47.47051024101486,0.10065758170632222,0.2310724216046217,28.946976693242934,27.16398064318285,28.055478668212892
2015-03-27,27.38046264648437,27.70258505848325,27.304931149287167,27.67370566747833,158184800,45.14435341653618,0.04876311436247249,0.19461056015619188,28.90643009168129,27.088784942803574,27.997607517242432
2015-03-30,28.073579788208008,28.0802441318484,27.54707460692801,27.558182976261453,188398800,52.966414654750366,0.0628407468161889,0.1682565974881913,28.822331837818602,27.11245705683472,27.96739444732666
2015-03-31,27.642601013183597,28.10023735860415,27.62705031294792,28.01137548801493,168362400,48.34975288424049,0.0387740238441765,0.14236008275938836,28.700863273242124,27.124402801892156,27.91263303756714
2015-04-01,27.60262107849121,27.79589557467753,27.347143763734493,27.729248729123714,162485600,47.9323770213303,0.016287177450823975,0.11714550169767549,28.605756856366966,27.124205301836156,27.86498107910156
2015-04-02,27.84032440185547,27.89364085892032,27.589291125563008,27.77589957273979,128880400,50.6595580263711,0.017445757468557588,0.09720555285185191,28.58691950009362,27.11882772280677,27.852873611450196
2015-04-06,28.29129219055176,28.326837619766778,27.62038831566212,27.651489718775583,148776000,55.429257669068335,0.054129303219266234,0.08859030292533479,28.61101283948283,27.111396027399497,27.861204433441163
2015-04-07,27.993608474731445,28.46235156172454,27.986944130091175,28.355718657681365,140049200,51.86509580174959,0.05850626568535944,0.08257349547733972,28.580556616034233,27.11674868181733,27.848652648925782
2015-04-08,27.90252113342285,28.08024487808575,27.762564828557807,27.9580595917676,149316800,50.788940034670546,0.05400254505514113,0.07685930539290001,28.58780036459692,27.13371929635279,27.860759830474855
2015-04-09,28.115798950195312,28.12024297764084,27.693707867462628,27.95806987387628,129936000,53.23567520653517,0.0668721904001508,0.07486188239435017,28.566827914218276,27.250663426418928,27.908745670318602
2015-04-10,28.23575592041016,28.260192981167595,27.82699362210292,27.98027863651839,160752000,54.60282945441228,0.08576238662320534,0.07704198324012121,28.599464990243714,27.27689723814984,27.938181114196777
2015-04-13,28.18021774291992,28.562324360961306,28.1269012893116,28.51789087563862,145460400,53.81834559850038,0.09515465284862401,0.08066451716182177,28.604683327420005,27.344101310031164,27.974392318725585
2015-04-14,28.05803680419922,28.277968679310423,27.97139692324936,28.213543848237517,102098400,52.046772081853696,0.09168225488969384,0.08286806470739619,28.612615205601262,27.36616058175225,27.989387893676756
2015-04-15,28.164669036865234,28.24242255699414,27.993611292581647,28.082473184828803,115881600,53.485847892842365,0.0964231781272531,0.08557908739136758,28.60590416041563,27.367095412338276,27.986499786376953
2015-04-16,28.029146194458008,28.23574930845471,28.01581750803857,28.053583249493037,113476000,51.375609609856404,0.08822779804297198,0.08610882952168847,28.526743194177595,27.395160797521623,27.96095199584961
2015-04-17,27.71369171142578,28.022485415343912,27.64926689403936,27.891415462484822,207828000,46.7518010559899,0.05563701103370633,0.08001446582409205,28.48010054090117,27.380710883354205,27.930405712127687
2015-04-20,28.34682846069336,28.46234770691129,27.806994584251576,27.8958564555188,188217200,55.42333504839627,0.07997551390495872,0.08000667544026538,28.52818313438741,27.370393602062784,27.949288368225098
2015-04-21,28.193552017211918,28.480129054206348,28.14023386134807,28.457915698279347,129740400,53.16604214970336,0.08590555896619989,0.08118645214545228,28.518385678655505,27.37352697240651,27.945956325531007
2015-04-22,28.573429107666016,28.628967574063932,28.06247623374485,28.2113189169154,150618000,57.75794478882198,0.11987621050093011,0.08892440381654784,28.59722197759417,27.33756577264997,27.96739387512207
2015-04-23,28.806686401367188,28.973301771970316,28.466791316520684,28.502336742467637,183083600,60.32994736985769,0.16373270210685575,0.10388606347460942,28.712358162697,27.362163855735616,28.03726100921631
2015-04-24,28.94220733642578,29.019962550671096,28.70894508348904,28.98886114293281,178103600,61.785766279076675,0.2070380883314762,0.1245164684459828,28.854929416253132,27.35377362482353,28.10435152053833
2015-04-27,29.46871566772461,29.57535198830014,29.13548479297552,29.39318414966676,387816800,66.87227438905859,0.28060806592353416,0.1557347879414931,29.096037554249747,27.32149078895094,28.208764171600343
2015-04-28,29.00441169738769,29.888583241459457,28.784481513019248,29.8708139130615,475696000,59.36769116417622,0.29801205568048417,0.1841902414892913,29.20480332297104,27.305808211147614,28.255305767059326
2015-04-29,28.5778751373291,29.23322840880269,28.502343631285196,28.91554998584197,253544400,53.43508477866982,0.27422580291352716,0.2021973537741385,29.217780676895902,27.386358269637302,28.302069473266602
2015-04-30,27.80255889892578,28.57787547888214,27.675931252944945,28.57787547888214,332781600,44.692542543915955,0.1906161806974005,0.19988111915879092,29.20098920037519,27.42314352820147,28.31206636428833
2015-05-01,28.6467399597168,28.908883280787258,27.835879715578056,28.013601789062115,234050400,53.595129239330426,0.19027988118151384,0.19796087156333553,29.22506917778686,27.47970510657593,28.352387142181396
2015-05-04,28.591205596923828,29.00663568546865,28.493457340795636,28.768929390811504,203953200,52.99084091793448,0.18341787534163245,0.1950522723189949,29.245639487394914,27.489126137605087,28.3673828125
2015-05-05,27.946956634521484,28.53566301536573,27.942512608119188,28.46901617852702,197085600,46.448050786724394,0.12455834812055144,0.18095348747930623,29.247503168904643,27.482597272074358,28.3650502204895
2015-05-06,27.77145767211914,28.15800495791627,27.404903422444445,28.11579517734717,288564000,44.824437720457595,0.06302394833267755,0.1573675796499805,29.2564030677167,27.46059102713193,28.358497047424315
2015-05-07,27.94322967529297,28.126156702399538,27.66660698885533,27.833918356403263,175763600,46.785134884221236,0.02779762455453394,0.13145358863089118,29.260168723480668,27.439568443877732,28.3498685836792
2015-05-08,28.469701766967773,28.469701766967773,28.13284775066337,28.26000431679456,222201600,52.37160358378104,0.04187964458213145,0.11353879982113924,29.271712400645338,27.451419351368823,28.36156587600708
2015-05-11,28.179697036743164,28.45631803271888,28.02577002755684,28.41839452963739,168143200,49.301327508422034,0.02930102487549746,0.09669124483201089,29.271707143705743,27.45137253769074,28.361539840698242
2015-05-12,28.07930564880371,28.30461703231228,27.845069087437743,28.01907261211921,192640000,48.24687551952061,0.011103636325263011,0.07957372313066131,29.271398312078873,27.453808253778064,28.362603282928468
2015-05-13,28.110538482666016,28.373775078379587,28.079307166393143,28.14176979893889,138776800,48.615092146064484,-0.000788605978069512,0.06350125730891515,29.271352098827208,27.448441411609807,28.359896755218507
2015-05-14,28.76639747619629,28.76639747619629,28.367082551285613,28.422853001376712,180814000,55.73693058887135,0.04222233307988432,0.05924547246310899,29.31135476506875,27.482163873542092,28.39675931930542
2015-05-15,28.726247787475582,28.886866975073342,28.60132250911256,28.79317301630108,152832000,55.232262600589706,0.07223637189595067,0.06184365234967733,29.31608061916052,27.578693627055298,28.44738712310791
2015-05-18,29.04302215576172,29.161255245868418,28.634782024202263,28.63924461362847,203531600,58.43035877410395,0.12019818813197958,0.07351455950613778,29.387025710461792,27.577367905260864,28.482196807861328
2015-05-19,29.01624870300293,29.19694439982408,28.92032176772833,29.154558317071896,178532800,58.052882901072905,0.1542695557534408,0.0896655587555984,29.44654676709203,27.600116517209727,28.52333164215088
2015-05-20,29.01402473449707,29.219259627089205,28.85340553091038,29.000640368191327,145819600,58.0193529854522,0.17902817898627532,0.10753808280173377,29.493010574191846,27.597712272793014,28.54536142349243
2015-05-21,29.31072235107422,29.36426321724016,28.962715230892304,29.01625609705825,158921600,61.23602705965289,0.22005393949124397,0.13004125413963583,29.570060950598453,27.57106549135711,28.570563220977782
2015-05-22,29.5672607421875,29.66318768776386,29.312947622321087,29.35756670619373,182384000,63.81756612051164,0.27015349314387294,0.15806370194048325,29.681698345037585,27.52193343749415,28.60181589126587
2015-05-26,28.91585922241211,29.649800184525905,28.80431833245809,29.58064537738767,282790400,53.98619247806533,0.2543629539079397,0.17732355233397457,29.5902986565904,27.558047481410092,28.574173069000246
2015-05-27,29.45572853088379,29.50480681445694,29.011797789416416,29.07649003378511,183332800,59.548254029181855,0.28215922322900155,0.19829068651297996,29.668597712904834,27.524880108445267,28.59673891067505
2015-05-28,29.39772605895996,29.435649565163278,29.246032034146715,29.415573015518973,122933200,58.72690587342422,0.29609445957233405,0.21785144112485078,29.764853744059536,27.510609169453645,28.63773145675659
2015-05-29,29.06310272216797,29.324108074389464,28.978330531136447,29.275029795787933,203538000,54.091559785583144,0.27694448443259034,0.2296700497863987,29.77369874207526,27.62781855376214,28.7007586479187
2015-06-01,29.12110137939453,29.31072230161509,29.011793458266705,29.06310132744831,128451200,54.758108955158065,0.2634115536667352,0.23641835056246602,29.812458454378785,27.636494983426388,28.724476718902586
2015-06-02,28.99170684814453,29.147863398387827,28.8489346587853,28.969397310699417,134670400,52.912331985953564,0.23948491819586337,0.2370316640891455,29.83666953149644,27.652334031430804,28.744501781463622
2015-06-03,29.02739906311035,29.210327749922357,28.978320800988,29.14786512612257,123934000,53.37915598484645,0.22085704808694118,0.23379674088870467,29.83290650034298,27.764141305443154,28.798523902893066
2015-06-04,28.857866287231445,29.130026398016824,28.7574801423585,28.906944563206427,153800400,50.80284163092986,0.1902216914005841,0.2250817309910806,29.773646058426543,27.932042608870823,28.852844333648683
2015-06-05,28.699481964111328,28.931489021193062,28.634789717862343,28.88910292015164,142507200,48.45014756057629,0.15141721589712986,0.21034882797229046,29.716114929484995,28.065198966694204,28.8906569480896
2015-06-08,28.50986099243164,28.82440721657592,28.29347132651328,28.755248984037564,210699200,45.720258558787094,0.10416283745248833,0.18911162986833005,29.714203228908442,28.071126589817144,28.892664909362793
2015-06-09,28.425085067749023,28.572319885753103,28.02353881333458,28.26446588519156,224301600,44.51270954641818,0.05919038356872619,0.16312738060840928,29.690035961531297,28.119832660294872,28.904934310913085
2015-06-10,28.75078773498535,28.85340347197949,28.521012017263367,28.53662767749891,156349200,49.978877657303045,0.049262999894388315,0.1403545044656051,29.631541903386744,28.24547492705759,28.938508415222167
2015-06-11,28.68608856201172,29.04078781592689,28.66154942724008,28.81770601035133,141563600,48.9473502995794,0.03576254589643213,0.1194361127517705,29.56110335863929,28.373468479739618,28.967285919189454
2015-06-12,28.369308471679688,28.62808414355585,28.35592411002363,28.59685283170581,147544800,44.14334654534539,-0.0004924898936522482,0.09545039222268596,29.59123774950156,28.303625188425684,28.94743146896362
2015-06-15,28.31354141235352,28.384927519681423,28.043612640833025,28.130614405952063,175955600,43.336971172599405,-0.03334047434901066,0.06969221890834665,29.622038653167415,28.231553647247623,28.92679615020752
2015-06-16,28.46523666381836,28.521007112494328,28.19084700944085,28.338080108916312,125976400,46.21510668602454,-0.04659508057924455,0.04643475901082841,29.61896825454885,28.176845496671856,28.897906875610353
2015-06-17,28.3983154296875,28.527701587513736,28.273388457264044,28.49200938252072,131672400,45.126135876710265,-0.06178719153839651,0.02479036890098342,29.617495696041185,28.116524727847978,28.86701021194458
2015-06-18,28.5277042388916,28.62362949532071,28.380471113895364,28.38270240878329,141628800,47.692474227579034,-0.06266410062642436,0.007299474995501865,29.60398679864617,28.08140157568244,28.842694187164305
2015-06-19,28.24215507507324,28.514315138913368,28.197539396598717,28.489776005158664,218867600,42.921647791538874,-0.0854158675313137,-0.011243593509861247,29.561578876893147,28.016952769835367,28.789265823364257
2015-06-22,28.467472076416016,28.56785821776298,28.34923898043604,28.4407016444665,136157200,47.39343815518678,-0.08429391992767421,-0.025853658793423842,29.429996970430732,28.038555809720638,28.734276390075685
2015-06-23,28.33807945251465,28.46746729892082,28.304616843688365,28.4384672789935,121075600,45.203257292430436,-0.09277620539355524,-0.03923816811345013,29.416364735235845,27.994410067925777,28.70538740158081
2015-06-24,28.579004287719727,28.95601300514302,28.35815382281686,28.378230364181324,221123600,49.85039963162926,-0.07914551677760784,-0.04721963784628167,29.284764227809013,28.0383381510362,28.661551189422607
2015-06-25,28.44292449951172,28.822162812047036,28.44292449951172,28.74631583033148,127752400,47.40498780571817,-0.07841962684407022,-0.05345963564583939,29.14338345706143,28.084238765838965,28.613811111450197
2015-06-26,28.275619506835938,28.55224047555576,28.222080348820946,28.480854364209375,176267200,44.513789432077346,-0.09030350592048464,-0.06082840970076844,29.081139716697283,28.067734184669906,28.574436950683594
2015-06-29,27.78038215637207,28.21316148452477,27.76922908520098,27.987848342323893,196645600,37.268092146661424,-0.1380912510353589,-0.07628097796768654,29.059767368384733,27.955034610680208,28.50740098953247
2015-06-30,27.98115348815918,28.13508049264948,27.85399691548697,28.012384807623985,177482800,41.43037020427675,-0.15794215591401795,-0.09261321355695283,29.00766664861308,27.906079994453325,28.4568733215332
2015-07-01,28.24215507507324,28.318003770854787,28.106075043153183,28.309080294764076,120955200,46.40848345120934,-0.15087430914587685,-0.10426543267473765,28.908862655116614,27.92635958914608,28.417611122131348
2015-07-02,28.20646476745605,28.26223522028511,28.05699866037003,28.20423347278873,108844000,45.83479068710003,-0.14646454708165635,-0.11270525555612139,28.840273364634783,27.929808727650375,28.38504104614258
2015-07-06,28.10831069946289,28.15962026945185,27.851766253476693,27.87184450329126,112241600,44.215951651677656,-0.1491704477877036,-0.11999829400243783,28.801893669972504,27.909071295847806,28.355482482910155
2015-07-07,28.03915023803711,28.141767655400127,27.61083191524409,28.08376591446313,187787200,43.06187251893854,-0.15510758118637114,-0.12702015143922452,28.79272230779162,27.87117158258924,28.33194694519043
2015-07-08,27.343137741088867,27.80491702574673,27.33644555901804,27.769224820709265,243046400,33.56659369328659,-0.21351393809360175,-0.14431890877009998,28.905879531210044,27.649819626504797,28.27784957885742
2015-07-09,26.785430908203125,27.675526788735414,26.595811723906333,27.62867981628414,314380000,28.200635156806484,-0.30133013102213724,-0.17572115322050744,29.049365586693163,27.30979788834346,28.179581737518312
2015-07-10,27.50153160095215,27.6286881938704,27.0397522159354,27.202602723627663,245418000,41.198726500657884,-0.3095731883847783,-0.20249156025336162,29.005301773373347,27.235406005557316,28.12035388946533
2015-07-13,28.03246307373047,28.054770915935904,27.73353254184397,27.89192043407561,165762000,48.6248347260528,-0.27015001682749684,-0.2160232515681887,28.981661601808426,27.225361637327318,28.103511619567872
2015-07-14,28.02130508422852,28.190847729085604,27.894148526080468,28.117230326479085,127072400,48.48624683954198,-0.23707437996280234,-0.22023347724711143,28.962296878215867,27.215502728107374,28.08889980316162
2015-07-15,28.291229248046875,28.36484663865648,28.01460833718573,28.045839647993663,134596800,52.04685916604474,-0.18692630519198516,-0.2135720428360862,28.941814902998775,27.218583961747317,28.080199432373046
2015-07-16,28.668243408203125,28.681631176702723,28.40946938252491,28.49647115600096,144889600,56.562947488601736,-0.11543108505774669,-0.1939438512804183,28.98283709906131,27.204554563536345,28.093695831298827
2015-07-17,28.91585922241211,28.91585922241211,28.623622635365845,28.79539655900322,184658800,59.275666163670074,-0.038348029003621775,-0.162824686825059,29.054689168666968,27.171517992282737,28.113103580474853
2015-07-20,29.462421417236328,29.663193719656736,29.156796969560496,29.21703002187017,235600800,64.53984814844628,0.06608209631255235,-0.11704333019753674,29.284294265259835,27.063939529906182,28.17411689758301
2015-07-21,29.16794776916504,29.652034906839845,29.072024221109125,29.636420949603064,307025600,60.03699885735409,0.12365672289574903,-0.0689033195788796,29.395696889828336,27.02258447461258,28.209140682220458
2015-07-22,27.93431282043457,27.996775473476976,27.21375761117045,27.21375761117045,461802400,45.663724520705294,0.06894622960327723,-0.041333409742448236,29.37977827757083,26.99812642366208,28.188952350616454
2015-07-23,27.920923233032227,28.351469539872237,27.898613687990725,28.15292684325403,203998000,45.536298044115576,0.024228055753965805,-0.028221116643165428,29.33828156606918,26.97381502969498,28.15604829788208
2015-07-24,27.7736873626709,28.050308350612383,27.63983860734304,27.956614392080805,168649200,44.07964036482611,-0.02282896533347767,-0.02714268638122788,29.308325494499066,26.93684738758101,28.12258644104004
2015-07-27,27.387758255004883,27.57514789594571,27.24275641260931,27.459144379653896,177822000,40.42898211064637,-0.09022321021200241,-0.03975879114738279,29.303511621039302,26.85287513585767,28.078193378448486
2015-07-28,27.523836135864254,27.64207093784612,27.338679506679952,27.523836135864254,134472400,42.24527281095203,-0.1311415687210733,-0.05803534666212089,29.30813344209826,26.822598712747933,28.065366077423096
2015-07-29,27.43683242797852,27.55060463216349,27.276213246065424,27.47252633594996,148046800,41.376631700368655,-0.16864608762680078,-0.08015749485505687,29.31058879551262,26.765711253315505,28.038150024414062
2015-07-30,27.298524856567383,27.34314054293076,27.151290028005437,27.28737008398687,134513200,39.969659281546086,-0.20714115984355175,-0.10555422785275584,29.29912810312055,26.68280892385699,27.99096851348877
2015-07-31,27.05982208251953,27.358750867204524,26.97282031969456,27.34982739127645,171540000,37.59368599273779,-0.2539823504235308,-0.13523985236691083,29.298280151646658,26.568992606837227,27.933636379241943
2015-08-03,26.421804428100582,27.343131492175804,26.216567913617403,27.104434074985534,279904000,32.10094804475257,-0.3386828983766108,-0.17592846156885084,29.360877980368304,26.33774415097935,27.849311065673827
2015-08-04,25.5741024017334,26.25673229818468,25.26401877543825,26.1942696543237,496554400,26.55035368940362,-0.46880704604576096,-0.23450417846423288,29.52943801272984,25.922679334987443,27.726058673858642
2015-08-05,25.74364280700684,26.198729931797956,25.007472107672537,25.19709131750736,397250400,29.18757032087119,-0.551889043416633,-0.29798115145471293,29.6418950517614,25.650272802547686,27.646083927154542
2015-08-06,25.79966163635254,26.106667700331585,25.57333038339867,25.98789944271197,211612000,30.080870873673774,-0.606223704048098,-0.35962966197338997,29.719825130316412,25.47376579680761,27.59679546356201
2015-08-07,25.887062072753903,26.05064970055352,25.658489382480678,25.676417121630852,154681600,31.532111073101774,-0.6349129480316371,-0.4146863191850394,29.766408064312458,25.26573590999174,27.5160719871521
2015-08-10,26.82823944091797,26.88874340445432,26.113386881257615,26.113386881257615,219806400,44.81535382765786,-0.575075124654866,-0.44676408027900477,29.712141303601967,25.19958030742098,27.455860805511474
2015-08-11,25.432151794433597,26.48314180457779,25.396298032277432,26.400227308211974,388331200,34.21240493882195,-0.6330088915333043,-0.4840130425298647,29.73033715099782,24.922469131045638,27.32640314102173
2015-08-12,25.82431983947754,25.8646564026347,24.56716561571015,25.217031706716167,404870000,38.60647153690747,-0.6399007578130984,-0.5151905855865114,29.64909840402657,24.75701693715995,27.20305767059326
2015-08-13,25.80415153503418,26.08426607251896,25.66745550396693,26.003592948948665,194143200,38.46418590792662,-0.6396169194088372,-0.5400758523509767,29.481240875928883,24.638465277940746,27.059853076934814
2015-08-14,25.98566055297852,26.06409226748677,25.548682636658828,25.61815048241141,171718000,40.586452385921724,-0.6176261053312047,-0.5555859029470223,29.21965716891341,24.607029118012857,26.913343143463134
2015-08-17,26.254568099975582,26.36437248612328,25.882575288173083,26.003584936240777,163538800,43.685184930996854,-0.5719070466172695,-0.5588501316810717,28.75380480946885,24.752096145731347,26.7529504776001
2015-08-18,26.106674194335938,26.3173208679812,25.99686977729429,26.09098784904427,138242800,42.37614754299506,-0.5413676164893708,-0.5553536286427315,28.281194718773143,24.91857887894414,26.59988679885864
2015-08-19,25.77277374267578,26.11115080601388,25.698823109092043,26.01703275037082,193146000,39.49842411299349,-0.5379072144818373,-0.5518643458105528,28.092046842996396,24.89157284694501,26.491809844970703
2015-08-20,25.24391365051269,25.62486860467399,25.01533931026963,25.564364637952508,274006400,35.39811845762442,-0.571254346021913,-0.5557423458528249,27.90459138867449,24.811327343014966,26.357959365844728
2015-08-21,23.69993019104004,25.075852599969775,23.675279976085,24.746437645282736,513102000,26.6877737679806,-0.7140377666904811,-0.5874014300203562,27.9537943067107,24.354748707815663,26.154271507263182
2015-08-24,23.108325958251957,24.381166289894814,20.61642679920939,21.25957029419241,648825200,24.227738398043115,-0.8649614365912264,-0.6429134313345302,28.086553801925504,23.794045982925567,25.940299892425536
2015-08-25,23.247257232666016,24.898812593986147,23.19347573864992,24.898812593986147,414406400,25.953912319478604,-0.9622665300178497,-0.706784051071194,28.04433481718793,23.40860707734332,25.726470947265625
2015-08-26,24.580602645874023,24.625420271963097,23.54081799152532,23.997963248618984,387098400,40.065569547487186,-0.9211729773182107,-0.7496618363205975,27.81266102561049,23.354657890710314,25.5836594581604
2015-08-27,25.30442237854004,25.3761316202168,24.654556414147635,25.14980034129892,338464400,46.073819524966375,-0.8207388707190013,-0.7638772432002783,27.571087665688164,23.3968210028299,25.483954334259032
2015-08-28,25.38733291625977,25.391813995177863,24.99517268813353,25.136349754773125,212657600,46.73253465580627,-0.726084084810708,-0.7563186115223642,27.358223808397856,23.442435943494235,25.400329875946046
2015-08-31,25.2685661315918,25.66520746167961,25.09825605819991,25.10497853180908,224917200,45.86820449233097,-0.653124163177317,-0.7356797218533548,27.243941047705395,23.441394874535813,25.342667961120604
2015-09-01,24.139144897460938,25.071364966794416,24.05847179313516,24.68368749681841,307383600,38.56378624957665,-0.6786151017920545,-0.7242667978410948,27.238972293617127,23.30286787819684,25.270920085906983
2015-09-02,25.17444610595703,25.17444610595703,24.455112372767545,24.70161446705182,247555200,46.90987661807065,-0.608264998868961,-0.701066438046668,27.19877253036934,23.286147971339645,25.242460250854492
2015-09-03,24.732988357543945,25.27304817756337,24.659037725648208,25.208061414050437,212935600,44.15533743612455,-0.581431604727193,-0.677139471382773,27.13992064610069,23.238332527727437,25.189126586914064
2015-09-04,24.48648834228516,24.75091649826802,24.316179957517583,24.419261888197923,199985200,42.64938945000029,-0.5734461079162259,-0.6564007986894635,27.06519622927773,23.172999571503517,25.119097900390624
2015-09-08,25.167728424072266,25.22375132713337,24.7217865944172,25.04223766831405,219374400,47.93439677707047,-0.5063107280167358,-0.6263827845549181,26.818196296355072,23.25394840274161,25.03607234954834
2015-09-09,24.683687210083008,25.55092050698643,24.59853131779331,25.492657928736985,340043200,44.77699855885425,-0.4865548351599678,-0.5984171946759281,26.777362993165,23.219935247496622,24.99864912033081
2015-09-10,25.22598648071289,25.385091280879728,24.62766243437784,24.7105752161972,251571200,48.84266172616586,-0.4222714464024513,-0.5631880450212328,26.71063745586566,23.2268274489195,24.96873245239258
2015-09-11,25.5935001373291,25.5935001373291,25.04447642895034,25.051198903061263,199662000,51.45126737191483,-0.33777742908284836,-0.518105921833556,26.682227499545643,23.234172265469002,24.958199882507323
2015-09-14,25.84000396728516,26.194069134635672,25.739163422891465,26.12460128003928,233453600,53.17593141873871,-0.24806497404583538,-0.46409773227601187,26.658675721423297,23.243158385022017,24.950917053222657
2015-09-15,26.057374954223636,26.11339786278008,25.64056437778901,25.978943224181307,173364800,54.704021129862355,-0.15761035106680765,-0.402800256034171,26.620640506246843,23.261474285623272,24.941057395935058
2015-09-16,26.08650016784668,26.11563145610736,25.869131074034687,26.050644696433867,148694000,54.91632175431556,-0.08262183623790165,-0.33876457207491717,26.616852403794592,23.2632449854266,24.940048694610596
2015-09-17,25.52851676940918,26.10443216057165,25.483699129582156,25.918437416574463,256450400,50.0741310937594,-0.06744008761496545,-0.28449967518292685,26.583627740576453,23.272043951318075,24.927835845947264
2015-09-18,25.42318725585937,25.6136664530352,25.06912388404365,25.14531419516762,297141200,49.19236851760761,-0.06317936156832005,-0.2402356124600055,26.601257088370083,23.272341964059116,24.9367995262146
2015-09-21,25.81759262084961,25.853448096928165,25.470251672175387,25.472491357167897,200888000,52.560983211418126,-0.02765865692778746,-0.1977202213535619,26.64728982056784,23.438075474842318,25.042682647705078
2015-09-22,25.411989212036133,25.586780396323466,25.214787498741032,25.407506422361248,201384800,48.96550938561985,-0.03186967414408315,-0.16455011191166616,26.499739814397444,23.815991806391132,25.157865810394288
2015-09-23,25.618148803710938,25.70778577571087,25.389576149309995,25.46352506975313,143026800,50.807462244201226,-0.018359937594254916,-0.1353120770481839,26.30437032665446,24.248450451238607,25.276410388946534
2015-09-24,25.770532608032227,25.88257840198019,25.18117234735185,25.378372329214343,200878000,52.181290756821106,0.0045898168860176725,-0.10733169826134359,26.33317514123632,24.338638632872563,25.335906887054442
2015-09-25,25.705541610717773,26.14924363396979,25.55091789342523,26.09322074621833,224607600,51.520427165356686,0.01733362113025194,-0.08239863438302449,26.36594439074566,24.345981306581002,25.35596284866333
2015-09-28,25.196857452392575,25.674171895678256,25.196857452392575,25.51282568676956,208436000,46.55100632217793,-0.01345824425568054,-0.0686105563575557,26.358647549807117,24.334230601132823,25.34643907546997
2015-09-29,24.439428329467773,25.436636933681488,24.170519104557982,25.28425458365043,293461600,40.31543635184413,-0.09785125122434835,-0.07445869533091423,26.39172601910099,24.21823835162655,25.30498218536377
2015-09-30,24.717300415039062,24.995173478183187,24.36547672478694,24.688167417260352,265892000,43.315293601679286,-0.14068958032830992,-0.08770487233039337,26.321264347381124,24.346515575104227,25.333889961242676
2015-10-01,24.555965423583984,24.56492929547838,24.04727637910049,24.44167819403513,255716400,41.99548928472138,-0.18551910153349027,-0.10726771817101274,26.345574119839878,24.26035773440817,25.302965927124024
2015-10-02,24.7352294921875,24.87640829038758,24.10105158150218,24.20413350942164,232079200,44.035943391672106,-0.2042275004064038,-0.12665967461809097,26.345441566891115,24.26071440082129,25.303077983856202
2015-10-05,24.82486915588379,24.957084099471995,24.441672694460397,24.623186357849537,208258800,45.076380577036325,-0.20940695654580566,-0.14320913100363392,26.318871306702405,24.32112274236986,25.319997024536132
2015-10-06,24.943634033203125,25.039993484121485,24.598532783627668,24.791251685464392,192787200,46.49566086770481,-0.2016044096717593,-0.15488818673725901,26.31920822110078,24.29837638888457,25.308792304992675
2015-10-07,24.82486915588379,25.046719378879786,24.51786473357705,25.039996903892536,187062400,45.23677786620151,-0.20266793826404594,-0.1644441370426164,26.310550375348768,24.32115242921666,25.315851402282714
2015-10-08,24.538026809692383,24.69265053942736,24.24894848047104,24.69265053942736,247918400,42.26066628851708,-0.2240735915494625,-0.17637002794398562,26.332205644744594,24.230701192718787,25.28145341873169
2015-10-09,25.125150680541992,25.161004447325563,24.535788681322455,24.65007587545633,211064400,49.57352689635087,-0.19145476506371395,-0.1793869753679313,26.300771869609353,24.215300022175317,25.258035945892335
2015-10-12,25.008621215820312,25.266326887429173,24.972767450292466,25.26184580786937,121868800,48.266888173772365,-0.17301268149782345,-0.17811211659390974,26.228934299029905,24.203999317608275,25.21646680831909
2015-10-13,25.05119514465332,25.199094681953888,24.8024533817687,24.83382606270164,132197200,48.79787815536984,-0.15319589029002856,-0.17312887133313354,26.103709994653595,24.22860564102756,25.166157817840578
2015-10-14,24.697141647338867,24.990701174886457,24.551481726379123,24.939161050501177,177849600,44.68982355978661,-0.16416767599231363,-0.1713366322649696,25.953597202238672,24.239782581391697,25.096689891815185
2015-10-15,25.066879272460938,25.1206607622154,24.75987325365055,24.85847407626933,150694000,49.47352142120105,-0.1413982083590959,-0.16534894748379486,25.907299741188467,24.239916292747083,25.073608016967775
2015-10-16,24.883129119873047,25.098256830400224,24.76884193595193,25.048956409505504,156930400,47.28475900731392,-0.13660563810237036,-0.15960028560751,25.868152781534214,24.2250574388027,25.046605110168457
2015-10-19,25.037750244140625,25.042231322989416,24.674721308804735,24.82934502917273,119036800,49.316724257845124,-0.11895956729752655,-0.1514721419455133,25.749226346395197,24.26599963627082,25.00761299133301
2015-10-20,25.49490165710449,25.584538642829024,24.833832093042265,24.950358977705847,195871200,54.857170894325705,-0.06731071458097304,-0.13463985647260526,25.763228936922594,24.26028829025026,25.011758613586426
2015-10-21,25.49266624450684,25.900512973708693,25.47921958310037,25.54644776108192,167180800,54.82561024822427,-0.02625633907486602,-0.11296315299305743,25.738466617392042,24.272502353860396,25.00548448562622
2015-10-22,25.88258171081543,25.88258171081543,25.56885310571736,25.620394929783124,166616400,59.23150949987626,0.03731235516194076,-0.0829080513620578,25.768673528583008,24.253500352947754,25.01108694076538
2015-10-23,26.68482780456543,26.71844188608165,26.068575912273158,26.151488709038865,237467600,66.4761657642665,0.1506885150464825,-0.03618873808034973,26.074041221637778,24.04606127927775,25.060051250457764
2015-10-26,25.83328056335449,26.471941310810404,25.75260744686708,26.460737756104727,265335200,55.25258206294108,0.16986904824920757,0.005022819185561727,26.159560958243336,24.02418385376838,25.09187240600586
2015-10-27,25.669692993164062,26.11563479027545,25.54420053688064,25.8601705077346,279537600,53.38777606815658,0.1699109812190649,0.03800045159226236,26.205270616143196,24.101500662238152,25.153385639190674
2015-10-28,26.72739791870117,26.73412210120959,26.00806426175372,26.2030245221103,342205600,62.25750905824804,0.2523828489024673,0.08087693105430335,26.488202448878756,24.019578579868803,25.25389051437378
2015-10-29,27.0097599029541,27.045615379108888,26.50331241520856,26.599671870270544,204909200,64.2151639571806,0.3366460049606097,0.13203074583556462,26.784596734577836,23.968563742106735,25.376580238342285
2015-10-30,26.77894592285156,27.1643837444118,26.76774065909424,27.11284192468461,197461200,61.411068474385004,0.380415214229199,0.1817076395142915,26.979366750226173,23.978165369524806,25.47876605987549
2015-11-02,27.155420303344727,27.195756859950347,26.803596557828087,27.070266110369857,128813200,64.1601015973246,0.4404042579492966,0.23344696320129255,27.230593407375817,23.959993827121256,25.595293617248537
2015-11-03,27.46690559387207,27.67306944241472,27.047853713081217,27.068022844831653,182076000,66.29926236143035,0.5072331984791951,0.28820421025687304,27.51761716739304,23.925297223170922,25.72145719528198
2015-11-04,27.339168548583984,27.747015092970628,27.25401437678732,27.592391379490792,179544400,64.59651678090003,0.5436217699428418,0.33928772219406683,27.724829645155264,23.969514684678717,25.84717216491699
2015-11-05,27.213144302368164,27.611485208849075,27.046607179020967,27.42244163026454,158210800,62.88066366517399,0.5558829983721552,0.3826067774296845,27.84759317849132,24.114262900610246,25.980928039550783
2015-11-06,27.244653701782227,27.4134418290614,27.145632501339545,27.255906930401487,132169200,63.14426450528407,0.561668095261517,0.41841904099605104,27.98754659288569,24.1862597883399,26.086903190612794
2015-11-09,27.134370803833008,27.413433273076155,27.01734516092494,27.222140465264328,135485600,61.49814511031608,0.5510023064323164,0.44493569408330413,28.078437737697318,24.30794360232954,26.19319067001343
2015-11-10,26.279184341430664,26.57175110364436,26.119398460129865,26.308442047852964,236511600,50.503395736870175,0.468146687910874,0.4495778928488181,28.065591277795868,24.443588981908725,26.254590129852296
2015-11-11,26.130651473999023,26.42546750582627,25.92810538774302,26.18916516936221,180872000,48.86919670596836,0.3860475365344449,0.43687182158594345,27.992734539757713,24.659796702612894,26.326265621185303
2015-11-12,26.04288482666016,26.29044042006532,26.02713133572533,26.164412492586703,130102400,47.883236264410165,0.3103241094685103,0.41156227916245686,27.945557200373916,24.804574597416615,26.375065898895265
2015-11-13,25.282203674316406,26.009118445553383,25.26645018847541,25.92584903925033,183249600,40.29511121256024,0.18677906346671236,0.366605636023308,27.897865201146804,24.892174052088063,26.395019626617433
2015-11-16,25.69630241394043,25.70980491355159,24.980640745523743,25.066159438063565,152426800,45.37044471973341,0.12088949311090502,0.3174624074408274,27.836284206366592,25.01961026384825,26.42794723510742
2015-11-17,25.586027145385746,25.892096384430133,25.502757727542303,25.86283868024117,110467600,44.2906877530454,0.059092064792324095,0.26578833891112674,27.829278746787146,25.035728272255824,26.432503509521485
2015-11-18,26.39621353149414,26.441223013208187,25.99337231724725,26.051886017076846,186698800,53.11837837931755,0.07463211540273917,0.22755709420944925,27.806748841282342,25.148612906459356,26.47768087387085
2015-11-19,26.73153686523437,26.94983644140062,26.276934951724414,26.474979060688888,173183200,56.211140109141816,0.11270630002091764,0.20458693537174294,27.82445772486295,25.215799538320642,26.520128631591795
2015-11-20,26.848562240600582,26.98809264350808,26.74728834619848,26.826055786065844,137148400,57.270569204464174,0.15058745694447495,0.19378703968628935,27.838717908903803,25.217912797883308,26.528315353393555
2015-11-23,26.499736785888672,26.945338210890085,26.407465116019043,26.84181331206017,129930000,53.143240125466455,0.15072379766888488,0.1851743912828085,27.832961055666896,25.290315273373633,26.561638164520264
2015-11-24,26.754039764404297,26.859813920179256,26.35795157371696,26.40521203793529,171212800,55.65244017388211,0.16939924469729917,0.18201936196570664,27.821174652410328,25.410536353754225,26.615855503082276
2015-11-25,26.5627498626709,26.83281189570902,26.53799413338403,26.828309917474165,85553200,53.33861751973064,0.16684093616593643,0.1789836768057526,27.812031196245595,25.40321500431593,26.60762310028076
2015-11-27,26.51323509216309,26.64826695031528,26.465974628610372,26.621260235284563,52185600,52.72751987306102,0.15898534595223524,0.17498401063504915,27.773415400815868,25.392178318666556,26.58279685974121
2015-11-30,26.623517990112305,26.873324587376725,26.49973932768333,26.55375105446968,156721200,53.99185346439531,0.15981637857332487,0.17195048422270431,27.76244606383,25.387604862378492,26.575025463104247
2015-12-01,26.40746116638184,26.738286131114823,26.299437739327036,26.72478363198333,139409600,51.10791522697481,0.14141090105780307,0.16584256758972407,27.696341094212123,25.378913918300086,26.537627506256104
2015-12-02,26.168914794921875,26.580758297623625,26.12390530788423,26.407468166824764,133546400,48.05585209906509,0.10634979472766659,0.1539440130173126,27.559119993915374,25.386335938701812,26.472727966308593
2015-12-03,25.925853729248047,26.283685425226995,25.7053048875768,26.22967370928731,166278000,45.10046973218985,0.058278816783033704,0.1348109737704568,27.436442948079513,25.367681502604082,26.402062225341798
2015-12-04,26.78779411315918,26.837305559561575,25.90559546617463,25.94610467532194,231108000,55.54199376623112,0.08871100067934634,0.12559097915223472,27.36381111577402,25.397778315988674,26.380794715881347
2015-12-07,26.619007110595703,26.9745877701295,26.513232964797563,26.77654369346573,128336800,53.400167034386364,0.09807843799271154,0.12008847092033008,27.25753521939512,25.441489553248925,26.349512386322022
2015-12-08,26.60775756835937,26.691025267759507,26.29943734579293,26.447969985021057,137238000,53.25277106280953,0.10340249590321449,0.11675127591690697,27.166905505228883,25.4794579438678,26.32318172454834
2015-12-09,26.020381927490234,26.48623715469664,25.89885425295789,26.474983924517,185445600,46.09806980692981,0.05953921384464067,0.1053088635024537,27.164144654944764,25.45633855275787,26.310241603851317
2015-12-10,26.14415740966797,26.31744752951509,25.99562473822935,26.114901416642635,116850800,47.692895954518946,0.03436871264660368,0.09112083333128371,27.164271964794548,25.457561836474984,26.310916900634766
2015-12-11,25.471250534057617,25.96861261400865,25.39698335529081,25.92360313918105,187544800,40.651059675291684,-0.039422612701361714,0.06501214412475462,27.205149842790444,25.35952052921883,26.282335186004637
2015-12-14,25.313718795776367,25.358728276188195,24.708331497328068,25.24620285815701,257274800,39.19214774403453,-0.10935370299127456,0.03013897470154878,27.199972016951637,25.367849867203635,26.283910942077636
2015-12-15,24.86587142944336,25.385740133547102,24.834364443376703,25.19219623799367,213292400,35.31217788987118,-0.19862253853283107,-0.015613327945327188,27.321918082656662,25.162860703048903,26.242389392852782
2015-12-16,25.057147979736328,25.2034313007055,24.48552062450435,24.996385036841883,224954000,38.129455322381304,-0.2510404764576002,-0.0626987576477818,27.381012909819862,25.05087795932076,26.215945434570312
2015-12-17,24.526031494140625,25.261946691270023,24.526031494140625,25.21018426328188,179091200,33.73593559914087,-0.331616067968028,-0.11648221971183104,27.49614260451404,24.748730060891234,26.122436332702637
2015-12-18,23.862136840820312,24.647563678113645,23.81262538845773,24.51028426520113,385813200,29.2057642715033,-0.44392624941094283,-0.1819710256516534,27.637979418551332,24.319953244412538,25.978966331481935
2015-12-21,24.15470314025879,24.16370537843468,23.7586132455266,24.14344991328859,190362400,33.447063388654655,-0.5035209460345342,-0.24628100972822958,27.631478872114897,24.05706788081479,25.844273376464844
2015-12-22,24.132204055786133,24.242478494517847,23.956662945741535,24.170462289243822,131157600,33.281930058482345,-0.5462686159849177,-0.30627853097956725,27.633345608722344,23.818447871197087,25.725896739959715
2015-12-23,24.44277572631836,24.49678745567982,24.12545316769071,24.141206660296216,130629600,37.84379977672618,-0.5487601487413656,-0.3547748545319269,27.534601207532084,23.68606586857876,25.61033353805542
2015-12-24,24.312236785888672,24.5305363288565,24.294232310447736,24.5305363288565,54281600,36.70769230743638,-0.5548718901803653,-0.39479426166161463,27.4491534807788,23.546462287653814,25.497807884216307
2015-12-28,24.03992462158203,24.235719421321345,23.89589225752135,24.213212969373373,106816800,34.38843600466595,-0.5750598729028411,-0.43084738390985994,27.365484427975318,23.382800293399193,25.374142360687255
2015-12-29,24.47202682495117,24.62731244741854,24.04893188178116,24.071436621428216,123724800,40.782086423679736,-0.5498535881812856,-0.45464862476414514,27.208146717100576,23.324988887757826,25.2665678024292
2015-12-30,24.152448654174805,24.463018099766103,24.120941683622117,24.43601310615015,100855200,37.844776637829604,-0.5493323520860898,-0.4735853702285341,27.07912303026488,23.228511323372814,25.153817176818848
2015-12-31,23.68884658813477,24.08718573014664,23.589823691295116,24.08268546983632,163649200,34.017137263132085,-0.5796462794781014,-0.4947975520784476,26.99664837480237,23.062979158156615,25.029813766479492
2016-01-04,23.7091007232666,23.7136027006519,22.955180909349973,23.09246203057972,270597600,34.329635461632904,-0.5951751374017462,-0.5148730691431074,26.92086959564635,22.91708263671449,24.91897611618042
2016-01-05,23.114971160888672,23.82163064861039,23.047456940285645,23.79912590840938,223164000,29.861913484337478,-0.6479539497264675,-0.5414892452597795,26.691114059701185,22.779555877432607,24.735334968566896
2016-01-06,22.662616729736328,23.0384529014461,22.475825855355318,22.63110975251536,273829600,26.982634973926068,-0.7180060342354686,-0.5767926030549173,26.491518938938825,22.58351196010903,24.537515449523926
2016-01-07,21.70615005493164,22.534337108884632,21.70164979418796,22.20801411942277,324377600,22.12499887151415,-0.8410070769635745,-0.6296354978366487,26.371862299775003,22.213007847930072,24.292435073852538
2016-01-08,21.820924758911133,22.304784308939336,21.775915286955563,22.178756413862704,283192000,23.89556283065241,-0.9186354722084431,-0.6874354927110077,26.266993232455242,21.897931198391923,24.082462215423583
2016-01-11,22.17425537109375,22.293532022104596,21.906444365766596,22.273278273971293,198957600,29.22993047415069,-0.9408007419018638,-0.7381085425491789,26.00356797209302,21.764366254896725,23.883967113494872
2016-01-12,22.49608421325684,22.66037209985096,22.244026626852737,22.628865116175675,196616800,33.78267203076814,-0.9217723618947886,-0.7748413064183008,25.80536379429002,21.66505380061965,23.735208797454835
2016-01-13,21.91770362854004,22.772897603259665,21.89744987482916,22.577102732378627,249758400,30.04218373764303,-0.942498180762442,-0.8083726812871291,25.646883180815085,21.483932897370952,23.56540803909302
2016-01-14,22.39706039428711,22.61311072662906,21.546368434822075,22.04598160898453,252680400,36.33394297792686,-0.9097563517728062,-0.8286494153842646,25.49290744848234,21.39102752618807,23.441967487335205
2016-01-15,21.859188079833984,21.989717982749493,21.460848837421395,21.64989072412521,319335600,32.772319215964046,-0.9166435210760717,-0.846248236522626,25.30280247197192,21.261336512708258,23.28206949234009
2016-01-19,21.7534122467041,22.201262880477756,21.492352481407988,22.14725116652048,212350800,32.10580258843724,-0.92003132962801,-0.8610048551437028,25.184114374535827,21.102762685400695,23.14343852996826
2016-01-20,21.78266906738281,22.09774055868971,21.024247186087106,21.40233263225508,289337600,32.514628873803105,-0.9098670306373187,-0.870777290242426,25.134256131837112,20.94467415075566,23.039465141296386
2016-01-21,21.67239570617676,22.027974714138363,21.36632643874029,21.84343310144887,208646000,31.738871697743193,-0.900331428838971,-0.876688117961735,25.025220713820712,20.80547882536386,22.915349769592286
2016-01-22,22.824657440185547,22.833659680480253,22.138253358481556,22.19676534489448,263202000,46.186680701408015,-0.790682013562197,-0.8594868970818275,24.88466081021871,20.815284067405802,22.849972438812255
2016-01-25,22.379053115844727,22.84940848500449,22.32729067401783,22.84715749614208,207178000,42.44522735589712,-0.7313105144914864,-0.8338516205637594,24.653174463365506,20.84039815321164,22.746786308288574
2016-01-26,22.50283432006836,22.70312944196152,22.070737094209072,22.489331818323304,300308000,43.80697301460237,-0.6665860756861512,-0.8003985115882378,24.42361692339273,20.889015446602386,22.656316184997557
2016-01-27,21.024250030517575,21.746663054200557,21.00624555040668,21.61388387663656,533478800,33.584975702612724,-0.7262293666639579,-0.7855646826033819,24.28942216417144,20.72164274671723,22.505532455444335
2016-01-28,21.175037384033203,21.27180933526747,20.79245155841048,21.10752314733615,222715200,35.24445930756467,-0.7526537018599768,-0.7789824864547008,23.969849796562972,20.711516170233903,22.340682983398438
2016-01-29,21.906442642211918,21.906442642211918,21.233541274149022,21.33256416923565,257666000,42.72068325096576,-0.7064335598157108,-0.7644727011269028,23.63726629782354,20.81949906777705,22.228382682800294
2016-02-01,21.70165061950684,21.764664574323376,21.46984854985964,21.710652858337983,163774000,41.28347003303125,-0.6785073584889467,-0.7472796325993116,23.38375868606062,20.874287082677174,22.129022884368897
2016-02-02,21.26280212402344,21.61388085204832,21.217790930044934,21.474348726217197,149428800,38.309251082933315,-0.6839034356248987,-0.734604393204429,23.08617849565182,20.92723741316166,22.00670795440674
2016-02-03,21.683643341064453,21.79391774774974,21.17277880164377,21.379825117012427,183857200,42.58132030878487,-0.646765980903357,-0.7170367107442147,22.89430491657723,20.975978210253825,21.935141563415527
2016-02-04,21.85787773132324,22.023057072641603,21.53883506702146,21.69043691265648,185886800,44.30107056255511,-0.5964000923014119,-0.6929093870556542,22.794275619209397,20.99553360778035,21.894904613494873
2016-02-05,21.27409172058105,21.93028083623896,21.19942327595188,21.83977169505885,185672400,39.98028643561704,-0.5967128802388508,-0.6736700856922936,22.80976180527266,20.936841588282025,21.873301696777343
2016-02-08,21.498104095458984,21.65423060804116,21.052347960750858,21.072711612963055,216085600,42.3056179806198,-0.5722878621911534,-0.6533936409920655,22.807698081215694,20.90662324599378,21.857160663604738
2016-02-09,21.49356460571289,21.7085239195813,21.253716974173752,21.33517498607712,177324800,42.26987903939236,-0.5469917775786435,-0.6321132683093812,22.77455588683002,20.87169636384137,21.823126125335694
2016-02-10,21.330663681030277,21.801309921553056,21.292197849935643,21.70401287881343,169374400,40.93351770769128,-0.5339343288958993,-0.6124774804266848,22.686574077089436,20.843136120359294,21.764855098724365
2016-02-11,21.20168113708496,21.432479494048906,20.95051913314548,21.22204651037848,200298800,39.859005325350616,-0.5279086181469879,-0.5955637079707454,22.67942202948387,20.778685918819352,21.72905397415161
2016-02-12,21.26730728149414,21.38270649834648,21.04556166232376,21.312562722572785,161405600,40.71177440291532,-0.511936433041587,-0.5788382529849138,22.591169337124974,20.75396329989895,21.67256631851196
2016-02-16,21.86693572998047,21.91445266409181,21.407603640585005,21.500374304425492,196231600,47.97108867751999,-0.44575497095107863,-0.5522215965781467,22.591877671109984,20.754029730928593,21.67295370101929
2016-02-17,22.20180892944336,22.222172580506005,21.75605281989877,21.87371349855906,179452800,51.53967582144605,-0.36211003777827244,-0.5141992848181719,22.642502629824914,20.748244440487586,21.69537353515625
2016-02-18,21.78094482421875,22.37603960702868,21.7424772693542,22.36472531565937,156084000,47.16157233708232,-0.3260228530849787,-0.4765639984715333,22.642384931141347,20.74818971485475,21.69528732299805
2016-02-19,21.731164932250977,21.89408106229437,21.67686013100935,21.722113844324287,141496800,46.656730442735935,-0.2980051031479469,-0.44085221940681607,22.645385737253964,20.751065831349553,21.69822578430176
2016-02-22,21.921232223510746,21.92575863055565,21.704011295953997,21.79225724382647,137123200,48.90567077437956,-0.25749574189282143,-0.40418092390401716,22.45625245957437,20.849856587361668,21.65305452346802
2016-02-23,21.425695419311523,21.83524717134706,21.394017478619176,21.812620317469428,127770400,43.729314236321876,-0.2623532154109043,-0.3758153822053946,22.34088759500517,20.86988568227754,21.605386638641356
2016-02-24,21.74472999572754,21.808085853704824,21.115694368213543,21.26503465600371,145022800,47.57645328424099,-0.2377190963686857,-0.34819612503805286,22.182310895692563,20.952651949156067,21.567481422424315
2016-02-25,21.894081115722656,21.894081115722656,21.552409882510005,21.73342818884852,110330800,49.3231624305159,-0.2037957616622812,-0.31931605236289856,22.187828784433222,21.03411716893592,21.61097297668457
2016-02-26,21.92802047729492,22.179180810555707,21.853350302540388,21.99363783851977,115964400,49.73304237002969,-0.1721877781439467,-0.2898903975191082,22.204669470057738,21.092574792637578,21.648622131347658
2016-02-29,21.87823867797852,22.226697740378796,21.86918759146339,21.916704500929125,140865200,49.10566284627664,-0.14943263227711867,-0.26179884447071033,22.200774176053123,21.093649690218847,21.647211933135985
2016-03-01,22.747119903564453,22.80142469069322,22.043413968591395,22.095457279065084,201628400,58.86047830149705,-0.06058912812073203,-0.22155690120071467,22.432198090767905,20.966772703909832,21.69948539733887
2016-03-02,22.796894073486328,22.82857200158725,22.54573212474499,22.742589300501542,132678400,59.341242363199086,0.013678669353065942,-0.17450978708995857,22.622391043190007,20.929988946434015,21.77618999481201
2016-03-03,22.96660423278809,23.014121137835684,22.72901798123201,22.758434441250586,147822800,61.01413633280746,0.08524794025999682,-0.12255824161996749,22.830944198651384,20.849731880145004,21.840338039398194
2016-03-04,23.30828094482422,23.475721753965253,22.937194975204367,23.163466992110056,184220400,64.20716374144733,0.16760550628670856,-0.06452549203863228,23.092338430722563,20.73337796942392,21.91285820007324
2016-03-07,23.05033493041992,23.26755589668453,22.84442653114648,23.167995639777043,143315600,60.19867606458039,0.20964374055701995,-0.009691645519501836,23.241343444260664,20.761997276869707,22.001670360565186
2016-03-08,22.860261917114254,23.02544125138635,22.717711165909574,22.80369391208277,126247600,57.35709197482329,0.2250280570514569,0.03725229499468992,23.34058693538164,20.79896956791426,22.06977825164795
2016-03-09,22.88062286376953,22.98470776570407,22.68829030286975,22.923613365367988,108806800,57.588045210879486,0.23614110922842002,0.07703005784143595,23.427853310084682,20.850409019016883,22.139131164550783
2016-03-10,22.891944885253903,23.134055930864985,22.661148133659346,22.946251424950532,134054400,57.725155469257906,0.2430600309187696,0.11023605245690268,23.489614394547083,20.944776054976842,22.217195224761962
2016-03-11,23.13856506347656,23.14308974191366,22.96659793546768,23.134038658721863,109632800,60.70509351515546,0.2653843281592394,0.14126570759737003,23.557046280949187,21.071032561213897,22.314039421081542
2016-03-14,23.197399139404297,23.28564678653803,23.02995838276895,23.059374840586177,100304400,61.404052885202425,0.28454386820046196,0.16992133971798842,23.61252103200207,21.208566995952033,22.410544013977052
2016-03-15,23.66352081298828,23.79928363696549,23.498341530832064,23.523231583298315,160270800,66.48972856517301,0.33349573400925436,0.20263621857624162,23.791636119270304,21.209110416984576,22.50037326812744
2016-03-16,23.97804450988769,24.054976162517963,23.66578803991725,23.670314446729847,153214000,69.41800165850611,0.393138023680379,0.2407365795970691,24.022601926235268,21.15576816806405,22.58918504714966
2016-03-17,23.9395751953125,24.09117700139507,23.74950584220155,23.87621759339676,137682800,68.62808500163206,0.4323173306796164,0.27905272981357854,24.194496730297097,21.199736401111593,22.697116565704345
2016-03-18,23.96672248840332,24.09796062254189,23.8015449457098,24.06175628499284,176820800,68.89705721243212,0.4602522717298001,0.31529263819682285,24.33465245499456,21.283136432029366,22.808894443511964
2016-03-21,23.9644718170166,24.35818467062962,23.790241385061908,23.968996498091386,142010800,68.84435789648073,0.47671404068437084,0.3475769186943325,24.458852339678288,21.36326050669622,22.911056423187254
2016-03-22,24.14774513244629,24.27672008745704,23.806073971295017,23.815125057334843,129777600,70.80282790547477,0.4987988929117222,0.37782131353781045,24.52573828887516,21.568579528812826,23.047158908843993
2016-03-23,24.01424598693848,24.22694221270348,23.96220439530553,24.093442565514504,102814000,67.47553898152648,0.49976801746059607,0.40221065432236763,24.568639404166902,21.75263001264218,23.16063470840454
2016-03-24,23.9101619720459,24.041400147165657,23.733670087176467,23.86490826229623,104532000,64.91418414722726,0.486528942714461,0.4190743120007864,24.578009306207328,21.944868196234076,23.2614387512207
2016-03-28,23.801549911499023,24.02782188943492,23.772133449523714,23.98482966120528,77645600,62.25835738316827,0.46194774892141766,0.4276489993849127,24.53875370460219,22.171476741259628,23.35511522293091
2016-03-29,24.36496925354004,24.389859311874837,23.731406957175352,23.733670160565342,124760400,69.27975012954619,0.48236974974300395,0.438593149456531,24.531540118986264,22.427363384431708,23.479451751708986
2016-03-30,24.790355682373047,24.984949708411342,24.5731348053271,24.58444909398996,182404400,73.31609621122297,0.5268067618065047,0.45623587192652576,24.722478845585485,22.440748235713343,23.581613540649414
2016-03-31,24.661380767822266,24.867289082816846,24.63649071378296,24.82656006041781,103553600,70.3001325934415,0.5453299916150911,0.4740546958642389,24.848223175350697,22.501452575381727,23.67483787536621
2016-04-01,24.887657165527344,24.88992036893003,24.48263007236564,24.61386824862732,103496000,72.44200260953505,0.5716784456511164,0.4935794458216144,25.009355606750145,22.532425437256205,23.770890522003175
2016-04-04,25.143346786499023,25.38545777213109,24.951014193778747,24.98495534110106,149424800,74.665372172708,0.6062038600799156,0.5161043286732747,25.216913659839875,22.508373968333956,23.862643814086915
2016-04-05,24.846925735473636,25.05509727045029,24.75867980079629,24.779045176816258,106314800,67.83279793313963,0.6026992563730431,0.5334233142132284,25.31759696250283,22.58734974617637,23.9524733543396
2016-04-06,25.10714340209961,25.111669809286663,24.70890415924688,24.941965792461293,105616400,70.39407292372225,0.6138432211042293,0.5495072955914286,25.42170545661718,22.707929400560555,24.064817428588867
2016-04-07,24.55956268310547,24.98495341463235,24.464528858985368,24.87860530017105,127207600,59.63362847492378,0.571897230462703,0.5539852825656836,25.406320760774957,22.891208078336373,24.148764419555665
2016-04-08,24.58671760559082,24.837877950218115,24.475843076973312,24.64328560848277,94326800,59.96049311337449,0.5346824198681652,0.5501247100261799,25.362735952665066,23.104270158479952,24.23350305557251
2016-04-11,24.66817092895508,25.02794428109636,24.62518042590393,24.656858365549297,117630000,60.98112216468139,0.5059299710397624,0.5412857622288965,25.334570770964312,23.28539592672856,24.309983348846437
2016-04-12,24.989482879638672,25.003058648654925,24.586718953183524,24.74058227221714,108929200,64.79357030284646,0.5032692625131823,0.5336824622857537,25.32826344385373,23.470911627862577,24.399587535858153
2016-04-13,25.35151481628418,25.41939537976788,25.070938022651205,25.070938022651205,133029200,68.52518691119145,0.5243294400949807,0.5318118578475991,25.436258190048303,23.531716281997593,24.483987236022948
2016-04-14,25.36509323120117,25.43071232450725,25.1908645344577,25.256483627763775,101895600,68.659361338274,0.5359374933493726,0.5326369849479539,25.549158367860777,23.557520976316468,24.553339672088622
2016-04-15,24.855981826782227,25.41034932885933,24.82883028837945,25.36735709129684,187756000,58.57660602020112,0.4983116966195382,0.5257719272822707,25.56157049398129,23.63674951334293,24.59916000366211
2016-04-18,24.319711685180664,24.652330025365917,24.197524616282408,24.638754259816587,243286000,50.212049966037114,0.42037464575906824,0.5046924709776303,25.54450055893365,23.689118368068307,24.616809463500978
2016-04-19,24.190736770629883,24.43737238551769,24.03687176433501,24.41021912805927,129539600,48.42119462570042,0.34423366234855735,0.4726007092518157,25.528843265610515,23.727402156752763,24.62812271118164
2016-04-20,24.240516662597656,24.457737556836925,23.99840571238447,24.1296438754618,122444000,49.17466501232396,0.28462720049047974,0.43500600749954854,25.524448798957618,23.7410737764208,24.63276128768921
2016-04-21,23.97804450988769,24.195265426295872,23.87622107242492,24.195265426295872,126210000,45.4081261236763,0.2137454167616717,0.3907538893519732,25.527785696144885,23.734116731528456,24.63095121383667
2016-04-22,23.912429809570312,24.09344813628642,23.672581994042368,23.760827953578826,134732400,44.49069631208029,0.15054118940737737,0.3427113493630541,25.527535025017226,23.734594186408554,24.63106460571289
2016-04-25,23.77665901184082,23.90563396563344,23.6476840580482,23.75855683993214,112126400,42.57391418087041,0.08847591984473979,0.29186426345939126,25.530950392759408,23.72868972870055,24.62982006072998
2016-04-26,23.61148452758789,23.826443978608584,23.51192601443075,23.51192601443075,224064800,40.29922770394767,0.025664699422556225,0.23862435065202425,25.592011187658418,23.592280461206325,24.59214582443237
2016-04-27,22.133922576904297,22.33530447882034,21.649700731137848,21.72210768771083,458408400,26.605185136003897,-0.14170703571400267,0.1625580733788189,25.918734753443346,22.999913584874527,24.459324169158936
2016-04-28,21.457368850708008,22.147497243695007,21.326130708952,22.08640457843228,328970800,22.786951848030483,-0.32519393985415235,0.06500767073222465,26.25396476962934,22.344282376977105,24.299123573303223
2016-04-29,21.21073341369629,21.43248069790953,20.93241986482325,21.267301404674168,274126000,21.57156191169433,-0.48492019374433326,-0.04497790216308694,26.46571624214722,21.764838529276123,24.11527738571167
2016-05-02,21.1881103515625,21.287670585909357,20.907533549506745,21.26278052732264,192640400,21.458501804444765,-0.6063403783157533,-0.1572503973936202,26.53866033216717,21.29637079576252,23.917515563964844
2016-05-03,21.536563873291016,21.66327561053489,21.197155954543828,21.31481660679629,227325200,27.740541246486373,-0.6667634285592818,-0.25915300362675253,26.530817450014524,20.9731774916969,23.751997470855713
2016-05-04,21.31255340576172,21.69947819466698,21.228832171104003,21.54108680961058,164102000,26.285021976178285,-0.7243747624440502,-0.3521973553902121,26.460671792889766,20.66386414918787,23.562267971038818
2016-05-05,21.226043701171875,21.414993245805714,21.098560508083136,21.399057846669624,143562000,25.7236928916179,-0.7681579234043099,-0.43538946899303166,26.425821492753037,20.36536255113124,23.39559202194214
2016-05-06,21.107669830322266,21.27385305499418,20.90961406582097,21.2556424081569,174799600,24.938887495412047,-0.8031499631599885,-0.5089415678264231,26.356031834439065,20.087247431918357,23.22163963317871
2016-05-09,21.123611450195312,21.346707136876383,21.07808047762743,21.171417668769827,131745600,25.269551966456618,-0.8201409766178962,-0.5711814495847177,26.231985869470734,19.856837449010712,23.044411659240723
2016-05-10,21.26702880859375,21.30117660172933,20.9688083379894,21.246541174809742,134747200,28.328505976064747,-0.8126659873281454,-0.6194783571334033,26.004273738182473,19.71230417319448,22.858288955688476
2016-05-11,21.059873580932617,21.301181699672124,21.048490401553487,21.28069406098488,114876400,26.6327247459093,-0.8140735667313237,-0.6583973990529874,25.66308811205105,19.62432567579075,22.6437068939209
2016-05-12,20.56587028503418,21.121336033753508,20.367816184370167,21.10767760938472,305258800,23.083974954151074,-0.8453068497914522,-0.6957792892006804,25.27926827422832,19.528223218996782,22.40374574661255
2016-05-13,20.60684967041016,20.868647167575045,20.48847259296681,20.48847259296681,177571200,23.9887856537665,-0.8568752334149394,-0.7279984780435322,24.935583822161554,19.446994455426335,22.191289138793945
2016-05-16,21.37174797058105,21.487849775426163,20.864090236678617,21.032550487061453,245039200,38.52529921410425,-0.795156293694177,-0.7414300411736612,24.62701724626363,19.4607646598643,22.043890953063965
2016-05-17,21.282968521118164,21.55842443098928,21.17369764516445,21.52427836777203,187667600,37.62587893393719,-0.7448215101812892,-0.7421083349751868,24.303081813828996,19.49392326734776,21.898502540588378
2016-05-18,21.52655029296875,21.67452291245479,21.37402544469915,21.43549182266564,168249600,41.65089722970814,-0.6774664072793328,-0.729179949436016,23.916640105387568,19.608968338826298,21.762804222106933
2016-05-19,21.444595336914062,21.544761734036086,21.30117668934936,21.544761734036086,121768400,40.69927364210353,-0.6235126176564734,-0.7080464830801076,23.537083850542146,19.735179676374358,21.636131763458252
2016-05-20,21.676803588867188,21.724609814970933,21.517447765025423,21.544766352868685,128104000,44.56400902356636,-0.555611837965305,-0.6775595540571472,23.11421298482373,19.934487920022463,21.524350452423096
2016-05-23,21.95225524902344,22.12526946484356,21.779241033203316,21.824772004118586,152074400,48.82463243369824,-0.4741081107536047,-0.6368692653964387,22.664560373813003,20.20170015475145,21.433130264282227
2016-05-24,22.28689765930176,22.330149905114894,22.04558788632102,22.132095851604745,140560800,53.500379510446784,-0.37815385173928817,-0.5851261826650087,22.20093515554292,20.53286668619292,21.36690092086792
2016-05-25,22.67845344543457,22.705770285464567,22.334702068152215,22.462185286501768,152675200,58.301155193126704,-0.26743134846973504,-0.521587215825954,22.352781482549073,20.435473446039797,21.394127464294435
2016-05-26,22.858304977416992,22.93115280482657,22.455364075159952,22.69211994844838,225324800,60.327248786245974,-0.16328816702097626,-0.4499274060649585,22.61628301975048,20.312065521509286,21.464174270629883
2016-05-27,22.844640731811523,22.87195931351737,22.59422647840904,22.63748046523608,145364800,60.08836752346091,-0.08092369782001185,-0.3761266644159692,22.837747771289518,20.253991501781773,21.545869636535645
2016-05-31,22.73309326171875,22.85602427612958,22.49633742694555,22.67390386881822,169228800,58.066948633257674,-0.02436929708226998,-0.3057751909492294,23.00202452181325,20.24421304227366,21.623118782043456
2016-06-01,22.414384841918945,22.660246886366743,22.38479101200226,22.541868093041938,116693200,52.62020487081499,-0.005206614356307426,-0.24566147563064503,23.08736097990826,20.246658681041446,21.667009830474854
2016-06-02,22.24592399597168,22.273240842302982,21.99778497521207,22.218605412811385,160766400,49.95298097381735,-0.00357225389892335,-0.1972436312843007,23.145665102908836,20.281691617061867,21.71367835998535
2016-06-03,22.29145050048828,22.37112752057621,22.18445490058645,22.26185667497813,114019600,50.68055160896342,0.001380681337089129,-0.15751876876002274,23.20167575852411,20.332221641378233,21.766948699951172
2016-06-06,22.45308494567871,23.19522331053951,22.20722463719253,22.307389304787257,93170000,53.27757928104051,0.018139367747028956,-0.12238714145861242,23.265151731624268,20.40328717981372,21.834219455718994
2016-06-07,22.54414176940918,22.73536835487594,22.528206365356013,22.59422496409878,89638000,54.7239840155793,0.03832646847693866,-0.0902444194715022,23.329041359065656,20.481450584293718,21.905245971679687
2016-06-08,22.523658752441406,22.664800435311093,22.464469352331687,22.54186940592744,83392400,54.31663798300937,0.05207183130235293,-0.06178116931673118,23.38456070598228,20.55159423176186,21.96807746887207
2016-06-09,22.685283660888672,22.762683693508933,22.414380073060425,22.42348626575022,106405600,57.03436639416153,0.07514073411802613,-0.03439678862977972,23.434236150916647,20.664459794823102,22.049347972869874
2016-06-10,22.49860954284668,22.616986566211928,22.41893253319425,22.43031397067114,126851600,53.10481985843332,0.07746697352732568,-0.012024036198358639,23.362860622466894,20.929109249054104,22.1459849357605
2016-06-13,22.1594181060791,22.56463597874856,22.104782671438503,22.466746550901703,152082000,46.79584798445232,0.05134870490611476,0.0006505120225360414,23.215041805000823,21.23218491008707,22.223613357543947
2016-06-14,22.18673515319824,22.41893877376884,22.02510410667469,22.15486434046565,127727600,47.33846291312501,0.03247964117072044,0.007016337852172922,23.176188027926095,21.35253740542351,22.264362716674803
2016-06-15,22.1138858795166,22.403001894795192,22.0888442801829,22.2686877041118,117780800,45.991366487965614,0.01151471024479278,0.007916012330696894,23.10366976688139,21.50814740230806,22.305908584594725
2016-06-16,22.207218170166016,22.25274739337501,21.870296013202434,21.956802232030935,125307200,48.031759947793,0.00240328372790799,0.006813466610139113,23.055663926286098,21.624220030623082,22.33994197845459
2016-06-17,21.70183753967285,22.002334952651616,21.69500832932789,21.995505742306666,244032800,39.360492048907204,-0.045077950120703036,-0.0035648167360293175,23.010605353682475,21.69500282350258,22.352804088592528
2016-06-20,21.64948844909668,21.984133821950504,21.63355303785743,21.854373548479582,137647600,38.5834747766046,-0.0859406340067963,-0.020039980190182716,23.014936851430114,21.687939811777895,22.351438331604005
2016-06-21,21.83387756347656,21.934042222919945,21.55386774518309,21.61305713723752,142185600,42.86210918219226,-0.10226707369344012,-0.0364853988908342,23.025074122172114,21.665964772481203,22.34551944732666
2016-06-22,21.75192642211914,22.05697614285978,21.706395446526347,21.911280494621096,116876400,41.47901182838872,-0.1204304200668318,-0.05327440312603372,23.045899379591464,21.591642391343594,22.31877088546753
2016-06-23,21.877124786376957,21.92037876334221,21.683622986357832,21.840701755902398,128960800,44.42922886883284,-0.12330120175685266,-0.06727976285219751,23.010435630850083,21.546973274179216,22.27870445251465
2016-06-24,21.262474060058597,21.549313056841648,21.091736851444896,21.15092623674301,301245600,35.07931095330147,-0.17317721456209867,-0.08845925319417774,23.004717624054766,21.393108189238692,22.19891290664673
2016-06-27,20.95287322998047,21.182799854404006,20.82994221504597,21.17141667758771,181958400,31.485107896724088,-0.2349778353751546,-0.11776296963037311,23.021201562630825,21.187447500479525,22.104324531555175
2016-06-28,21.30573272705078,21.321669872013963,20.97564138563484,21.1486556288244,161779600,39.13888542252865,-0.2525709791475812,-0.14472457153381474,22.965034645319037,21.100878364324515,22.032956504821776
2016-06-29,21.49012756347656,21.52427535874932,21.314836358263275,21.392238143336797,146124000,42.73872773543718,-0.24876691989090105,-0.16553304120523202,22.930174762640693,21.043312519158622,21.986743640899657
2016-06-30,21.7633056640625,21.802005686783623,21.467362168347563,21.499232979627187,143345600,47.6764077015491,-0.22115959569842758,-0.17665835210387115,22.902976000668268,21.022249447940133,21.9626127243042
2016-07-01,21.82932472229004,21.96136193566166,21.701841474526532,21.73826451524654,104106000,48.824901770389395,-0.1917431108947376,-0.17967530386204444,22.869062120048223,21.009950750740348,21.939506435394286
2016-07-05,21.624439239501957,21.71777642740223,21.503785205838827,21.71549944464568,110820800,45.48792004181029,-0.1828550418163104,-0.18031125145289764,22.805988311308358,20.99015998886254,21.89807415008545
2016-07-06,21.747377395629883,21.776972970694526,21.48330462452931,21.5356630873168,123796400,47.793586595225676,-0.1640006043934754,-0.1770491220410132,22.717899248101823,20.99857261469115,21.858235931396486
2016-07-07,21.840707778930664,21.96819102599052,21.767859961063756,21.786070612908745,100558400,49.5385429566615,-0.13991449772317566,-0.1696221971774457,22.627742996867426,21.02043376857447,21.824088382720948
2016-07-08,22.009166717529297,22.056972932321376,21.86574807315307,21.96591273121933,115648400,52.61703902125631,-0.10601082933005301,-0.15689992360796717,22.497254058461333,21.083311012644625,21.79028253555298
2016-07-11,22.07746315002441,22.229987994048525,22.020550739254617,22.025102967911465,95179600,53.84638239828847,-0.07279187709275448,-0.14007831430492465,22.412796659168006,21.125653772655728,21.769225215911867
2016-07-12,22.17761993408203,22.241361533609517,22.109326107514725,22.120707543528447,96670000,55.663083708148285,-0.03794638043394727,-0.11965192753072919,22.415958843866548,21.124311770757473,21.77013530731201
2016-07-13,22.05242347717285,22.234542165451483,22.04559252834731,22.1753545035962,103568800,52.86205123571575,-0.02020052200246525,-0.0997616464250764,22.394398233410115,21.132441213611372,21.763419723510744
2016-07-14,22.48950958251953,22.53503881870016,22.15486431242193,22.17079971876806,155676000,60.3614767112903,0.0288004013775236,-0.0740492368645564,22.47328624323415,21.09111557408763,21.78220090866089
2016-07-15,22.487234115600582,22.60561291657697,22.423492485919063,22.519104930441348,120548000,60.307684651114364,0.0666817097828094,-0.045903047535083244,22.531117538138815,21.06128587372642,21.796201705932617
2016-07-18,22.72626304626465,22.794556893367258,22.446253236340294,22.46901785204117,145975600,63.9427752878696,0.11466872696490782,-0.013788692635085028,22.684578106924725,21.010267855599686,21.847422981262206
2016-07-19,22.73537254333496,22.76496637436316,22.614716762614396,22.664799966530648,95119600,64.07779600210172,0.1516853102560347,0.01930610794313892,22.817627951777297,20.985806420170945,21.90171718597412
2016-07-20,22.755861282348636,22.869686119737427,22.705778076004894,22.76496747775924,105104000,64.40068648247455,0.18059272865039233,0.051563432084589605,22.935431669355786,20.960201074479663,21.947816371917725
2016-07-21,22.63520812988281,22.992618063978416,22.566912530010583,22.72626835076937,130808000,60.92760857619151,0.19155820122817602,0.07956238591330689,23.018824662274813,20.965136252337,21.991980457305907
2016-07-22,22.45991325378418,22.605608877546853,22.38023449408964,22.59650268395808,113254800,56.18658719936811,0.18398274716326668,0.10044645816329884,23.066187559190865,20.976052202161675,22.02111988067627
2016-07-25,22.1594181060791,22.50089261203385,22.06380566125077,22.366580140036312,161531600,49.12910830392639,0.15197976997738394,0.11075312052611586,23.052292561742163,21.079641604212426,22.065967082977295
2016-07-26,22.00689125061035,22.30283649036816,21.94997883810531,22.04103904547917,224959200,45.9725823094479,0.11300686468065635,0.11120386935702395,22.964026378928203,21.273309589089372,22.118667984008788
2016-07-27,23.436532974243164,23.75524286154649,23.39100373469804,23.73703047099677,369379200,67.2270907331019,0.1952302032743738,0.12800913614049392,23.165638003876886,21.28477798885993,22.225207996368407
2016-07-28,23.75296211242676,23.77800371125491,23.406935430991453,23.40921241365644,159479200,70.03678581178093,0.28266756273111326,0.1589408214586178,23.430110813214934,21.2465886344169,22.338349723815917
2016-07-29,23.723371505737305,23.80077329539467,23.60271746054674,23.718819276618223,110934800,69.43727236005336,0.34559082943303565,0.19627082305350138,23.649219714443458,21.22348631735586,22.43635301589966
2016-08-01,24.142248153686523,24.16501277327869,23.76890283452172,23.76890283452172,152671600,72.9651509997571,0.4243659894554739,0.24188985633389587,23.939755814121995,21.164242560816973,22.551999187469484
2016-08-02,23.78483390808105,24.14679598308204,23.675561322388425,24.142243754724728,135266400,65.96794189147644,0.4527366623084461,0.2840592175288059,24.07815086180947,21.241886979987406,22.660018920898438
2016-08-03,24.083051681518555,24.09443311955801,23.850848114107094,23.85995430663585,120810400,68.66783242532628,0.4935944572987161,0.32596626548278795,24.25834439800795,21.295260872377796,22.776802635192873
2016-08-04,24.23182678222656,24.261580922637133,24.09678499923632,24.16545054939915,109634800,69.94869543870739,0.5318486413812025,0.3671427406624709,24.441012537475128,21.351704633240207,22.896358585357667
2016-08-05,24.60033226013184,24.639241929922044,24.30278382308701,24.323382443715563,162213600,72.90346969306378,0.5851553634282354,0.4107452652156238,24.68184494604001,21.36998877893558,23.025916862487794
2016-08-08,24.80403709411621,24.80403709411621,24.52708903271134,24.609485258853,112148800,74.4018160043149,0.6365014103250495,0.455896494237509,24.928650152603947,21.39584096678082,23.162245559692384
2016-08-09,24.90474510192871,24.93450099330908,24.72163984943628,24.771994361398967,105260800,75.13388794179474,0.6775099045531761,0.5002191763006425,25.158487963918674,21.43871567225076,23.298601818084716
2016-08-10,24.719350814819336,24.925345754190385,24.664419413066312,24.88185744859045,96034000,71.10257109020345,0.6871288682439456,0.5376011146893032,25.297736198674695,21.566160171259387,23.43194818496704
2016-08-11,24.703325271606445,24.93220811420588,24.68501422510149,24.83836531054611,109938000,70.74919782706324,0.685556174033195,0.5671921265580815,25.43414549821064,21.651132440632132,23.542638969421386
2016-08-12,24.76055145263672,24.820061493806705,24.66899794612241,24.66899794612241,74641600,71.29776620290328,0.6810764517105703,0.5899689915885793,25.553672358279496,21.75893731426689,23.656304836273193
2016-08-15,25.05810546875,25.071837886588973,24.73766899801379,24.75140141585276,103472800,74.02546552037002,0.6935416454587369,0.6106835223626108,25.7134231950818,21.832370719713122,23.77289695739746
2016-08-16,25.035205841064453,25.22975766317112,24.99629617513816,25.092426554334043,135177600,73.4469673971303,0.6935774634750231,0.6272623105850933,25.841383723063476,21.934393521504393,23.887888622283935
2016-08-17,24.998584747314453,25.03291752350013,24.79716672501847,24.9711181771184,101424000,72.47158228223762,0.6827801685336503,0.6383658821748047,25.938136510611095,22.06191308045336,24.000024795532227
2016-08-18,24.9665470123291,25.085565351322884,24.952812850963635,25.000879796385863,87938800,71.57604202953328,0.66398406208749,0.6434895181573418,25.991748731275088,22.241434748033996,24.11659173965454
2016-08-19,25.03062629699707,25.106158049597237,24.80174346819954,24.89558451996308,101472400,72.31298525951115,0.6468027357332424,0.6441521616725219,25.99678466451784,22.49347011911253,24.245127391815185
2016-08-22,24.836078643798828,24.971118687655878,24.68501512398833,24.916187292378225,103280800,66.66203993433197,0.6104511403489106,0.6374119574077997,25.861008365359215,22.89691247204313,24.378960418701173
2016-08-23,24.913896560668945,25.02147177389938,24.840654122377213,24.854386533857703,85030800,67.74772401552,0.5812215345947109,0.6261738728451819,25.545999592346643,23.502621776061563,24.524310684204103
2016-08-24,24.726219177246094,24.89101514310888,24.64611051224,24.849816151643186,94700400,62.46432375728212,0.5367258238920769,0.608284263054561,25.482504487788365,23.695085500920133,24.58879499435425
2016-08-25,24.62093734741211,24.69189049875208,24.417231674139494,24.5797383490964,100344800,59.653825805794874,0.4873494279543493,0.5840972960345187,25.439452174107668,23.824935338099362,24.632193756103515
2016-08-26,24.476734161376957,24.70790459791981,24.332536838720078,24.5843093874106,111065200,55.941136313241856,0.4316069897672321,0.5535992347810613,25.36673530715873,23.97298847061227,24.6698618888855
2016-08-29,24.44927215576172,24.59118018732707,24.32796449395428,24.40349627266993,99881200,55.236093704482066,0.3808248398591054,0.5190443557966702,25.34759261696028,24.022833561018235,24.685213088989258
2016-08-30,24.26158142089844,24.37602284269513,24.147139999101743,24.21580555067477,99455600,50.547140101069964,0.3217258906843341,0.47958066277420297,25.266033391948945,24.15206753731131,24.709050464630128
2016-08-31,24.28447151184082,24.3920467372776,24.179185603989712,24.183764239161054,118649600,51.092418795934876,0.27358289342105024,0.43838110890357246,25.236328227160566,24.201914685131914,24.71912145614624
2016-09-01,24.428667068481445,24.444688797948064,24.17460696819824,24.29362528048776,106806000,54.49621597154027,0.24424904659726465,0.3995546964423109,25.21527295362458,24.24265398729339,24.728963470458986
2016-09-02,24.65755271911621,24.719350326588074,24.44926846613325,24.65068476607468,107210000,59.33423734405922,0.23674190743727408,0.36699213864130353,25.215740677302634,24.247908309513775,24.731824493408205
2016-09-06,24.650684356689453,24.788015475435525,24.607197798908395,24.696461978350715,107521600,59.13106933603002,0.22761442867176385,0.3391165966473956,25.208112964909645,24.240200748164085,24.724156856536865
2016-09-07,24.80175018310547,24.89330368865945,24.506491044468756,24.68044253039753,169457200,62.19707578609145,0.22992020862744766,0.317277319043406,25.197326206272585,24.240688014918824,24.719007110595705
2016-09-08,24.151723861694336,24.552268953644376,24.08763692638041,24.54769206379539,212008000,46.15260480425654,0.17725260650150076,0.28927237653502497,25.22907649140057,24.15217503447834,24.690625762939455
2016-09-09,23.60469055175781,24.19749811312488,23.60469055175781,23.95030418607828,186228000,37.40722883865373,0.09033085810017383,0.24948407284805474,25.35240736265139,23.918980691242652,24.63569402694702
2016-09-12,24.13340187072754,24.197488772355214,23.467352115446086,23.494818678816703,181171200,47.718651080811036,0.0633767631952935,0.2122626109175025,25.350718786577502,23.857954309125624,24.604336547851563
2016-09-13,24.707902908325195,24.90016540997437,24.54539629470703,24.607195641973306,248704800,56.16831524795386,0.08736578285657615,0.18728324530531726,25.305731128009334,23.867921711651313,24.586826419830324
2016-09-14,25.582239151000977,25.87063207350197,24.856680828536582,24.88643672101932,443554800,65.34742433739265,0.1749125978718169,0.1848091158186172,25.433807272837097,23.794548897817197,24.614178085327147
2016-09-15,26.451993942260746,26.488616040660265,25.97591714049353,26.0606044333641,359934400,71.69703783425304,0.3108922499885587,0.2100257426526055,25.825544180695303,23.54815290945362,24.68684854507446
2016-09-16,26.30321884155273,26.58016690302219,26.101802545821595,26.348996463017336,319547600,69.35597141521367,0.4020179836419082,0.24842419085046608,26.0899624871141,23.41740178595719,24.753682136535645
2016-09-19,25.996517181396484,26.5916123030239,25.920985414072987,26.365018747291156,188092000,64.66812526334581,0.4443651583875763,0.28761238435788816,26.240692740122626,23.363260621388605,24.801976680755615
2016-09-20,25.994230270385746,26.120116560913388,25.75161496090108,25.875211933536068,138057200,64.63304507383098,0.47229672224287,0.32454925193488454,26.389770494194845,23.329998029975076,24.85988426208496
2016-09-21,25.98965072631836,26.090358002216576,25.735590599557398,26.05831453994381,144012800,64.55752260539629,0.48843280753445484,0.35732596305479863,26.521051950338528,23.306291990396335,24.91367197036743
2016-09-22,26.23455238342285,26.30779482414331,26.092644390548045,26.172753037236436,124296000,66.79220478510284,0.5150451682865196,0.3888698041011428,26.692860039226204,23.285317222126338,24.98908863067627
2016-09-23,25.79738998413086,26.27346680818627,25.531886743255477,26.188779511350944,209924800,59.571701648700014,0.495152494079953,0.4101263420969049,26.77781292059954,23.318009604424876,25.04791126251221
2016-09-26,25.836299896240234,25.953030658642643,25.53188698083939,25.552485602666827,119477600,59.98632357930158,0.4770282267179482,0.4235067190211136,26.85748026700889,23.374298831501854,25.11588954925537
2016-09-27,25.884361267089844,25.904961632109924,25.712699125618776,25.863762648307365,98429600,60.52485509982383,0.46122603854805533,0.431050582926502,26.931713219890757,23.443574789752798,25.187644004821777
2016-09-28,26.081205368041992,26.239135125485877,25.96218703015939,26.02169707221965,118564400,62.73689350781367,0.4592919329233993,0.4366988529258815,27.00976330006733,23.54748710429058,25.278625202178954
2016-09-29,25.67607879638672,26.046869650892397,25.58910393995395,25.9003847630911,143548000,55.805806831015055,0.42022472271023403,0.43340402688275204,27.024928252339652,23.671482880472848,25.34820556640625
2016-09-30,25.875205993652344,25.94844843326282,25.58910244107431,25.74016420879201,145516400,58.24746946783044,0.400712414516434,0.42686570440948846,27.056659004453778,23.784406020875814,25.420532512664796
2016-10-03,25.753904342651367,25.87521375215775,25.69897293303208,25.7973926544789,86807200,56.210164163769726,0.3711819853443892,0.41572896059646863,27.078687160912125,23.87201302677098,25.475350093841552
2016-10-04,25.86375999450684,26.163595945381694,25.77907271809174,25.87749240561945,118947200,57.654688176287124,0.35257902890069204,0.40309897425731334,27.101293612551856,23.97071413891299,25.536003875732423
2016-10-05,25.875205993652344,26.014824667009425,25.79280803081087,25.95531463912669,85812400,57.810847613714046,0.3348991395515597,0.3894590073161626,27.123884867500163,24.05546846501937,25.589676666259766
2016-10-06,26.06746864318848,26.170465231130333,25.89351718159294,26.023980341230185,115117200,60.44926418098689,0.33256805139712853,0.37808081613235583,27.08160480262494,24.289323008044004,25.685463905334473
2016-10-07,26.10638236999512,26.220823817166742,25.98049782584907,26.163603093580928,97433600,60.981139373752995,0.330055979894361,0.36847584888475693,26.83823313004223,24.782863862450444,25.810548496246337
2016-10-10,26.56186294555664,26.72208028732805,26.2574482499529,26.32611207661005,144944000,66.63670249410312,0.36066114380571435,0.3669129078689484,26.671898569545302,25.192044530430284,25.931971549987793
2016-10-11,26.619083404541016,27.166113425353146,26.59619371631581,26.939518084837463,256164000,67.27835886006858,0.3850940450933571,0.37054913531383016,26.580451561570893,25.474609588026272,26.027530574798583
2016-10-12,26.857112884521484,27.003599515625737,26.722072840694025,26.85940220197684,150347200,69.87396949413856,0.41883620211096684,0.3802065486732575,26.71373153595098,25.468816986998238,26.09127426147461
2016-10-13,26.77471923828125,26.880005150259223,26.486326329501203,26.731230933637267,140769600,67.86713462242128,0.43392659036359404,0.39095055701132486,26.781062670950313,25.43375838160096,26.107410526275636
2016-10-14,26.923486709594727,27.04708364755136,26.809045294402,26.980707417191088,142608800,69.5667234867741,0.45267200234306415,0.40329484607767274,26.897033027106147,25.37981481224932,26.138423919677734
2016-10-17,26.905183792114254,26.971558291980894,26.728942993020848,26.854829278087568,94499600,69.0825956072948,0.46073986158958746,0.41478384918005573,27.008955828385258,25.35875867204199,26.183857250213624
2016-10-18,26.886871337890625,27.056244174757325,26.88229270254308,27.049377967973744,98214000,68.56844099854962,0.46034941466130874,0.42389696227630635,27.102831151006466,25.354147456171265,26.228489303588866
2016-10-19,26.806758880615234,26.95324375868656,26.046867920781168,26.836513021204336,80138400,66.24559573315115,0.4484066244401319,0.4287988947090715,27.171158093513004,25.367531329094415,26.26934471130371
2016-10-20,26.79302978515625,26.86627223803068,26.625946258085435,26.747253906948917,96503200,65.83399817322424,0.4328444920143859,0.4296080141701344,27.22719089876351,25.36734626401725,26.29726858139038
2016-10-21,26.6877384185791,26.75869328542046,26.61449598066098,26.73580360475311,92770800,62.62057195608137,0.4073199260619731,0.4251503965485022,27.256852082340174,25.426719923885415,26.341786003112794
2016-10-24,26.92806434631348,26.94866296209096,26.779290162828072,26.80217809577105,94154800,66.62492944719857,0.40185152331383023,0.42049062190156783,27.314561380558803,25.478187070674107,26.396374225616455
2016-10-25,27.06539726257324,27.090574516004875,26.85024682278932,26.99673170844377,192516000,68.6891395150517,0.40394298999838085,0.41718109552093047,27.386127965933774,25.524724084847477,26.455426025390626
2016-10-26,26.456567764282227,26.48174501745361,25.934715146252724,26.163597996001634,264536800,53.030246066148976,0.3524106692750486,0.4042270102717541,27.388955957633566,25.55943233277171,26.474194145202638
2016-10-27,26.202510833740234,26.518368554939595,26.11553422850968,26.41079333030453,138248000,48.10237273222272,0.2877536181890292,0.38093233185520914,27.34985820387129,25.651173290269337,26.500515747070313
2016-10-28,26.0285587310791,26.36959369845516,25.966759381906105,26.06289150881548,151446800,45.01774372872706,0.21994061991004443,0.34873398946617623,27.337335761824445,25.679031006058853,26.50818338394165
2016-10-31,25.987361907958984,26.145291650936,25.90954082220301,26.012539163976705,105677600,44.29331879744035,0.16101797588234135,0.31119078674940925,27.31194986080741,25.727762663606654,26.519856262207032
2016-11-01,25.51814842224121,26.04000104012105,25.29842109609378,25.96904791551526,175303200,36.99189319328292,0.07558841288733831,0.2640703119769951,27.363278333866553,25.641873033320948,26.50257568359375
2016-11-02,25.54103660583496,25.714988062228944,25.458640385687897,25.49755005141465,113326800,37.53283032917993,0.00962085068064411,0.21318041971772492,27.405587440374457,25.566146988031303,26.48586721420288
2016-11-03,25.26727104187012,25.642264957129893,25.20285508147735,25.531838097943226,107730400,33.79550053288476,-0.06401162453468245,0.15774201086724343,27.49536483092628,25.396349837347646,26.445857334136964
2016-11-04,25.039514541625977,25.363897198636803,24.87157316667137,24.96819711570307,123348000,31.027456885696523,-0.13914001824668176,0.0983656050444584,27.601891996074272,25.183135889362738,26.392513942718505
2016-11-07,25.40070533752441,25.42371078713137,25.182149178250132,25.32478577413851,130240000,39.49155382965622,-0.1676027131545368,0.04517194140465936,27.615125204190253,25.05378692044354,26.334456062316896
2016-11-08,25.550241470336918,25.70208059611489,25.23736244316104,25.377697966609183,97016800,42.63047080748126,-0.17606373460266056,0.0009248062031953774,27.59839211200584,24.96363581920754,26.28101396560669
2016-11-09,25.50882339477539,25.61004944860952,24.85776076773188,25.27876545802712,236705600,41.98087418127396,-0.18399032171247853,-0.03605821937993941,27.544082109491256,24.883116872747514,26.213599491119385
2016-11-10,24.79795265197754,25.557143017878342,24.34703917130356,25.557143017878342,228538000,32.755346151807615,-0.2448114925577478,-0.0778088740155011,27.55314499685167,24.67637732675673,26.1147611618042
2016-11-11,24.9451904296875,25.0464165171127,24.51268199694924,24.64381499420309,136575600,35.89750395685124,-0.27792806872965414,-0.11783271295833171,27.489814879484438,24.54187781613324,26.01584634780884
2016-11-14,24.31942749023437,24.8025488700783,23.944433635754223,24.779543424410114,204702000,29.572827087941803,-0.35062524387792493,-0.16439121914225036,27.47498701582037,24.298130049609316,25.886558532714844
2016-11-15,24.641511917114254,24.77264490369558,24.422957524546455,24.517280389531447,129058000,35.838834520915285,-0.3778926462643284,-0.20709150456666597,27.381334969905062,24.16724615344699,25.774290561676025
2016-11-16,25.30408096313477,25.35929615132072,24.52418442084292,24.54718987165204,235362000,46.40304136494715,-0.3420950160154064,-0.23409220685641408,27.245453069526988,24.152860262077013,25.699156665802
2016-11-17,25.294878005981445,25.38690156287228,25.037214152931146,25.26267002435016,110528000,46.28903640855504,-0.31088405994069745,-0.24945057747327076,27.09461112319324,24.153887030493287,25.624249076843263
2016-11-18,25.32018280029297,25.43061141206758,25.22816100488457,25.241963923155183,113715600,46.67696540102535,-0.2808695773166825,-0.25573437744195315,26.947112399320215,24.164630192537697,25.555871295928956
2016-11-21,25.704381942749023,25.76419576093516,25.308681889132192,25.333988410366057,117058400,52.308984603054164,-0.22350479948294932,-0.2492884618501524,26.73903686553109,24.250337485970377,25.494687175750734
2016-11-22,25.72047996520996,25.863114773392983,25.62845643254817,25.7549872541556,103862000,52.535199784966466,-0.17472964925184797,-0.23437669933049154,26.450714767234373,24.404167854530762,25.427441310882568
2016-11-23,25.5893497467041,25.653765699916704,25.382297214804243,25.619256652066213,109705600,50.436524394967826,-0.14498480938747704,-0.21649832134188868,26.296763549145993,24.47139727086133,25.384080410003662
2016-11-25,25.718181610107425,25.73658666962397,25.5249319955898,25.566342501900497,45903600,52.4464634518047,-0.10975101344575222,-0.1951488597626614,26.207804875531355,24.511923022112686,25.35986394882202
2016-11-28,25.667573928833008,25.87462650358201,25.626163413883205,25.63536594556132,108776000,51.56190221998557,-0.08493254375323289,-0.1731055965607757,26.146306634654447,24.537322782764985,25.341814708709716
2016-11-29,25.642269134521484,25.77340214817063,25.32248859675948,25.485829595852017,114115200,51.097830387691666,-0.06653859760015024,-0.1517921967686506,26.08661302344314,24.562507116632542,25.32456007003784
2016-11-30,25.426010131835938,25.812507653355425,25.3684956301527,25.674473200356317,144649200,47.188947685511785,-0.06862054202378687,-0.13515786581967787,26.07837450419795,24.561531806837205,25.319953155517577
2016-12-01,25.18905258178711,25.522637770046657,25.08322610126445,25.39150476644213,148347600,43.28199223490317,-0.08837229116843659,-0.12580075088942963,26.05575652150092,24.548951387129453,25.302353954315187
2016-12-02,25.283376693725582,25.327086523891644,25.04181507117272,25.11543356720352,106112000,45.22604965281975,-0.09531578608532243,-0.1197037579286082,26.05644450787548,24.54987396594044,25.30315923690796
2016-12-05,25.10163307189941,25.31328604902802,24.90378301560855,25.30638458860915,137298000,42.223026912275664,-0.1141676931193274,-0.11859654496675204,26.055678911831095,24.55685141501217,25.30626516342163
2016-12-06,25.294878005981445,25.389202634475478,25.12003517861256,25.19135260148136,104782000,46.305587888901854,-0.11222109912381839,-0.11732145579816532,26.049138963260365,24.552808630428597,25.30097379684448
2016-12-07,25.54333877563477,25.580148897147293,25.113131450477077,25.1361368988208,119994800,51.09081658269237,-0.08959688460657489,-0.11177654155984725,26.048339783964135,24.552917540254615,25.300628662109375
2016-12-08,25.79410743713379,25.86542486610041,25.44441824209,25.504233822463927,108273200,55.410086598241385,-0.05084597562469284,-0.09959042837281637,26.088387080647173,24.54139864780742,25.314892864227296
2016-12-09,26.21511459350586,26.387658134284187,25.83781952475354,25.83781952475354,137610400,61.54945070174652,0.013678480930675363,-0.07693664651211803,26.21451161367249,24.55699030893493,25.38575096130371
2016-12-12,26.06557273864746,26.45667064611745,25.87922456055831,26.063271667134355,105497600,58.46996923038571,0.052146685184151664,-0.051119980172864087,26.294943252091265,24.588596901412153,25.44177007675171
2016-12-13,26.50037956237793,26.668320906667244,26.16909550595621,26.18979988188101,174935200,64.09501919243647,0.11637677205999708,-0.017620629726291852,26.358616652887676,24.743018707830096,25.550817680358886
2016-12-14,26.50037956237793,26.73273686092633,26.45206759668361,26.465870513966813,136127200,64.09501919243647,0.1653732586771426,0.018978147954395036,26.439343522292468,24.84817860295167,25.64376106262207
2016-12-15,26.645322799682617,26.854676463900255,26.50958939513117,26.5440966978452,186098000,65.88160428531188,0.21343864736528317,0.057870247836572665,26.601053923478112,24.820592385420817,25.710823154449464
2016-12-16,26.67982292175293,26.80175336438072,26.6062044419473,26.79485190614941,177404400,66.31129960436346,0.25141651265800746,0.09657950080085963,26.742629559161863,24.817511241314214,25.78007040023804
2016-12-19,26.83396339416504,27.00420581264977,26.629211926678533,26.64071552808017,111117600,68.23610367258784,0.2906022110409303,0.1353840428488738,26.896645391589942,24.81487346827334,25.85575942993164
2016-12-20,26.90528106689453,27.031813662716168,26.84316618225683,26.856969099908948,85700000,69.1153491176428,0.32368070975194385,0.17304337622948782,27.04926726717168,24.782341505106153,25.915804386138916
2016-12-21,26.930593490600582,27.008814136586548,26.86617752049659,26.87077966419176,95132800,69.43869659862233,0.3479274680718589,0.20802019459796206,27.18809528044848,24.764524844368417,25.976310062408448
2016-12-22,26.753442764282227,26.804055800827204,26.603904725909267,26.76724568144791,104343600,64.3601686371324,0.3488275487806227,0.2361816654344942,27.277781249152817,24.791248177421892,26.034514713287354
2016-12-23,26.806360244750977,26.806360244750977,26.59240621173948,26.59240621173948,56998000,65.17941266510437,0.3497788349712536,0.2589010993418461,27.366814927660013,24.81103236237905,26.08892364501953
2016-12-27,26.97659492492676,27.10082642494282,26.799449325658312,26.806350783125403,73187600,67.74785495677872,0.3601180355623086,0.2791444865859386,27.47269017836172,24.83605921128672,26.15437469482422
2016-12-28,26.861570358276367,27.15144215064689,26.732736695353037,27.03641316012437,83623600,64.29681166160992,0.35493889070214024,0.29430336740917895,27.546002553152814,24.884676958871115,26.215339756011964
2016-12-29,26.85466957092285,26.942090974031995,26.7787500140316,26.790251860249484,60158000,64.08589541317788,0.34628577832249974,0.30469984959184315,27.593445247418757,24.98010020851386,26.28677272796631
2016-12-30,26.645322799682617,26.962802271076885,26.55560030221894,26.836271398983712,122345200,57.88261970081099,0.3188599703099122,0.307531873735457,27.572392724058503,25.146779753663665,26.359586238861084
2017-01-03,26.721237182617188,26.762647693029223,26.401456701458837,26.640717233261352,115127600,59.416701279356786,0.2997946302457173,0.30598442503750906,27.54715754430675,25.31580098230458,26.431479263305665
2017-01-04,26.691326141357425,26.804055815616383,26.629211258874463,26.65221670589767,84472400,58.51237125027293,0.2790548690095065,0.30059851383190855,27.448659329795927,25.573268503761202,26.510963916778564
2017-01-05,26.82706642150879,26.88458092772844,26.64301929952454,26.66832582267746,88774400,61.38473432590077,0.27045394031503633,0.2945695991285341,27.349155798223848,25.825990876886017,26.587573337554932
2017-01-06,27.12613677978516,27.183651273757864,26.79485273283738,26.86617014369856,127007600,66.83319340542326,0.2844906892594814,0.29255381715472356,27.295108257935862,26.03831821758904,26.66671323776245
2017-01-09,27.374595642089844,27.47582170420658,27.13303584186069,27.135335157670315,134247600,70.5507281186349,0.3120661631831716,0.2964562863604132,27.30950372958291,26.1819715664376,26.745737648010255
2017-01-10,27.40220832824707,27.46432321552204,27.21586191121894,27.323987696089937,97848400,70.94056009664425,0.33231729107116337,0.30362848730256325,27.382689828672767,26.227494840821862,26.805092334747314
2017-01-11,27.54944610595703,27.590856617076,27.284879049097164,27.317087029389327,110354400,72.99345715955428,0.3561419314722798,0.31413117613650654,27.43878106477691,26.319790941448673,26.879286003112792
2017-01-12,27.434415817260746,27.44591941905576,27.195155292590645,27.35389587030523,108344800,68.89833999719636,0.3615731574008336,0.323619572389372,27.50670314260257,26.3452724891113,26.925987815856935
2017-01-13,27.3861083984375,27.51954247853153,27.333194278674867,27.402212390503777,104447600,67.19345274904154,0.35785431630025855,0.3304665211715493,27.54949688154815,26.391051633771674,26.970274257659913
2017-01-17,27.606958389282227,27.66217181460391,27.19745545400704,27.22506128906631,137759200,70.7562287513436,0.36848024557602344,0.33806926605244414,27.63981083407668,26.396901240203103,27.018356037139892
2017-01-18,27.60466194152832,27.721992025791536,27.540245975329984,27.606963013236385,94852000,70.67028610746614,0.37242300634930103,0.3449400141118156,27.71535353453005,26.413842441727272,27.06459798812866
2017-01-19,27.556344985961918,27.627662399190104,27.462022125421704,27.468923584095,102389200,68.77742978278036,0.3674135830769245,0.34943472790483737,27.77598663486895,26.425447500568062,27.100717067718506
2017-01-20,27.606958389282227,27.71048378116077,27.544843505195725,27.71048378116077,130391600,69.69316936260739,0.3633393083212475,0.3522156439881194,27.839137614752598,26.432464252923186,27.135800933837892
2017-01-23,27.625364303588867,27.793305656069048,27.554045132006674,27.60695924284487,88200800,70.03732936267134,0.3574748718810419,0.3532674895667039,27.898116179407612,26.442962769567,27.170539474487306
2017-01-24,27.600059509277344,27.629966418453563,27.49193196465079,27.50343556713573,92844000,68.8792498493515,0.3467878241622344,0.35197155648581,27.936958580760976,26.488782042713144,27.21287031173706
2017-01-25,28.039474487304688,28.090087539110517,27.67138195853999,27.703589945106675,129510400,76.22952232595527,0.36951582976179154,0.3554804111410063,28.05727944588672,26.49177260184277,27.274526023864745
2017-01-26,28.05327033996582,28.16829932872382,27.97504971490478,27.991153703122777,105350400,76.41784183112219,0.3842121890077834,0.36122676671436177,28.167792087432904,26.488927501800493,27.3283597946167
2017-01-27,28.055574417114254,28.14759797477796,27.975054462359783,28.099286001925275,82251600,76.45139671198797,0.3915317451239453,0.36728776239627847,28.255573607340317,26.520546387776868,27.388059997558592
2017-01-30,27.981952667236328,27.981952667236328,27.7587978915031,27.82091277645912,121510000,72.88285065297183,0.3869315797531918,0.3712165258676612,28.312475315922953,26.576372988825582,27.444424152374268
2017-01-31,27.917539596557617,27.92674212772511,27.749598229560107,27.87152869592351,196804000,69.81247530731002,0.37377962028033096,0.37172914475019514,28.31697412286132,26.699095861574715,27.50803499221802
2017-02-01,29.61996841430664,30.020270610409472,29.21966797340711,29.22426836125969,447940000,86.27261602037838,0.4950220691715437,0.3963877296344649,28.80994972420099,26.49599338340399,27.65297155380249
2017-02-02,29.56935691833496,29.767206955205637,29.396813403985195,29.44282606093384,134841600,84.79239074303277,0.5803339303715198,0.4331769697818759,29.14049583303271,26.453250352270025,27.796873092651367
2017-02-03,29.69588851928711,29.721195040945894,29.48423557014394,29.518742867675616,98029200,85.4638782143376,0.6506539045457878,0.47667235673465835,29.442368653418765,26.4382597416618,27.940314197540282
2017-02-06,29.974254608154297,30.022568331657627,29.6544741356893,29.707390002004,107383600,86.84051069439491,0.7205388839418561,0.5254456621760979,29.776784899422292,26.38865527849519,28.08272008895874
2017-02-07,30.25952911376953,30.388361034891503,30.01106604714577,30.03177042509611,152735200,88.08578806898707,0.7898377442135889,0.5783240785835961,30.13328222183575,26.320651303249697,28.226966762542723
2017-02-08,30.376853942871094,30.418266204420902,30.188208225873115,30.2181168864143,92016400,88.56505005399124,0.8444899687512404,0.631557256617125,30.457503824624286,26.293894261923565,28.375699043273926
2017-02-09,30.596359252929688,30.603290633697004,30.295986492383804,30.418445586774457,113399600,89.4223570141706,0.8951952409862507,0.6842848534909501,30.7843252506575,26.271764150587618,28.52804470062256
2017-02-10,30.527048110961918,30.716515292031392,30.51087606110025,30.605609651634992,80262000,87.19926412961648,0.9191908447628521,0.7312660517453305,31.03961421763567,26.325738412979565,28.682676315307617
2017-02-13,30.79738044738769,30.9198430837114,30.67261205133589,30.74886077555563,92141600,88.4095587241152,0.9490806825959979,0.774828977915464,31.302110176904634,26.404369658605617,28.853239917755126
2017-02-14,31.197099685668945,31.213271729612963,30.788130658971276,30.838963126724675,132904800,89.92622533461648,0.9935693473982994,0.8185770518120311,31.612701748370405,26.45279221677852,29.032746982574462
2017-02-15,31.31032371520996,31.48592811896661,31.10468449946321,31.31263652618138,142492400,90.31290552987504,1.0261345276210534,0.8600885469738355,31.89168544909999,26.5443746934171,29.218030071258546
2017-02-16,31.273357391357425,31.400435071703008,31.155516852353124,31.347293303978866,90338400,89.11025424337804,1.037005836404255,0.8954720048599195,32.10626961269628,26.701491770360363,29.40388069152832
2017-02-17,31.35885238647461,31.3842686322115,31.21559910629963,31.21559910629963,88792800,89.45984194065002,1.0405256268117888,0.9244827292502935,32.289759236563604,26.89319154621227,29.591475391387938
2017-02-21,31.58527374267578,31.59682721826465,31.41891356594821,31.47667741826679,98028800,90.3439386897213,1.0494875579469927,0.9494836949896334,32.46264401386669,27.11629771281788,29.789470863342284
2017-02-22,31.68002319335937,31.682332479384897,31.44896766821654,31.522903602935937,83347600,90.6956471682329,1.0521074025325596,0.9700084364982187,32.588758407732485,27.39817968736029,29.993469047546387
2017-02-23,31.546003341674805,31.7655053351691,31.49286157023711,31.742401903322005,83152800,85.92809844733391,1.0314791170731077,0.9823025726131964,32.68494791323691,27.652643067292868,30.16879549026489
2017-02-24,31.57602882385254,31.57602882385254,31.257171273808243,31.40273729024156,87106400,86.10433403149872,1.0059578023475666,0.9870336185600705,32.73405386788816,27.955812961030297,30.344933414459227
2017-02-27,31.6384220123291,31.75626255171669,31.488237375635933,31.68694520954043,81029600,86.483166888145,0.9794757981265718,0.9855220544733708,32.729958429109246,28.318193159330697,30.52407579421997
2017-02-28,31.652292251586918,31.756266515014435,31.585284186390638,31.673086399147035,93931600,86.57081636768498,0.9486721295964777,0.9781520694979923,32.62938900317863,28.78579654369637,30.7075927734375
2017-03-01,32.29923248291016,32.382412567080664,31.79322412363397,31.86022863767035,145658400,89.87024203630463,0.9653348906018593,0.9755886337187657,32.4922739398944,29.361080895615853,30.926677417755126
2017-03-02,32.107460021972656,32.41245131747088,32.06124612134738,32.34775608734624,104844000,83.33414507872577,0.9520907048691605,0.9708890479488448,32.5763611972513,29.52574279902555,31.051051998138426
2017-03-03,32.29691696166992,32.3084704344454,32.02196052748819,32.06586160866005,84432400,84.5310825323943,0.9459775436599145,0.9659067470910587,32.64466167528574,29.73019832532461,31.187430000305177
2017-03-06,32.19525909423828,32.29461475112016,32.02428035196002,32.20219047429682,87000000,81.16274393798619,0.922298199513854,0.9571850375756178,32.661198114036885,29.963598944068586,31.312398529052736
2017-03-07,32.23686599731445,32.343149558403695,32.068192935228886,32.1305789105979,69785200,81.48787956290136,0.8965545552059062,0.9450589411016755,32.682854993749196,30.16820320327229,31.425529098510744
2017-03-08,32.11670684814453,32.301551909230334,32.075118560354035,32.10515337077174,74828800,77.33636280070043,0.8565825421510169,0.9273636613115439,32.68886287129114,30.347913099167837,31.51838798522949
2017-03-09,32.04277420043945,32.068190445792496,31.66615614282426,32.0566404915996,88623600,74.8108899820106,0.8096060524232627,0.9038121395338877,32.667814732316,30.535553263899818,31.60168399810791
2017-03-10,32.1490478515625,32.19988032103794,32.03352015286843,32.17446408630022,78451200,76.02296223171837,0.772052500704234,0.877460211767957,32.6643626872178,30.694274168861302,31.67931842803955
2017-03-13,32.16291809082031,32.21605985740259,32.07511941682055,32.082050798304046,69686800,76.18403676097917,0.734938341085055,0.8489558376313766,32.61245195115602,30.90977190290892,31.76111192703247
2017-03-14,32.11439895629883,32.26689287710669,32.0797385226766,32.18602558324106,61236400,74.30361586716874,0.6936144578194785,0.817887561668997,32.56631468427695,31.087611020679095,31.826962852478026
2017-03-15,32.45405197143555,32.521056504609845,32.12364082513216,32.21144302950852,102767200,78.33502121459742,0.6804285851542886,0.7903957663660554,32.61792067239454,31.161700261138176,31.889810466766356
2017-03-16,32.50719451904297,32.58344324693821,32.407838833981906,32.51412590106739,76928000,78.89298104205955,0.6665828928735564,0.7656331916675556,32.67414769836218,31.225160315553836,31.949654006958006
2017-03-17,32.345436096191406,32.57880070435239,32.32232915352719,32.57880070435239,175540000,72.75120375760369,0.6352349362110559,0.7395535405762558,32.676497016650885,31.330018867748535,32.00325794219971
2017-03-20,32.68510818481445,32.694348852295555,32.40090741959065,32.44018642623199,86168000,76.83021851382,0.6305317756823143,0.7177491875974675,32.737098674275266,31.402042789958138,32.0695707321167
2017-03-21,32.310791015625,32.99471665093121,32.2853747768826,32.83528783751306,158119600,65.2401166397835,0.5898013569203826,0.6921596214620506,32.74228868320639,31.469404508321936,32.10584659576416
2017-03-22,32.67584991455078,32.717441714364135,32.29229715523105,32.313094817950294,103440800,69.99421396368477,0.5802901847913517,0.6697857341279108,32.80668129809042,31.50459456555705,32.15563793182373
2017-03-23,32.56032943725586,32.71282686095234,32.488702820993375,32.63888743408401,81385200,66.87713272558199,0.5570101094668267,0.647230609195694,32.81626658005113,31.596441893154438,32.206354236602785
2017-03-24,32.49563980102539,32.7498022176487,32.42863526880281,32.69434763794183,89582400,65.1280338305705,0.5272626138355925,0.6232370101236737,32.80079756957917,31.703872001343687,32.25233478546143
2017-03-27,32.55109405517578,32.62965206475492,32.02890646363169,32.20682015348862,94300400,65.95015661041612,0.5023711818192922,0.5990638444627974,32.78269033328941,31.81324644191811,32.29796838760376
2017-03-28,33.225765228271484,33.28121626453851,32.49100726710479,32.55801530342798,133499200,73.98568742357998,0.5309642425455614,0.5854439240793502,32.92343180731156,31.829852265564412,32.376642036437985
2017-03-29,33.299705505371094,33.38519840692117,33.084825660277524,33.19804055798778,116760000,74.69063102383554,0.5532137083242787,0.5789978809283359,33.10355591247607,31.749775462645996,32.426665687561034
2017-03-30,33.25581359863281,33.38751691474966,33.15646143437077,33.3158902799325,84829200,73.41877713599578,0.5608398475470082,0.5753662742520704,33.233824666786006,31.734342066002082,32.484083366394046
2017-03-31,33.19342041015625,33.33436434857821,33.043232281161146,33.20728317039026,78646800,71.55351664308864,0.5554461712470626,0.5713822536510689,33.333706891762205,31.724110185874505,32.52890853881836
2017-04-03,33.202674865722656,33.29971775329288,33.05249019997456,33.20498767713941,79942800,71.66849085253196,0.5456287327524336,0.5662315494713419,33.41956460384045,31.738994050944708,32.57927932739258
2017-04-04,33.44989776611328,33.477623291318075,33.080207643793266,33.0986925024719,79565600,74.6196459171169,0.5514405011111378,0.563273339799301,33.54519927413241,31.734662557532637,32.63993091583252
2017-04-05,33.276611328125,33.60933178453863,33.22808812588683,33.32282171915426,110871600,69.18008351416209,0.5358862390898551,0.5577959196574119,33.61027296039375,31.78557931926934,32.697926139831544
2017-04-06,33.19342041015625,33.3921281999704,33.14489722371151,33.33898291823909,84596000,66.66749738829478,0.5109565732341892,0.5484280503727674,33.63998937438826,31.870927526246508,32.755458450317384
2017-04-07,33.119483947753906,33.313569659625706,33.10331190124426,33.209595422953385,66688800,64.42784351961916,0.4797038514378613,0.5346832105857863,33.65599765117593,31.95196285907797,32.80398025512695
2017-04-10,33.0802001953125,33.2442510756305,33.0178142520225,33.179555847635505,75733600,63.212748041901285,0.44661764355153366,0.5170700971789357,33.65643405155024,32.04325466915288,32.84984436035156
2017-04-11,32.7243766784668,33.121792239387545,32.36161801649968,33.02705868141359,121517600,53.39057133218733,0.3872209591793876,0.49110026957902614,33.61644014300525,32.14424634991467,32.88034324645996
2017-04-12,32.76366424560547,32.84453153953262,32.58112846168498,32.71745385970046,81400000,54.236105610750606,0.3394063718313092,0.4607614900294828,33.608044325415094,32.18360339492182,32.895823860168456
2017-04-13,32.59036636352539,32.89767048263503,32.59036636352539,32.789074157625386,71291600,49.933128655490435,0.284252589192306,0.4254597098620475,33.60400171282041,32.19596319196474,32.89998245239258
2017-04-17,32.77058410644531,32.78213758026646,32.54876939620501,32.68971331532249,66328400,54.01868223485575,0.25217793454633153,0.3908033547989043,33.58130050534465,32.2611792004659,32.92123985290527
2017-04-18,32.62501907348633,32.81910474726567,32.60422493535825,32.67354225474382,58790000,50.43848701855642,0.2125623713307121,0.3551551581052659,33.58309754469164,32.2533732499861,32.91823539733887
2017-04-19,32.5048828125,32.809877734445,32.45174103996478,32.78215220540519,69313600,47.63260877348698,0.16951865430155522,0.31802785734452377,33.562005674024164,32.29387430034107,32.92793998718262
2017-04-20,32.91153717041016,33.0224427935341,32.615786491662185,32.6296492538494,93278400,56.46167020767721,0.16630277174105146,0.28768284022382934,33.56328488427823,32.31616381567294,32.939724349975585
2017-04-21,32.87226486206055,32.96699493150307,32.775221981365114,32.91154387146392,69283600,55.48869055704526,0.15875518363593955,0.2618973089062514,33.555301753728024,32.35534048870361,32.95532112121582
2017-04-24,33.18880844116211,33.26043507464243,33.082521370895755,33.15646081553788,68537200,61.28046838846776,0.17628399489347402,0.24477464610369593,33.55902596103294,32.42093314541237,32.98997955322265
2017-04-25,33.39444351196289,33.47993289925257,33.241946070614006,33.25119026285557,75486000,64.51106579709122,0.20441239688398838,0.23670219625975442,33.58972711347901,32.47456693864502,33.03214702606201
2017-04-26,33.19804763793945,33.4106217690531,33.12873381869219,33.380583430294884,80164800,59.41247402469742,0.20845392533754392,0.23105254207531234,33.586544262692975,32.47497803039784,33.03076114654541
2017-04-27,33.22346496582031,33.30895788839654,33.112559325774114,33.25350330556007,56985200,59.854688617217114,0.21127241480774472,0.2270965166217988,33.57631009812368,32.47758814101207,33.026949119567874
2017-04-28,33.19111633300781,33.3413045015207,33.10331765321541,33.29278130230845,83441600,58.97402114942175,0.2084924524895868,0.22337570379535643,33.56838848207318,32.479040030500066,33.023714256286624
2017-05-01,33.86811065673828,34.01136391757358,33.49380192971616,33.526149553957254,134411600,69.19069376842903,0.2579436821676495,0.23028929946981505,33.71239835708399,32.40249918014745,33.05744876861572
2017-05-02,34.08299255371094,34.217005155060875,33.928185805330884,34.08992393605431,181408800,71.60756058236204,0.31088956976888227,0.2464093535296285,33.89351216313697,32.3094171428933,33.101464653015135
2017-05-03,33.979007720947266,34.07836337966752,33.33436468419537,33.639355989291474,182788000,68.79512044900835,0.34053340308478397,0.26523416344065964,33.996410176722385,32.25943012479129,33.127920150756836
2017-05-04,33.85654067993164,33.99748458664836,33.69018054329469,33.85423139562067,93487600,65.53072122594719,0.35010845550955594,0.2822090218544389,34.08031658939565,32.233516647298686,33.15691661834717
2017-05-05,34.41801834106445,34.42263691120523,33.90969357549422,33.90969357549422,109310800,72.0734736913636,0.3984106780351766,0.30544935309058646,34.29307912266541,32.14321390711975,33.21814651489258
2017-05-08,35.353797912597656,35.51322675874134,34.434198084508445,34.434198084508445,195009600,79.16996962089041,0.5063630896743021,0.3456321004073296,34.749655522173576,31.910068904095958,33.32986221313477
2017-05-09,35.58022689819336,35.78586608965602,35.455454991771575,35.55249784919626,156521600,80.46361261777909,0.6032333815225783,0.3971523566303794,35.17348908159412,31.7362380149635,33.45486354827881
2017-05-10,35.411556243896484,35.568675779877275,35.145843892303795,35.497049156002355,103222800,76.64504224658307,0.658799245943861,0.44948173449307577,35.4708365760349,31.707608477065694,33.589222526550294
2017-05-11,35.71780776977539,35.74565127496851,35.33731290713693,35.36979404638002,109020400,78.62823562386467,0.7192563925441178,0.5034366661032842,35.791940049227065,31.681919356290507,33.736929702758786
2017-05-12,36.21662902832031,36.29087011398681,35.88485410936519,35.891814100515845,130108000,81.39885591308033,0.798218458026021,0.5623930244878316,36.167338202098875,31.669147469898192,33.918242835998534
2017-05-15,36.12382507324219,36.34423306457839,35.97302053711184,36.19574734555601,104038800,79.3381088399842,0.8435836529924927,0.6186311501887638,36.464030660058604,31.707779108618148,34.085904884338376
2017-05-16,36.070457458496094,36.20734198695468,35.89645062192659,36.17950202596057,80194000,78.11341368639731,0.8652554501176226,0.6679560101745357,36.68667923553028,31.829674371647453,34.25817680358887
2017-05-17,34.859375,35.86165623339559,34.7340916159149,35.63660707330941,203070800,56.71703488644289,0.775763750889837,0.6895175583175959,36.67800210966922,32.07380071625852,34.37590141296387
2017-05-18,35.39066696166992,35.57627495183137,35.06353681745834,35.09601795022325,134272800,61.67639081001623,0.7391908239256182,0.6994522114392004,36.73934089405555,32.26037491099816,34.499857902526855
2017-05-19,35.511314392089844,35.72476235196621,35.41155217244053,35.58555900779195,107843200,62.720972391146915,0.7117372907087969,0.7019092272931198,36.78133015565466,32.48229060240199,34.63181037902832
2017-05-22,35.727088928222656,35.863973471889224,35.47651863090263,35.7294077451704,91865600,64.58042903154191,0.6993299294958533,0.7013933677336665,36.851445764032526,32.666003042730175,34.75872440338135
2017-05-23,35.68301773071289,35.93822574135767,35.569331941676616,35.93822574135767,79675600,63.87958255763449,0.6781238395191735,0.6967394620907679,36.90433950030868,32.84196672832901,34.873153114318846
2017-05-24,35.5762825012207,35.76885052211112,35.42083679427562,35.69228707716587,76712000,62.121254900657846,0.6452669833156222,0.6864449663357387,36.89123326484622,33.092896450119596,34.99206485748291
2017-05-25,35.6992301940918,35.8105970832866,35.50434344826645,35.66674906978757,76942400,63.371942667100406,0.6219787554271647,0.673551724154024,36.85366034415887,33.378045893634095,35.11585311889648
2017-05-26,35.638916015625,35.78508287337368,35.5693125814505,35.729399417998536,87710400,62.285457763421135,0.5918335283955258,0.6572080850023243,36.746173253633835,33.73031295242085,35.238243103027344
2017-05-30,35.65284729003906,35.82917297765768,35.57396502506591,35.59484499988018,80507600,62.4456138531453,0.5625822581286073,0.6382829196275809,36.706221111602815,33.94873875778195,35.327479934692384
2017-05-31,35.44169998168945,35.768833580554094,35.35353895304925,35.72243248018919,97804800,58.39788754548412,0.5164097424884204,0.6139082841997489,36.65053516080746,34.14029545137516,35.39541530609131
2017-06-01,35.53915786743164,35.57396136205059,35.31643107865565,35.536839050528435,65616400,59.69646673995676,0.48212410154761187,0.5875514476693215,36.54760876577403,34.39923686105702,35.473422813415525
2017-06-02,36.065826416015625,36.065826416015625,35.471883480111885,35.63197038115358,111082800,65.89243101395209,0.49178128586510184,0.5683974153084776,36.39159550339907,34.776178697040386,35.58388710021973
2017-06-05,35.71316146850586,35.83380719987951,35.60412044112713,35.80828605555389,101326800,59.316586577940186,0.4656102944507836,0.5478399911369389,36.25454134942624,35.04274716375735,35.648644256591794
2017-06-06,35.83380508422852,36.14933760445317,35.67835941076034,35.70619937013436,106499600,60.7592980965346,0.44942384836387816,0.5281567625823268,36.267856553361696,35.077432676984984,35.67264461517334
2017-06-07,36.04726791381836,36.18879366602264,35.840779869472385,35.966066818730944,84278400,63.243028413976965,0.44864889440707145,0.5122551889472757,36.31118468156799,35.08080865034119,35.69599666595459
2017-06-08,35.95909881591797,36.08670101408541,35.822210729231124,36.01941991941855,85003200,61.51121617711388,0.4358954965239903,0.49698325046261865,36.33421055130459,35.11253703780674,35.72337379455566
2017-06-09,34.56471633911133,36.00549447499846,33.87797135357596,36.00549447499846,259530800,41.94771266027812,0.3097032579070955,0.45952725195151406,36.45838344487546,34.87305500116947,35.665719223022464
2017-06-12,33.73877716064453,33.8942228985397,33.063629544575214,33.81302180331773,289229200,34.87267960830792,0.14141842700012575,0.3959054869612364,36.65934168075073,34.42431157852661,35.54182662963867
2017-06-13,34.010215759277344,34.2097437423721,33.676122062916065,34.142462655827934,136661600,38.54137176802053,0.02961295279586551,0.32264698012816223,36.70326430370152,34.16902802417933,35.43614616394043
2017-06-14,33.678443908691406,34.2213443869501,33.37219017828201,34.2213443869501,126124800,35.88086949372351,-0.08478752878180273,0.24116007834616923,36.76077689859593,33.87231407430446,35.316545486450195
2017-06-15,33.476585388183594,33.520667675588555,32.994009663374705,33.25153985910825,128661600,34.32819756467872,-0.18955397007226082,0.15501726866248325,36.89117392215091,33.60363808956784,35.247406005859375
2017-06-16,33.0079460144043,33.52532547863764,32.99170367301799,33.358278590962286,201444400,30.97677412135488,-0.3068601180506292,0.06264179131986077,37.03723062909088,33.219309287901304,35.12826995849609
2017-06-19,33.95220947265625,34.045015233013565,33.33042680906225,33.33042680906225,130165600,43.04284066989397,-0.3199438029246906,-0.013875327529049505,37.016809514457286,33.08381991059154,35.05031471252441
2017-06-20,33.64363479614258,34.07517181859464,33.62739600173428,34.07517181859464,99600400,40.54827668884005,-0.3511641136684247,-0.08133308475692455,36.977850401445664,32.91443361039515,34.94614200592041
2017-06-21,33.84318161010742,33.88958628326422,33.550851286189,33.761980512442065,85063200,42.85472255812737,-0.3557043364856227,-0.1362073351026642,36.910529589771706,32.797770810008565,34.854150199890135
2017-06-22,33.78749084472656,34.03573877374179,33.66916392232728,33.81997198142515,76425200,42.36079192560098,-0.35965044862081186,-0.18089595780629375,36.84316096843129,32.68626026569957,34.76471061706543
2017-06-23,33.93830490112305,34.142474126421085,33.6668545666769,33.67149574184624,141757600,44.23522753292564,-0.3466128003689377,-0.21403932631882255,36.73842845088171,32.61490025395227,34.67666435241699
2017-06-26,33.83157730102539,34.40231785027864,33.72949270452707,34.14478754190472,102769600,43.165414120835734,-0.34096199789598103,-0.23942386063425425,36.62978836054798,32.542806472826044,34.58629741668701
2017-06-27,33.34667205810547,33.91045609832989,33.32115091159032,33.643643468366285,99047600,38.59800936971459,-0.37133102390770034,-0.2658052932889435,36.52098847828452,32.42098883189614,34.47098865509033
2017-06-28,33.833892822265625,33.89885509731291,33.21442885223566,33.52300142879953,88329600,44.906005796156,-0.35202611411028073,-0.2830494574532109,36.40786648965087,32.37333010458741,34.39059829711914
2017-06-29,33.335079193115234,33.6714953555342,33.010267738576154,33.57405191917247,125997600,40.33711264641852,-0.3726808917897131,-0.3009757443205114,36.27533236520854,32.285456361598094,34.28039436340332
2017-06-30,33.413963317871094,33.63205251495539,33.35827983983494,33.51372556665097,92096400,41.3533284072746,-0.3783235835319303,-0.3164453121627952,35.99767711800109,32.29792529899109,34.14780120849609
2017-07-03,33.29330825805664,33.710925376297865,33.20050602741556,33.61348197207128,57111200,40.224790727365615,-0.38805802105269294,-0.33076785394077474,35.764463599102115,32.289153496845145,34.02680854797363
2017-07-05,33.43019485473633,33.59260053849096,33.11234347794667,33.337392618356084,86278400,42.153568689239094,-0.38034267497567953,-0.3406828181477557,35.44929259457488,32.363963478423166,33.90662803649902
2017-07-06,33.11466979980469,33.29331786251225,33.040428701910386,33.18195444558119,96515200,39.02756028355145,-0.39513358855688807,-0.35157297222958217,34.98587919135025,32.534117070246424,33.75999813079834
2017-07-07,33.45108413696289,33.583331077798874,33.15411264967926,33.15411264967926,76806800,43.811935120632924,-0.37538249294485126,-0.356334876372636,34.33585327367452,32.93334152002665,33.63459739685059
2017-07-10,33.65523910522461,33.861727060320725,33.26314316415742,33.43483117071179,84362400,46.552794581644015,-0.3393442582542008,-0.352936752748949,34.146393023882304,33.03185404643019,33.58912353515625
2017-07-11,33.76428985595703,33.83853448003167,33.49748076106818,33.57868183594897,79127200,48.01161687940257,-0.2985427978739992,-0.3420579617739591,34.14914793327889,33.03165040656486,33.590399169921874
2017-07-12,33.81300354003906,33.91508455830899,33.59955561791149,33.84316231217853,99538000,48.68540797891731,-0.25928765271630994,-0.32550389996242923,34.11576991205717,33.04530720586275,33.58053855895996
2017-07-13,34.283992767333984,34.45103963699194,33.74341102804902,33.75733101049074,100797600,54.786799466127015,-0.18800556185166784,-0.298004232340277,34.22714236048051,32.99448964330367,33.61081600189209
2017-07-14,34.57863998413086,34.645924615900284,34.18190634507622,34.33039205013278,80528400,58.14002688856844,-0.10651063505538616,-0.25970551288329885,34.40851284529011,32.92332461808879,33.66591873168945
2017-07-17,34.69929504394531,35.010186519241415,34.4696082039215,34.527610503350445,95174000,59.465735079046944,-0.03182263196706003,-0.2141289367000511,34.55660472492387,32.94436764140913,33.7504861831665
2017-07-18,34.81992721557617,34.83152837896584,34.49279352494887,34.6157580684877,71475200,60.802364911876694,0.03667934006377749,-0.1639672813472854,34.722796249030566,32.86494789159444,33.7938720703125
2017-07-19,35.038021087646484,35.13082332697542,34.7897696101649,34.91273417035607,83692000,63.167137183395084,0.10732877985350342,-0.10970806910712763,34.93528355443281,32.79189921534259,33.8635913848877
2017-07-20,34.88025665283203,35.2050716045532,34.845456694516386,35.14938813106929,68974800,60.33166684045601,0.1488725879673396,-0.05799193769223419,35.074930885728676,32.75595938831917,33.91544513702392
2017-07-21,34.864013671875,34.90345479996306,34.54152111616352,34.799051397356024,105010400,60.03287798733935,0.1784288654962225,-0.010707777054542851,35.197888460563874,32.740654096198824,33.96927127838135
2017-07-24,35.2862663269043,35.36747093524196,34.7781657860091,34.93593382901929,85972800,64.89946153139815,0.23323608828619058,0.03808099601360383,35.392410323663185,32.68092837567764,34.03666934967041
2017-07-25,35.43708038330078,35.69228833526864,35.21899120640794,35.21899120640794,75415600,66.46986319915031,0.2855490099192295,0.08757459879472897,35.59886044270588,32.63502856486249,34.11694450378418
2017-07-26,35.604122161865234,35.71316319451389,35.51131638702401,35.57860101630619,63124000,68.16857987879422,0.33660606749533883,0.13738089253485095,35.80105524346916,32.65857877447518,34.22981700897217
2017-07-27,34.931297302246094,35.72709053321311,34.17494874241261,35.671407062358746,129905200,55.88691205227483,0.3190994307264319,0.17372460017316715,35.87333771424922,32.69603675169317,34.284687232971194
2017-07-28,34.68537139892578,34.85473710413864,34.613449121650966,34.77585483488103,68854800,52.1859580255493,0.28212892324117433,0.1954054647867686,35.887563668875366,32.81684001764807,34.35220184326172
2017-07-31,34.506717681884766,34.877933714220624,34.36751432489266,34.778167945206754,79383600,49.61548369915643,0.2356967029318895,0.20346371241579278,35.88132643401252,32.93235268891229,34.406839561462405
2017-08-01,34.81297302246094,34.85241415241093,34.43247816509669,34.59256504206811,141474400,53.815155865065144,0.22106280589300553,0.20698353111123535,35.87423079601457,33.09141480335066,34.482822799682616
2017-08-02,36.45790863037109,37.06345250301335,36.230540711117264,36.95440794639433,279747200,68.83896563615036,0.33829820222411655,0.2332464653338116,36.184348286936,33.084068689992705,34.63420848846435
2017-08-03,36.09366989135742,36.4741648055772,35.96606413411134,36.43704248707304,108389200,63.88342860821533,0.3972379643032511,0.26604476512769953,36.292593795196815,33.273723190887175,34.783158493041995
2017-08-04,36.28390121459961,36.51822911955738,36.12149556065968,36.20966014716039,82239600,65.28884816702468,0.45406406050076953,0.30364862420231353,36.43929851518858,33.41030017865907,34.92479934692383
2017-08-07,36.84536743164063,36.87088857620592,36.348868061152366,36.439351475487854,87481200,69.10960363716953,0.538200739388131,0.35055904723947706,36.69901881993009,33.46959270655917,35.08430576324463
2017-08-08,37.14002227783203,37.54603825885882,36.72008631531287,36.79664975369933,144823600,70.91872735693138,0.6214916779346566,0.40474557337851297,36.98226797986376,33.523916788813004,35.25309238433838
2017-08-09,37.36739730834961,37.41612079297304,36.914980123328064,36.94978008364546,104526000,72.26841521616483,0.6978037640971948,0.46335721152224935,37.25919851330827,33.60242563219955,35.43081207275391
2017-08-10,36.17716979980469,37.26723470908686,36.016454281468874,37.24394126576149,163217200,57.28166516827194,0.6546933321856585,0.5016244356549312,37.30185119074194,33.749090658012946,35.525470924377444
2017-08-11,36.6802864074707,36.934172225596136,36.35187149847819,36.47531896830066,105028400,60.96651360739689,0.6535911182546954,0.5320177721748841,37.4190665018438,33.842039989245066,35.630553245544434
2017-08-14,37.23230743408203,37.31615887536622,36.97609370957996,37.108859972480495,88490800,64.57697428201456,0.6893150938703201,0.5634772365139713,37.62114943259425,33.89325829750828,35.75720386505127
2017-08-15,37.63990783691406,37.77965783224533,37.29984276218854,37.420962268073296,117862000,67.0038743399268,0.7419636528393028,0.5991745197790377,37.8801180096685,33.91628778256783,35.898202896118164
2017-08-16,37.48850631713867,37.851861268607664,37.30216944215757,37.71909859976181,110686400,65.21654598625199,0.7626794834700803,0.6318755125172462,38.07639473387461,33.96505958131094,36.02072715759277
2017-08-17,36.76879501342773,37.43261922350006,36.76413561275204,37.38836380228439,111762400,57.380745202349374,0.7128054634862551,0.648061502711048,38.12559928047716,34.10470887076795,36.115154075622556
2017-08-18,36.6849365234375,37.15077698722718,36.50325902688598,36.76878794908287,109712400,56.528496353624945,0.658917671266245,0.6502327364220875,38.14542487434528,34.26697556205609,36.206200218200685
2017-08-21,36.61738204956055,36.775766061624765,36.12824826344732,36.684927336098575,105474000,55.80937994589079,0.6037998968670308,0.6409461685110762,38.17208009546304,34.37343191320395,36.272756004333495
2017-08-22,37.21599578857422,37.26723852587376,36.80605744425871,36.85496870453865,86418400,60.59325252042605,0.6014882078218236,0.6330545763732257,38.2627688729267,34.46063467626763,36.361701774597165
2017-08-23,37.26258087158203,37.376713074383446,37.006370727162285,37.05062614363796,77596400,60.94756180919596,0.5965386779229576,0.6257513966831721,38.35095167967247,34.53829774049354,36.444624710083005
2017-08-24,37.097206115722656,37.43959913896575,36.92950326539622,37.36739088206577,79275600,58.92222114353118,0.5726703913191358,0.615135195610365,38.34577023780719,34.76007006370648,36.55292015075683
2017-08-25,37.23463821411133,37.397681708539366,37.09721609409924,37.185723388742105,101920400,60.10860337262309,0.5584072527822599,0.603789607044744,38.27560261664407,35.08516436638815,36.68038349151611
2017-08-28,37.60963439941406,37.73308185201082,37.25093521127621,37.29985002932449,103864000,63.229242917384774,0.5707830393341311,0.5971882935026215,38.13020302187647,35.54085563290869,36.83552932739258
2017-08-29,37.94504165649414,37.99395292241599,37.26724282464148,37.29053627303937,118067600,65.80584046000733,0.6007306528460106,0.5978967653712993,37.995197142006695,35.989068376181784,36.99213275909424
2017-08-30,38.04752731323242,38.17330269453287,37.87516503492764,38.15234072332967,109078400,66.57651509081798,0.6255234434245125,0.603422100981942,38.142389920904606,36.00083746557,37.0716136932373
2017-08-31,38.19892501831055,38.320044556194304,38.07780548042678,38.11507357732661,107140400,67.73345931761237,0.6498968319646181,0.6127170471784773,38.256289293237664,36.097463605932255,37.17687644958496
2017-09-01,38.21056365966797,38.417862517958746,38.11273759156137,38.38525382858988,66364400,67.82566082180878,0.6625149985705363,0.6226766374568892,38.360514819167044,36.185904324509714,37.27320957183838
2017-09-05,37.751708984375,38.25714542591725,37.397669261394455,38.1406853180758,117874000,60.487174995011806,0.6282472063031435,0.62379075122614,38.406276946620586,36.230776352329606,37.318526649475096
2017-09-06,37.71211242675781,37.963666682533365,37.38835347382157,37.8984493074153,86606800,59.88503470771103,0.5910810088329725,0.6172488027475066,38.44464517880531,36.24961713503746,37.347131156921385
2017-09-07,37.56072235107422,37.788986780023535,37.35109552473771,37.75404660624655,87714000,57.52710131441187,0.5431495260444663,0.6024289474068986,38.458253435767524,36.255341382347716,37.35679740905762
2017-09-08,36.94814300537109,37.53509951790412,36.92484955709291,37.46755420442734,114446000,49.10221684265615,0.45053990339287253,0.5720511386040934,38.37634393221163,36.41434820646024,37.395346069335936
2017-09-11,37.61661529541016,37.74472212642734,37.24161360138557,37.38369507686272,126323200,56.57580236378971,0.42617357370152575,0.5428756256235799,38.37012783591845,36.51419719154737,37.44216251373291
2017-09-12,37.467552185058594,38.18960639379144,36.980749707380006,37.875162629389486,286856000,54.64880009830324,0.39033539122354455,0.5123675787435729,38.376902180280545,36.530947322282934,37.45392475128174
2017-09-13,37.18571090698242,37.25791915906749,36.78043200745177,37.23695363861418,179629600,51.10450561607226,0.33532571164386127,0.47695920532363056,38.35711672331461,36.505313086255704,37.43121490478516
2017-09-14,36.86661911010742,37.12748866854169,36.82236369128421,37.03199406138133,95042800,47.359503783035,0.2629509679302089,0.43415755784494625,38.35747312403064,36.44276796483654,37.40012054443359
2017-09-15,37.239288330078125,37.49317053339173,36.80139715072568,36.91086994556379,196458400,51.80188163584443,0.23297911541227734,0.3939218693584125,38.34003450367036,36.50725591686187,37.423645210266116
2017-09-18,36.95745086669922,37.383695295624975,36.80139474584889,37.292856552023125,113077600,48.470438893364715,0.18435910151287516,0.35200931578930506,38.31667755964698,36.55786429521141,37.437270927429196
2017-09-19,36.97142028808594,37.213659272855445,36.90387499764983,37.15309774962307,83242400,48.64672550865952,0.14527990940586477,0.310663434512617,38.28023788966962,36.62970778904132,37.45497283935547
2017-09-20,36.35186767578125,36.86196007366764,35.83012499967972,36.77810863561706,211805600,41.8143367932156,0.06358369683725584,0.2612474869775448,38.363365836583235,36.4601670308484,37.41176643371582
2017-09-21,35.72763442993164,36.28897304494731,35.578565622840415,36.28897304494731,150046800,36.28470805987891,-0.05094429212999785,0.1988091311560363,38.53701315179925,36.13302507146735,37.3350191116333
2017-09-22,35.378257751464844,35.46676858657564,35.06847338265814,35.296734239749,186581600,33.60603485243317,-0.16796414054749675,0.1254544768153297,38.72206654668008,35.77607684016074,37.24907169342041
2017-09-25,35.06614685058594,35.36428450753414,34.7423878221462,34.935712069931256,177549200,31.377525309642678,-0.2826299723914687,0.04383758697397002,38.89440902431153,35.38688522617676,37.14064712524414
2017-09-26,35.669403076171875,35.851080567151044,35.33166946109935,35.352631428347586,146640000,39.700667060299715,-0.3211240166966576,-0.029154733760155503,38.894839983359105,35.19243113480496,37.043635559082034
2017-09-27,35.92328643798828,36.03741863130181,35.76257090902376,35.82313244404268,102016800,42.842693131256645,-0.3273708314723862,-0.08879795330260165,38.80657910662884,35.07851648968464,36.94254779815674
2017-09-28,35.7020149230957,35.93493516844684,35.56692075430234,35.84409641492313,88022000,40.84507300362046,-0.3461856267841412,-0.14027548799890957,38.69160195988242,34.95894239741739,36.825272178649904
2017-09-29,35.89765930175781,35.89999077831816,35.40386962586066,35.68570462549336,105199200,43.359781285222915,-0.3413744689524023,-0.18049528418960814,38.50601994035129,34.914397845293244,36.710208892822266
2017-10-02,35.82546615600586,35.97453498662579,35.571583914714,35.93027956667778,74795200,42.63946748218954,-0.3394737333441853,-0.2122909740205236,38.28635705945491,34.89555097582342,36.59095401763916
2017-10-03,35.98151779174805,36.12359928075232,35.84875510265796,35.872044994281765,64921200,44.7751005199865,-0.32166734295552857,-0.2341662478075246,38.12967148265399,34.87521743336164,36.502444458007815
2017-10-04,35.748592376708984,35.83710319267838,35.51101632449689,35.783532540208626,80655200,42.24673508990016,-0.3226316873782977,-0.25185933572167923,37.963214558820425,34.84532235219032,36.404268455505374
2017-10-05,36.193477630615234,36.20512435397174,35.88136534751433,35.91164256334408,85135200,48.25671583403845,-0.28422109153035535,-0.25833168688341446,37.80322649932635,34.8685859396385,36.335906219482425
2017-10-06,36.172508239746094,36.21676364697264,36.00014601004277,36.09564414626003,69630400,48.003151144886836,-0.25256110497773676,-0.2571775705022789,37.73843836592654,34.855810596475806,36.29712448120117
2017-10-09,36.29829025268555,36.50558912928541,36.21677029910365,36.29130292963798,65051600,49.71013301426916,-0.21484419020796963,-0.24871089444341707,37.539564058022656,34.922852400107224,36.23120822906494
2017-10-10,36.31227111816406,36.801405139755445,36.125937732873545,36.34953921685477,62468000,49.9069802389407,-0.18173025130222697,-0.23531476581517907,37.35414447411342,34.99274387732701,36.17344417572021
2017-10-11,36.46365737915039,36.56381135742944,36.2773205116134,36.32856323903808,67622400,52.093629689791385,-0.14163888517144585,-0.21657958968643246,37.23312776284,35.04155523581723,36.13734149932861
2017-10-12,36.33555221557617,36.65465176118932,36.27266276467597,36.41707570948683,64500400,50.10061779995333,-0.11883336765983898,-0.19703034528111377,37.15931833810942,35.062257971094674,36.11078815460205
2017-10-13,36.5661506652832,36.63369597276531,36.43105649623809,36.50558912676728,65576800,53.545892263778576,-0.08121625262244692,-0.1738675267493804,37.01609499621285,35.13816754651176,36.077131271362305
2017-10-16,37.239288330078125,37.26723762098803,36.719873646797474,36.77810370558026,96486000,61.830584159074974,0.002878978887622452,-0.13851822562197985,37.08921504873957,35.09323124032293,36.09122314453125
2017-10-17,37.376712799072266,37.46987947743301,37.0878904096244,37.21599725793115,75989200,63.27073931867501,0.0796953831085716,-0.09487550387586957,37.19310348222271,35.02987205793842,36.111487770080565
2017-10-18,37.21134185791016,37.432618962445325,37.1740773150086,37.36507009240364,65496800,60.32126884161716,0.12577898218489025,-0.05074460666371761,37.33466692449959,34.97425603387444,36.15446147918701
2017-10-19,36.33089828491211,36.5871119722712,36.10729684329039,36.51024786606347,170336800,47.598967240359734,0.0902161724222168,-0.022552450846530733,37.35040138453835,35.01884795933372,36.184624671936035
2017-10-20,36.393775939941406,36.743156188964846,36.326230655591935,36.47762734187022,95896400,48.43539115008855,0.06634134896465582,-0.004773690884293424,37.343293130405215,35.12750803231451,36.23540058135986
2017-10-23,36.37515258789063,36.72919233940038,36.21909645729743,36.542855441022574,87937200,48.1900388865357,0.04539435265665759,0.005259917823896778,37.27078190046779,35.33091983598242,36.300850868225105
2017-10-24,36.59177017211914,36.666302798854936,36.38213982913323,36.4031017972076,71028800,51.28135218424088,0.045745608961702544,0.01335705605145793,37.27940696473413,35.41453148131081,36.34696922302247
2017-10-25,36.43104934692383,36.69657823284768,36.16552046099998,36.54750944696201,84828400,48.94775617959402,0.03267845780094092,0.01722133640135453,37.284702907961616,35.460011828976874,36.372357368469245
2017-10-26,36.663970947265625,36.76179700854424,36.51723007830754,36.62204346152888,68002000,52.333119108368095,0.04064889771306923,0.02190684866369747,37.28662875883932,35.554281580516154,36.42045516967774
2017-10-27,37.97764205932617,38.1057488893798,36.96443769463346,37.10185976956351,177816800,66.01934521141234,0.15122458581186748,0.047770396093331474,37.59089535224592,35.45801326286639,36.524454307556155
2017-10-30,38.83247375488281,39.14691759005471,38.13371283590687,38.17330886149236,178803200,71.71126916969735,0.3043263047848228,0.09908157783162974,38.094152925758685,35.25545644924133,36.67480468750001
2017-10-31,39.372840881347656,39.51492238822658,38.88371044674246,39.10731191568161,144187200,74.60685729494573,0.4639158974897768,0.17204844176325917,38.649721006121446,35.03902067783853,36.84437084197999
2017-11-01,38.87206268310547,39.58247019850598,38.573925029770365,39.56616407408114,134551200,67.69173095268079,0.5437155694359888,0.24638186729780512,38.93545761094691,35.065631103652706,37.00054435729981
2017-11-02,39.15622329711914,39.2470620522876,38.497058564350645,38.80451499973989,165573600,69.42358424851045,0.6227085742788674,0.3216472086940176,39.25942314027559,35.03794014097443,37.14868164062501
2017-11-03,40.17873764038086,40.58867594495288,39.85730660195206,40.52811796768852,237594400,74.68262256886696,0.7590693823871391,0.4091316434326419,39.786285852379955,34.91170036893353,37.34899311065674
2017-11-06,40.58635330200195,40.75871556536482,39.99706535761069,40.14846209750659,140105200,76.42348893410644,0.8897707590982904,0.5052594665657717,40.325972228459825,34.8008202977853,37.56339626312256
2017-11-07,40.71677780151367,40.8192632536564,40.43494636220121,40.50715105237085,97446000,76.96918279334669,0.9924365184871888,0.6026948769500551,40.802483861900015,34.76475933268007,37.78362159729004
2017-11-08,41.04987335205078,41.04987335205078,40.60499474340489,40.681858865899855,97638000,78.34756783716988,1.088134561715222,0.6997828139030885,41.28224648314769,34.743618308722446,38.01293239593507
2017-11-09,40.96601486206055,41.0172576015806,40.327812095180505,40.78666527374036,117930400,77.0965626538688,1.1440217010916314,0.7886305913407972,41.65845920636178,34.83045185015678,38.24445552825928
2017-11-10,40.83042907714844,40.99639849993857,40.736927487906414,40.93328296542886,100582000,75.01106022973785,1.1639546770078937,0.8636954084742166,41.957339548569294,34.95799934913579,38.45766944885254
2017-11-13,40.66679763793945,40.7906888430598,40.53355413421182,40.55693131387321,67928400,72.46345577774304,1.1532540199454644,0.9216071307684661,42.20806315495676,35.05002667353446,38.62904491424561
2017-11-14,40.05202102661133,40.55226208172439,40.01461895951602,40.449408180641015,99130000,63.708758967748295,1.0826858094350982,0.9538228665017926,42.344584171659406,35.18103647958573,38.76281032562257
2017-11-15,39.52373123168945,39.8135919089244,39.36010164246712,39.73177533088447,116632400,57.30209246106745,0.972916249931103,0.9576415431876548,42.401215862438654,35.35564372618439,38.87842979431152
2017-11-16,39.99591445922852,40.17590518761419,39.80890772349603,40.01461192263064,94550000,61.07031767121721,0.9134941317196237,0.9488120608940487,42.41242220500129,35.71093900105339,39.06168060302734
2017-11-17,39.77384567260742,40.063706318434406,39.65463060627536,39.98188974925974,87598000,58.45736732145335,0.8388132626015974,0.9268123012355585,42.3597595646572,36.10160861466408,39.23068408966064
2017-11-20,39.734107971191406,39.86968778033293,39.63593022668008,39.80657224212664,65049600,57.97931660163376,0.767573525571656,0.894964546102778,42.2443589372599,36.55290478039146,39.39863185882568
2017-11-21,40.4727897644043,40.603693446612,39.92112169877338,39.92112169877338,100525200,63.89074680629559,0.7619378230771758,0.8683592014976576,42.16223688724685,37.023128789633034,39.59268283843994
2017-11-22,40.89822006225586,40.9075687942775,40.45174231251265,40.52420657796541,102355600,66.78857522225664,0.7827767941927206,0.8512427200366702,41.994286559983216,37.63779618842987,39.81604137420654
2017-11-24,40.90056228637695,41.024453513062106,40.82575815192538,40.93095191185509,56106800,66.80437022804249,0.7903699342365726,0.8390681628766508,41.7051880114028,38.350553870921416,40.02787094116211
2017-11-27,40.69485092163086,40.92627217962039,40.51953275956953,40.91925973848651,82867200,63.92867722983283,0.7709018874053086,0.8254349077823824,41.57364098400114,38.753821784553544,40.16373138427734
2017-11-28,40.4564323425293,40.87719319814768,40.173584057546734,40.74395321169737,105715200,60.66902580690776,0.7278447915561159,0.8059168845371292,41.51935391302892,38.97050471429041,40.24492931365967
2017-11-29,39.61722946166992,40.42135602235848,39.07491378830195,40.35356790075893,166665600,50.84223653808659,0.6188711129555102,0.7685077302208054,41.50224093837001,39.012056546981555,40.25714874267578
2017-11-30,40.171234130859375,40.23902224712282,39.37412007422577,39.83929528972765,166108800,55.91837394963737,0.5706343171444388,0.7289330476055321,41.39502841975552,39.249186210371434,40.32210731506348
2017-12-01,39.984222412109375,40.12915092551341,39.38814005400389,39.72708772685399,159037200,53.89520809097555,0.5114206868264191,0.6854305754497095,41.30969964259507,39.417314899030906,40.36350727081299
2017-12-04,39.6920280456543,40.35122240453448,39.65228969484031,40.31849649404904,130169600,50.80242745201036,0.4358911331355344,0.6355226869868746,41.32723051849146,39.351113063661856,40.33917179107666
2017-12-05,39.65464019775391,40.09410563907776,39.36477948181677,39.51906035805063,109400800,50.40385613619055,0.36876563017614217,0.5821712756247281,41.31683030417424,39.26834196755427,40.292586135864255
2017-12-06,39.507362365722656,39.785534421794935,38.9112834648331,39.15438974818077,114240000,48.780334976965996,0.3002233078644281,0.5257816820726682,41.291255024058934,39.17297570409048,40.23211536407471
2017-12-07,39.579833984375,39.84164132481947,39.48399252337033,39.51204229074438,102693200,49.63993366785281,0.24888192169658652,0.4704017299974519,41.1840475653026,39.13317922607924,40.15861339569092
2017-12-08,39.59150695800781,39.97253282752388,39.46294318543951,39.85331778561536,93420800,49.78611135738891,0.2067521051118959,0.41767180502034074,41.07302839390995,39.10674760706661,40.08988800048828
2017-12-11,40.36292266845703,40.41434962364538,39.45594207716192,39.55178354518181,141095200,58.38326130460009,0.23292570030091042,0.3807225840764547,40.99904084557688,39.133984514530546,40.06651268005371
2017-12-12,40.136173248291016,40.2974665390438,40.08007371540823,40.241363439303626,77636800,55.38175178923044,0.23268938152919105,0.351115943567002,40.93199898836195,39.147963932780634,40.03998146057129
2017-12-13,40.26941680908203,40.56628634914208,40.206301267674334,40.3231800504292,95273600,56.78761898876283,0.24048161661126244,0.3289890781758541,40.94847131755347,39.153231181836176,40.05085124969482
2017-12-14,40.257720947265625,40.470441149509966,40.12447744689607,40.29979558936755,81906000,56.618977476927604,0.24291310963196366,0.31177388446707605,40.95549214413845,39.21960932680882,40.087550735473634
2017-12-15,40.66679763793945,40.7135484304054,40.31382505293616,40.58732093406165,160677200,60.98331548047692,0.2746827833670977,0.3043556642470804,41.023451475733175,39.21873831308519,40.12109489440918
2017-12-18,41.2395133972168,41.42184403117261,40.87485212930518,40.87952827980239,117684400,66.12203579881047,0.34212999249375997,0.3119105298964163,41.20374499603362,39.185011565245674,40.19437828063965
2017-12-19,40.800048828125,40.99874420947974,40.69485862434924,40.91459133308757,109745600,59.63191484114174,0.35601732755155524,0.32073188942744413,41.266722171235116,39.22862847573754,40.24767532348633
2017-12-20,40.755638122558594,41.00575689448895,40.49850334126773,40.87718950384352,93902400,59.00165554234396,0.35929780639722253,0.3284450728213998,41.30062782255226,39.22300766023582,40.26181774139404
2017-12-21,40.90990447998047,41.14600187060093,40.69718783621033,40.71354900872024,83799600,60.56097435688371,0.37007956840514566,0.336771971938149,41.3026551626149,39.22214876194565,40.26240196228027
2017-12-22,40.90990447998047,41.00574592435399,40.79068942247038,40.83276406623033,65397600,60.56097435688371,0.37430938686257775,0.34427945492303474,41.30427582740042,39.22146231652049,40.26286907196045
2017-12-26,39.872032165527344,40.08241256095756,39.66398449497271,39.92579541025149,132742000,46.70162947832077,0.290564480092371,0.333536459956902,41.25661303452784,39.1868432337827,40.22172813415527
2017-12-27,39.87903594970703,39.92111059291548,39.670991891177096,39.76215718498556,85992800,46.79012384130156,0.22219980395234273,0.3112691287559902,41.23214810309354,39.15356852593478,40.19285831451416
2017-12-28,39.991241455078125,40.17123576447634,39.85098550053407,39.97254042334844,65920800,48.27193878936768,0.17505641077877243,0.2840265851605467,41.22179877248045,39.201319055888696,40.21155891418457
2017-12-29,39.55879211425781,39.87670254845045,39.556455822653554,39.86034137350581,103999600,43.27045421074925,0.10162837571092354,0.24754694327062204,41.23056979703972,39.131303829669264,40.18093681335449
2018-01-02,40.267066955566406,40.27641925330551,39.56579443310673,39.77617832995853,102223600,52.03586148386553,0.09944168742072179,0.217925892100642,41.24134562186805,39.148812459186644,40.19507904052735
2018-01-03,40.26007843017578,40.80239788177346,40.196966433802565,40.33020643744908,118071600,51.95056689115389,0.09603774229130835,0.1935482621387753,41.24410875431527,39.20285436519156,40.22348155975342
2018-01-04,40.44706726074219,40.5499211500562,40.224998308918046,40.33252478094121,89738400,54.11766733797116,0.10719287441695968,0.1762771845944122,41.25339704996044,39.27280877584522,40.26310291290283
2018-01-05,40.90757369995117,40.99406285723671,40.45174716352319,40.54291247080879,94640000,59.01964386041562,0.15144663548458936,0.1713110747724476,41.29743517087033,39.36879178835818,40.333113479614255
2018-01-08,40.755638122558594,41.050171408244445,40.65745679380547,40.755638122558594,82271200,56.86115471413423,0.17227228102495218,0.17150331602294852,41.30749671058093,39.47631066246594,40.391903686523435
2018-01-09,40.75096130371094,40.921603346574265,40.53590474782042,40.80238825912582,86336000,56.792302404786476,0.18625237353710133,0.1744531275257791,41.29989095179788,39.59986185581931,40.449876403808595
2018-01-10,40.74160385131836,40.74394370972359,40.44005816620148,40.47746023211193,95839600,56.64450989601901,0.19433643986103277,0.17842978999282985,41.327064229455885,39.61055669644743,40.46881046295166
2018-01-11,40.97301483154297,41.02210547657908,40.78834797363013,40.81172158381117,74670800,59.45457161124297,0.21691558494913465,0.18612694898409082,41.38146331094407,39.639841773284445,40.51065254211426
2018-01-12,41.396114349365234,41.45922987236905,41.05950298248666,41.18339417073276,101672400,64.04332327909543,0.26588535434645166,0.20207863005656299,41.5108022888348,39.62317254942203,40.56698741912842
2018-01-16,41.18573760986328,41.933760953052094,41.174049020608194,41.58546096764788,118263600,60.38389167627729,0.28443976021773665,0.21855085608879773,41.582725948111246,39.64405055640536,40.613388252258304
2018-01-17,41.86597442626953,41.90103662850465,40.92393187974709,41.17638686955348,137547200,66.95820633335136,0.34999911472800704,0.24484050781663963,41.786207923528394,39.56048625982122,40.673347091674806
2018-01-18,41.90337371826172,42.09973275509077,41.66727989604684,41.92908718934309,124773600,67.2797084019617,0.4003581067713,0.2759440276075717,41.920021203225296,39.493059012228805,40.70654010772705
2018-01-19,41.71638107299805,41.97818843235449,41.4709348901725,41.75144328474837,129700400,63.93026612948099,0.42033387975544656,0.30482199803714666,42.04322724026756,39.46148619967385,40.752356719970706
2018-01-22,41.37508773803711,41.5574183478053,41.28158614164321,41.44521571876117,108434400,58.232055696533585,0.4039686053187381,0.32465131949346493,42.102444871397566,39.4642135300917,40.78332920074463
2018-01-23,41.38444137573242,41.9454617211586,41.33301798842127,41.44522063076343,130756400,58.341645840935186,0.3872893374101878,0.3371789230768095,42.151257373097714,39.46285471796674,40.80705604553223
2018-01-24,40.725242614746094,41.44521633156787,40.48680890350173,41.433527740131495,204420400,48.65308439700224,0.31722232506799486,0.3331876034750466,42.14160840254961,39.45403750199141,40.79782295227051
2018-01-25,39.99825668334961,40.89588486778186,39.86267686900453,40.79303096952992,166116000,40.63801302574171,0.20071826873329712,0.30669373652669674,42.13155405808218,39.476714298241056,40.80413417816162
2018-01-26,40.09176254272461,40.20630504465316,39.75281475426623,40.20630504465316,156572000,41.962367392636686,0.11461193111371415,0.26827737544410024,42.11551042590206,39.514030589722935,40.8147705078125
2018-01-29,39.26190948486328,39.77617524811732,39.05386546199367,39.77617524811732,202561600,34.5873909489672,-0.02035552241891736,0.21055079587149672,42.204221345362946,39.352386473240564,40.778303909301755
2018-01-30,39.03050231933594,39.124003921961055,38.49987162895176,38.693890842913504,184192800,32.853421092570386,-0.14432711292195677,0.13957521411280605,42.28289232919245,39.220886509918884,40.75188941955567
2018-01-31,39.13803482055664,39.37413228878434,38.92064195595757,39.007131130020674,129915600,34.49678588833304,-0.2312330072309834,0.06541356984404817,42.37028632617042,39.020589299439926,40.695437812805174
2018-02-01,39.21984100341797,39.41619648711814,38.98140730643512,39.07724875688061,188923200,35.78438828717965,-0.2901606875328113,-0.005701281631323732,42.4300054202612,38.85684646267337,40.643425941467285
2018-02-02,37.5180778503418,38.99075077839937,37.42457627932645,38.80374406951238,346375200,24.843901672892315,-0.468775609524279,-0.09831614720991479,42.74462529499125,38.24932764690328,40.49697647094727
2018-02-05,36.58071899414063,38.30818708507509,36.46617651460954,37.190826320809336,290954000,21.02996821091068,-0.6781489687356412,-0.21428271151506006,43.09104385302573,37.47022361828774,40.280633735656735
2018-02-06,38.109500885009766,38.27079419819336,35.998670062167655,36.19268929636981,272975200,37.80103822210468,-0.7125056210542979,-0.31392729342290765,43.10231102108393,37.194342726474666,40.1483268737793
2018-02-07,37.293678283691406,38.19598257725575,37.183815515739305,38.12351830681924,206434400,33.68930104890005,-0.796383369602232,-0.41041850865877255,43.163512965022356,36.78741248053428,39.97546272277832
2018-02-08,36.26747894287109,37.63496190465887,36.2394291809823,37.46899249081761,217562000,29.36277435224811,-0.9348860160844055,-0.5153120101438992,43.300829695359674,36.202683259352234,39.751756477355954
2018-02-09,36.711082458496094,37.05845311203358,35.2629186182967,36.86599229990847,282690400,33.34761546640971,-0.9973583388216127,-0.6117212758794419,43.275654016511005,35.801665700896216,39.53865985870361
2018-02-12,38.18976593017578,38.46672273816519,36.96926786105699,37.20163266035302,243278000,44.57219279651508,-0.9169803279680977,-0.672773086297173,43.05749915671416,35.69918571877412,39.37834243774414
2018-02-13,38.57234191894531,38.66857413140311,37.94096978650724,38.01138368785197,130196800,47.056438963333555,-0.813037302377964,-0.7008259295133312,42.845517521725796,35.64982778467069,39.247672653198244
2018-02-14,39.28350830078125,39.323408669280425,38.22966009746978,38.267211068093054,162579600,51.41559128549879,-0.6656038552605779,-0.6937815146627806,42.5107392574169,35.726359436430755,39.11854934692383
2018-02-15,40.60259246826172,40.62606138201437,39.66609578151257,39.851515600178224,204588800,58.27750346602925,-0.4372820032156213,-0.6424816123733488,42.27522714218865,35.83179342665901,39.05351028442383
2018-02-16,40.47114944458008,41.03211125006785,40.31624316123592,40.454721563931344,160704400,57.407410006083545,-0.26389957397876174,-0.5667652046944315,42.048652419209745,35.93384498679612,38.99124870300293
2018-02-20,40.33501815795898,40.90066798371368,40.23409073734247,40.381959561813375,135722000,56.467111748147516,-0.13591071269482313,-0.48059430629450983,41.865250281613456,36.01324016638459,38.93924522399902
2018-02-21,40.151954650878906,40.86781930456375,40.1378690027883,40.56504412652464,149886400,55.1587124271568,-0.04868905598365103,-0.3942132562323381,41.642517151386166,36.112724624126535,38.87762088775635
2018-02-22,40.48759078979492,40.82792054682032,40.3021709353275,40.32329403620341,123967600,57.12047447447366,0.04697625372904213,-0.30597535424006206,41.600650721545506,36.13082587147207,38.86573829650879
2018-02-23,41.19171142578125,41.226916584183606,40.73167706139258,40.76219058627438,135249600,60.97745045348873,0.17756153282787324,-0.20926797682647502,41.8048229962906,36.04599907097013,38.92541103363037
2018-02-26,42.00615310668945,42.10473112126682,41.358353190295645,41.3912125284881,152648800,64.90921619560359,0.3428181501677514,-0.09885075142762975,42.16445420313361,35.87780692052362,39.02113056182861
2018-02-27,41.87002944946289,42.36057381022389,41.81604700695905,42.03667557380085,155712400,63.75302125412681,0.45752708112345175,0.012424815082586554,42.531493762883315,35.771579357233875,39.151536560058595
2018-02-28,41.80665588378906,42.39343245337469,41.79022800216865,42.074225856264114,151128400,63.188703952666245,0.5371293257088041,0.11736571720783008,42.861624439267494,35.719064037295006,39.29034423828125
2018-03-01,41.07435989379883,42.19627640895745,40.52513788389774,41.9052339409774,195208000,56.91905178315101,0.5349578506045631,0.2008841438871767,43.04071375775796,35.73360722612876,39.38716049194336
2018-03-02,41.35835647583008,41.37947957033199,40.47584232615504,40.55799246886187,153816000,58.633270856929045,0.5498151646808935,0.27067034804592005,43.24565161099209,35.74252092013584,39.494086265563965
2018-03-05,41.50153732299805,41.71747068327421,40.96170213160757,41.12365304716473,113605600,59.50806545680143,0.5666116445469029,0.32985860734611666,43.42697228996905,35.959546188424504,39.69325923919678
2018-03-06,41.4663314819336,41.83717475100933,41.33958930254335,41.75737398689694,95154000,59.17669021196835,0.5705057238493438,0.3779880306467621,43.45792290125042,36.417156825922426,39.93753986358642
2018-03-07,41.08138656616211,41.27385093288928,40.90300784056516,41.06026347656485,126814000,55.53518449686657,0.536347294422491,0.4096598834019079,43.53549748617676,36.63677080911133,40.086134147644046
2018-03-08,41.52968597412109,41.57193215474558,41.0907783844388,41.18700698966086,95096400,58.72095322833135,0.5392345484190031,0.43557481640532697,43.54999176634824,37.04587729798281,40.29793453216553
2018-03-09,42.24322128295898,42.24791649869535,41.63532156620826,41.76910835419292,128740800,63.23590964414838,0.5922717145239247,0.46691419602904655,43.376414967929485,37.81702833041036,40.59672164916992
2018-03-12,42.651615142822266,42.80887083210406,42.29720338770059,42.31597708610445,128828400,65.55790767705126,0.6596539421505057,0.5054621452533383,43.173808530540235,38.613688036232226,40.89374828338623
2018-03-13,42.24086380004883,43.06939186938944,42.06952607769264,42.85580437987464,126774000,61.3602265167428,0.6721623730081987,0.5388021908043105,43.08003721169681,39.11256914206296,41.096303176879886
2018-03-14,41.88175582885742,42.3699542575725,41.73388701966704,42.32301285856895,117473600,57.8714021597414,0.6456556658870412,0.5601728858208567,42.89731341760472,39.62623432714625,41.261773872375485
2018-03-15,41.93104934692383,42.30424194138419,41.79492034377192,41.89584418772932,90975200,58.22254481293944,0.6214626498870217,0.5724308386340897,42.77682003401932,40.01148181534592,41.39415092468262
2018-03-16,41.78318786621094,42.04136741352731,41.689301464223135,41.93105312956666,157618800,56.6960021804594,0.5836305944468094,0.5746707897966337,42.79586189328877,40.11049949587138,41.45318069458008
2018-03-19,41.14477157592773,41.65409318133053,40.759846310114575,41.61888802159753,133787200,50.53509794606284,0.4964112390286459,0.5590188796430362,42.761381826610254,40.21234177568467,41.48686180114746
2018-03-20,41.13068771362305,41.49683568443578,41.06027381583607,41.13068771362305,78597600,50.4049708066615,0.4212963790837989,0.5314743795311887,42.70056760827857,40.35272294958276,41.526645278930665
2018-03-21,40.19889450073242,41.09548733194154,40.19654510210862,41.08375108302355,148219600,42.59095014280589,0.2833135244909002,0.48184220852313103,42.692049089930975,40.36593545291571,41.52899227142334
2018-03-22,39.63088607788086,40.52982452051389,39.57220842812468,39.90080183419946,165963200,38.65683227660987,0.1266674420098397,0.4108072552204728,42.845943691391014,40.12637038026426,41.48615703582764
2018-03-23,38.71316909790039,39.88202694835137,38.71316909790039,39.52291999681884,164115200,33.30419670003502,-0.07071266593826664,0.3145032709887249,43.18105943460541,39.54340040426178,41.362229919433595
2018-03-26,40.55095291137695,40.62840784209897,39.06523432694473,39.4478137655839,150164800,48.6408222346493,-0.07794552133607624,0.23601351252376465,43.115851959437094,39.46308785989885,41.28946990966797
2018-03-27,39.51118087768555,41.10955946368787,39.177892261077965,40.764534600998445,163690400,42.663385176840045,-0.165668797952641,0.15567705042848354,43.132415602894696,39.21063935926351,41.1715274810791
2018-03-28,39.07461929321289,39.905496814461294,38.77184419806612,39.2553474561917,166674000,40.41755844377527,-0.26733532286141326,0.07107457577050419,43.17248714985561,38.89736415324498,41.034925651550296
2018-03-29,39.3797492980957,40.31155078767656,39.17320279721128,39.38679033049858,153594000,42.68840360745226,-0.31960117164132384,-0.007060573711861418,43.205868601824086,38.69452164170618,40.950195121765134
2018-04-02,39.12156295776367,39.65201123119887,38.60285451256873,39.11217610913106,150347200,41.2556047895311,-0.37750408120601264,-0.08114927521069167,43.22026442318868,38.45644646853495,40.838355445861815
2018-04-03,39.522926330566406,39.607422308079656,38.69909323586246,39.3468933425305,121112000,44.38088208375905,-0.3865499768384666,-0.14222941553624666,43.16686183109922,38.311987961381256,40.73942489624024
2018-04-04,40.2786865234375,40.37256933160999,38.6732668664508,38.69908517590817,138422000,49.79693964196293,-0.32894352667088356,-0.17957223776317405,43.09149913766224,38.26858615896862,40.68004264831543
2018-04-05,40.55799865722656,40.89363314796675,40.38900671262728,40.506362030743446,107732800,51.67006090880872,-0.25778031399606505,-0.19521385300975225,43.0586906284825,38.2490558772548,40.65387325286865
2018-04-06,39.52058029174805,40.48289180544125,39.47833051252819,40.128480014153794,140021200,44.96021032374314,-0.28184501340300727,-0.21254008508840327,42.97131841257072,38.13551752492928,40.55341796875
2018-04-09,39.912540435791016,40.62605912311723,39.86559902949583,39.87264006137012,116070800,47.72245243330398,-0.26621973776224905,-0.22327601562317245,42.73970384519178,38.13406400759143,40.4368839263916
2018-04-10,40.66361618041992,40.839649150897934,40.25991361494503,40.60493852359392,113634400,52.62846795917791,-0.1910289953067945,-0.21682661155989688,42.40937509762949,38.26559285891348,40.337483978271486
2018-04-11,40.47349548339844,40.82086616042192,40.29980835418697,40.42420468274402,89726400,51.31568129653418,-0.14510822425301484,-0.20248293409852047,42.13077062634497,38.367460498532964,40.249115562438966
2018-04-12,40.87250518798828,41.07435645439156,40.61432208628652,40.70116744671329,91557200,53.91393638927786,-0.07564692321222566,-0.1771157319212615,41.95223792657375,38.44506813421726,40.198653030395505
2018-04-13,41.01097869873047,41.27150758615567,40.80443582338923,41.02271494402695,100497200,54.81520233207497,-0.009317282813803729,-0.14355604209976996,41.76458308436922,38.54071591160246,40.15264949798584
2018-04-16,41.26681518554688,41.35365695260684,41.03445042603608,41.0813918249496,86313600,56.50750534235695,0.06316517266107269,-0.10221179914760144,41.64742464313045,38.60623708477482,40.126830863952634
2018-04-17,41.83481597900391,41.99911267229984,41.40529517848783,41.42407245506441,106421600,60.08208347179343,0.16454419483127936,-0.04886060035182529,41.79951677359922,38.52314939461367,40.161333084106445
2018-04-18,41.74092864990234,41.9709475967017,41.51560849888976,41.733887619020656,83018000,59.21573950017585,0.23460746862797066,0.007833013444133903,41.921300713252734,38.46238954858809,40.19184513092041
2018-04-19,40.55799865722656,41.16589834553228,40.52513931141005,40.78331886242555,139235200,49.525939029853134,0.19246197183212388,0.0447588051217319,41.946616620206875,38.47298405728336,40.20980033874512
2018-04-20,38.896244049072266,40.1871524529709,38.82817596401007,40.04163301530664,261964400,39.698428386910926,0.024687075722418683,0.04074445924186926,41.98668106461573,38.35945540999365,40.17306823730469
2018-04-23,38.783573150634766,39.17788516145341,38.51365386526357,39.15676207117359,146062000,39.13145027031081,-0.11602981854912287,0.009389603683670835,41.979092292866554,38.374084587016256,40.176588439941405
2018-04-24,38.24373245239258,39.03940096674718,37.84003007411372,38.88449116502193,134768000,36.4456297332295,-0.26802003564672106,-0.046092324182407544,42.03984920489721,38.08260562908717,40.06122741699219
2018-04-25,38.410400390625,38.82583928664687,38.119361446786506,38.16864868277175,113528400,37.86360361956119,-0.37075088262320577,-0.1110240358705672,42.100791633800064,37.911585151478256,40.00618839263916
2018-04-26,38.544166564941406,38.89857820390743,38.34466116613745,38.52069407752962,111852000,39.03918448383833,-0.43634212623339863,-0.17608765394313347,42.13338029265891,37.82595121979226,39.979665756225586
2018-04-27,38.098236083984375,38.57000322169767,37.70157449520931,38.49254827406108,142623200,36.55620524443573,-0.5183315192666456,-0.2445364270078359,42.20863155049542,37.622548640544615,39.91559009552002
2018-04-30,38.78828430175781,39.25770564498742,37.98557423460327,38.05364233495592,169709600,42.636250920993085,-0.5216147298347948,-0.2999520875732277,42.219485625229034,37.57836670021042,39.898926162719725
2018-05-01,39.68956756591797,39.71303647925035,38.79062545495093,39.05819542045914,214277600,49.45026636457194,-0.4463454779556386,-0.3292307656497099,42.22355042446627,37.59096602450835,39.90725822448731
2018-05-02,41.44285202026367,41.71980880691432,40.79270266081835,41.128337096986456,266157600,59.5230429383681,-0.24242413635942484,-0.3118694397916529,42.37288723686423,37.558045761793,39.96546649932861
2018-05-03,41.51797103881836,41.66114469341514,40.9429306029922,41.28091454705021,136272800,59.89180451137484,-0.07390163492373603,-0.2642758788180695,42.50310250870844,37.523827728107975,40.013465118408206
2018-05-04,43.146854400634766,43.24543243285755,41.81839141046121,41.8371686901322,224805200,66.92780135650588,0.18891326127389618,-0.17363805079967637,43.01999284837833,37.369564799326746,40.19477882385254
2018-05-07,43.459022521972656,44.04814493310454,43.36279030101084,43.46371415611706,169805600,68.08336239980345,0.41757181058077464,-0.05539607852358616,43.52982118904327,37.21438466727998,40.372102928161624
2018-05-08,43.66791915893555,43.70781954150424,43.10930664017297,43.419126431506974,113611200,68.86728714142924,0.6086257127233097,0.077408279725793,43.99167121296105,37.05296494121376,40.522318077087405
2018-05-09,43.97537612915039,43.98476297690126,43.47309561159396,43.7852611249509,92844800,70.03389556022915,0.7759023947868968,0.21710710273801379,44.478685010644874,36.91613920810513,40.697412109375
2018-05-10,44.60441207885742,44.68186702612727,44.04345374687312,44.064580428056125,111957200,72.31929002693104,0.9482969377502499,0.363345069740461,45.03196498727487,36.736049920562046,40.88400745391846
2018-05-11,44.43476486206055,44.7811202353957,44.16616310265883,44.64682115330001,104848800,70.75208406259799,1.0590239733445799,0.5024808504612848,45.48313983720454,36.62725368696538,41.05519676208496
2018-05-14,44.33108901977539,44.65623981059255,44.26276205405801,44.53371864959899,83115200,69.75719095490402,1.125436837478695,0.6270720478647669,45.86137936413284,36.55544154345994,41.20841045379639
2018-05-15,43.92819213867188,44.07663118167815,43.61246796024898,44.00830061465196,94780800,65.88021413919611,1.1325042950743338,0.7281584973066804,46.109667960988176,36.51649056257139,41.313079261779784
2018-05-16,44.3381462097168,44.40412189174808,43.82450587728553,43.84100069659563,76732400,67.83888430402483,1.157838333956846,0.8140944646367135,46.41620895886327,36.46967132067774,41.442940139770506
2018-05-17,44.05778884887695,44.51017064166061,43.909349781090896,44.29575945379428,69176000,65.0871183185046,1.142127511316815,0.8797010739727339,46.69944319375123,36.53641610495483,41.61792964935303
2018-05-18,43.897552490234375,44.25097597581326,43.85514339766552,44.10489541890773,73190800,63.501671261991596,1.1040203765211771,0.9245649344824226,46.88092541190504,36.85506473091722,41.86799507141113
2018-05-21,44.20856475830078,44.59497427348536,44.038921205760296,44.2957413967529,73603200,65.26999850891312,1.0863930258971735,0.9569305527653729,47.0410898996553,37.23739940393357,42.139244651794435
2018-05-22,44.09783554077149,44.50309483483212,44.00830042376428,44.385286984121706,60962800,64.07963640314264,1.0513687762789132,0.975818197468081,47.05986447690703,37.80403513551973,42.43194980621338
2018-05-23,44.38056182861328,44.4135478742075,43.767959730195656,43.90697568932282,80233600,65.79495313313849,1.0345003783000877,0.9875546336344824,47.04160757925163,38.419308176973956,42.730457878112794
2018-05-24,44.33108901977539,44.49366441518397,43.87399761781053,44.47717318699425,92936000,65.2081525239974,1.00554867002419,0.991153440912424,46.92602007900891,39.11358792270008,43.01980400085449
2018-05-25,44.43239974975586,44.68450662598143,44.21327532554309,44.34993283409535,69844000,65.87925681512436,0.9794882312307038,0.98882039897608,46.56327944468016,40.10974492360597,43.33651218414307
2018-05-29,44.27218627929688,44.47246105191935,44.02950240859062,44.20150444915725,90056400,63.783928620792246,0.935127687737868,0.9780818567284377,46.09044859475569,41.13096597128435,43.61070728302002
2018-05-30,44.17794418334961,44.295752034505206,44.00830059006872,44.229779925474894,74762000,62.52418548663145,0.8821976623874264,0.9589050178602354,45.548878117695416,42.12137411008779,43.835126113891604
2018-05-31,44.02950286865234,44.349940351070494,43.8575044214986,44.11196979829037,109931200,60.497426195606224,0.8188332622949943,0.9308906667471872,45.28089312151487,42.648024191107204,43.96445865631104
2018-06-01,44.823516845703125,44.82822656955289,44.236832657593474,44.29338170067204,93770000,66.71306749705133,0.8231975024169955,0.9093520338811489,44.887541483983746,43.3719304093268,44.12973594665527
2018-06-04,45.19816207885742,45.57279019489144,45.08506754472101,45.153394518725605,105064800,69.17743816147866,0.8471218401725622,0.8969059951394316,44.98548540752988,43.479117253602936,44.23230133056641
2018-06-05,45.546871185302734,45.69531022935619,45.32303698544506,45.49032571725215,86264000,71.30675223554928,0.8840294199519363,0.8943306801019326,45.20255858621613,43.47082894124969,44.33669376373291
2018-06-06,45.70471954345703,45.72828254487207,45.21935191406509,45.62225622892292,83734400,72.24157082819373,0.915463097410175,0.8985571635635812,45.43506945474581,43.44199811117216,44.438533782958984
2018-06-07,45.58221435546875,45.756567670436446,45.3183223299008,45.74243130384017,85388800,70.32658202462423,0.9198855009648739,0.9028228310438398,45.60789456565363,43.42985682289618,44.518875694274904
2018-06-08,45.16752624511719,45.23821166989341,44.71278969726127,45.04265021927023,106627200,64.12948108402739,0.8797867883832211,0.898215622511716,45.671965773731685,43.422097031444096,44.54703140258789
2018-06-11,45.05679321289063,45.23115014029129,44.816467766594464,45.0850695440865,73234000,62.54459114130803,0.8295109535802894,0.8844746887254307,45.72314758514885,43.433118055109944,44.5781328201294
2018-06-12,45.30418395996094,45.381937568012425,45.0379370834704,45.09448614256514,67644400,64.64673235941888,0.8004028126482083,0.8676603135099862,45.807809835412165,43.445765298865176,44.62678756713867
2018-06-13,44.93191909790039,45.44556326002106,44.87066030223181,45.33717844207278,86553600,59.25730618829103,0.7387795472789449,0.841884160263778,45.819669349478445,43.53427848072175,44.6769739151001
2018-06-14,44.95547103881836,45.13689611332946,44.818813517322575,45.13218279322,86440400,59.48742132017219,0.6839588583331988,0.8102990998776622,45.84559814624353,43.570082166866825,44.70784015655518
2018-06-15,44.49366760253906,44.80468204998491,44.35701006610469,44.77405085873973,246876800,53.14867958153361,0.596374752608881,0.767514230423906,45.832926429150774,43.62634175932578,44.72963409423828
2018-06-18,44.47010040283203,44.58319491154956,44.107250277682624,44.2674707939746,73939600,52.8392441674993,0.5190784287444359,0.717827070088012,45.80180135657432,43.714721623162,44.75826148986816
2018-06-19,43.7514762878418,43.90227017955534,43.22369586923941,43.62188694452313,134314000,44.35851779878611,0.3952770669284149,0.6533170694560927,45.84408923178829,43.62672490090215,44.73540706634522
2018-06-20,43.94233322143555,44.10726351180362,43.76090810442532,43.90699230036049,82514800,46.800673917759866,0.3090021705566244,0.584454089676199,45.85609465198172,43.59916924877511,44.72763195037842
2018-06-21,43.6972770690918,44.378206107630064,43.57475593273762,44.11902747211338,102847600,44.122857990823896,0.2183378473369899,0.5112308412083573,45.90052777332628,43.48640765147841,44.693467712402345
2018-06-22,43.5700569152832,43.8598632336105,43.51822117116477,43.85279504988621,108801600,42.755154110733876,0.1346677488145147,0.4359182227295888,45.950541194757996,43.360291019597476,44.655416107177736
2018-06-25,42.92210006713867,43.5700430674738,42.58281297536606,43.21190629335723,126652400,36.542201966639624,0.015890712241898086,0.35191272063205065,46.07838988875799,43.08141235733576,44.579901123046874
2018-06-26,43.4546012878418,43.94939568980616,43.00928776415795,43.11531770401477,98276800,43.77340452196335,-0.03487058042689739,0.2745560604202611,46.11163320104034,42.9664105459079,44.53902187347412
2018-06-27,43.3909797668457,44.12609945793199,43.36034858131392,43.64308664748483,101141200,43.14087241446975,-0.079318659487015,0.2037811164388059,46.144191203092944,42.8551561022049,44.49967365264892
2018-06-28,43.70671081542969,43.87399953844859,43.30616485853516,43.37685028509541,69460800,47.21714357651309,-0.08805221431103405,0.14541445028883793,46.15234857702174,42.81471952295385,44.483534049987796
2018-06-29,43.61482620239258,44.10490733287168,43.09647233589699,43.89285102711627,90950800,46.17956056427469,-0.10122112566260455,0.09608733509854943,46.125493596625844,42.72070543901869,44.423099517822266
2018-07-02,44.102535247802734,44.130811570292906,43.21662170598256,43.31087012226735,70925200,52.18555547549734,-0.0714795668237116,0.06257395471409724,46.037614289472685,42.69902206306638,44.36831817626953
2018-07-03,43.33444595336914,44.28397708664571,43.2449108227678,44.24627770584401,55819200,43.880462450088096,-0.1086352742201484,0.028332108927248113,45.89280613889089,42.62258769045481,44.25769691467285
2018-07-05,43.683135986328125,43.92111007150501,43.41924763347607,43.65014994222162,66416800,47.93163409157617,-0.1086921332352091,0.0009272604947566723,45.666572480764636,42.64666299286818,44.15661773681641
2018-07-06,44.28868865966797,44.39706988118077,43.63603208674531,43.68786783449863,69940800,54.12516301277442,-0.05919182794372091,-0.011096557192938844,45.45585297533892,42.728029928713816,44.09194145202637
2018-07-09,44.90363311767578,44.92719252665673,44.60204535912611,44.64916777229769,79026400,59.40591346013214,0.029320411632212995,-0.003013163427908476,45.405378014263654,42.75211557704494,44.0787467956543
2018-07-10,44.84944534301758,45.06856619589097,44.80938751433222,44.934267130145,63756400,58.76399110211017,0.09401080065336487,0.016391629388346193,45.36722533225603,42.76953347206526,44.068379402160645
2018-07-11,44.26746368408203,44.715131922461424,44.20384646024192,44.4135442175136,75326000,52.235520990742394,0.09719691839698186,0.03255268719007333,45.19073979019511,42.84234698653829,44.0165433883667
2018-07-12,45.009674072265625,45.09920920303333,44.604414715921344,44.6562504658173,72164400,58.55870560128178,0.15779317359653788,0.05760078447136625,45.20717285491823,42.8336894192517,44.02043113708496
2018-07-13,45.08033752441406,45.20050019772059,44.9790209371403,45.02143361873672,50055600,59.11366536996616,0.20910762985194253,0.08790215354748152,45.23415960614587,42.819189316583625,44.02667446136475
2018-07-16,44.98138427734375,45.39135320442927,44.86593131540765,45.12510996660727,60172400,57.94348532985961,0.23903456441849613,0.11812863572168444,45.313723887311085,42.78839670289888,44.05106029510498
2018-07-17,45.10862731933594,45.20758548689798,44.578491967618255,44.70808132819133,62138000,59.065611726292964,0.26990799440114444,0.14848450745757644,45.41670807384755,42.749265208012794,44.08298664093017
2018-07-18,44.86122512817383,45.19108924534587,44.75048546825586,45.18637592497211,65573600,55.94033999713571,0.27128491723614445,0.17304458941329004,45.50436157520283,42.77258659069073,44.13847408294678
2018-07-19,45.20994567871094,45.367807780295486,44.69394667468397,44.69394667468397,81147200,59.216019275164925,0.29709030050030094,0.19785373163069225,45.64112405401404,42.76258535760705,44.20185470581055
2018-07-20,45.10626220703125,45.33951940784949,44.80702931428614,45.1863706680151,82704800,57.83913111882953,0.305651502747061,0.21941328585396602,45.743464977976174,42.80114294743886,44.27230396270752
2018-07-23,45.14631652832031,45.228783446987535,44.66330370871866,44.927192096118354,63957600,58.243067133689564,0.3120710058894076,0.23794482986105434,45.83220377370254,42.870030113016206,44.35111694335937
2018-07-24,45.47382736206055,45.62933457754806,45.24999317957946,45.34423801582096,74791600,61.491822196004314,0.3396703867592521,0.25828994124069393,45.883047627525315,43.07435898868562,44.478703308105466
2018-07-25,45.90264892578125,45.90971710862951,45.33952399399678,45.487963024230176,66839600,65.29870643774191,0.39163093370041224,0.2849581397326376,46.05300817637974,43.14920320362514,44.60110569000244
2018-07-26,45.75892639160156,46.17125386401282,45.61755553440504,45.85317123292575,76304000,63.048990057249924,0.41641268787986263,0.31124904936208264,46.14329300687813,43.29571303560234,44.719503021240236
2018-07-27,44.99788284301758,45.9898264659988,44.79054348344733,45.94270404769693,96096000,52.695912894282905,0.3703731217473134,0.32307386383912884,46.13345264295397,43.434670602285294,44.78406162261963
2018-07-30,44.74577331542969,45.285331624624746,44.54785701299036,45.2146462036936,84118000,49.77977105024711,0.30997015893848356,0.32045312285899985,46.079534568185935,43.60168338835703,44.84060897827148
2018-07-31,44.83529281616211,45.271183132465225,44.611458705847895,44.83765127319428,157492000,50.82047949439008,0.26625463361747137,0.30961342501069417,46.069145496171565,43.68534821720734,44.87724685668945
2018-08-01,47.47655487060547,47.53781364713079,46.489324692851646,46.91814691415773,271742800,70.34625963747037,0.4396693046336182,0.335624600935279,46.541845084269674,43.62685952083286,45.08435230255127
2018-08-02,48.86433792114258,49.097598749071246,47.20560504150239,47.25979564367204,249616000,75.7860740668516,0.6812313636818956,0.40474595348460235,47.422069055945386,43.2647557426386,45.34341239929199
2018-08-03,49.00570297241211,49.18241471941246,48.414305358183405,48.7795103543594,133789600,76.26373761194164,0.874003050915789,0.4985973729708397,48.14018038633621,43.018345843522184,45.5792631149292
2018-08-06,49.26017379760742,49.30258289590306,48.7889424198688,49.008063284816416,101701600,77.13801927291175,1.0353745178420724,0.6059528019450863,48.79492742205536,42.799252875796206,45.79709014892578
2018-08-07,48.79836654663086,49.36148791169574,48.71589961561556,49.31907881246056,102349600,71.95806480197251,1.1131666896540793,0.7073955794868849,49.2276483935029,42.76142402470998,45.99453620910644
2018-08-08,48.83134460449219,48.96328879634437,48.18811487160799,48.548606536921845,90102000,72.10213608454579,1.1640600403942614,0.7987284716683603,49.57797462468089,42.86748588557302,46.222730255126955
2018-08-09,49.21540832519531,49.427461016071646,48.81957208162651,49.368557091360415,93970400,73.79095662790057,1.2213056685186459,0.8832439110384174,49.979523152600805,42.886510782946075,46.43301696777344
2018-08-10,49.068809509277344,49.44002519266483,48.86546923859156,49.0286148009558,98444800,71.99930842760338,1.2405437261096068,0.9547038740526553,50.29879559079028,42.966085543242926,46.6324405670166
2018-08-13,49.38563537597656,49.87743512898656,49.10899869137438,49.48967042478114,103563600,73.49699053439205,1.266752886225433,1.0171136764872108,50.623462562882054,43.08184368101443,46.852653121948244
2018-08-14,49.59371948242188,49.7852369637203,49.24141953269484,49.69066158781124,82992000,74.46309074808276,1.2894505000927268,1.071581041208314,50.938540426409936,43.215275033795145,47.07690773010254
2018-08-15,49.709571838378906,49.82779284898479,49.25796671198787,49.46839996655359,115230400,75.00929630627898,1.3017807216879689,1.1176209773042451,51.20281275142695,43.43583737979864,47.319325065612794
2018-08-16,50.43780517578125,50.553659437598704,50.00038606730865,50.06658953343815,114001600,78.17005151740258,1.3546987316572228,1.1650365281748407,51.56358871581908,43.59784736511354,47.58071804046631
2018-08-17,51.44506454467773,51.53254695356063,50.3999910582582,50.46619454732952,141708000,81.6307197072938,1.4610717235205115,1.2242435672439749,52.04777901250762,43.74753730218964,47.89765815734863
2018-08-20,50.94380187988281,51.82336292107114,50.86104572542892,51.56800870100237,121150800,75.23844015464061,1.4877752313668537,1.2769499000685507,52.33834161256136,44.03672323729216,48.18753242492676
2018-08-21,50.84449768066406,51.35285026121521,50.60569250505204,51.26063800451161,104639200,74.00211360245895,1.4838203771051823,1.3183239954758772,52.564572939248734,44.34755894246513,48.45606594085693
2018-08-22,50.84685897827149,51.15659745852468,50.560762536189785,50.62223977263756,76072400,74.0130485460065,1.464000576257959,1.3474593116322935,52.76216400097517,44.644388885987716,48.70327644348144
2018-08-23,50.95088958740234,51.31973854252035,50.74045634465841,50.75227555879988,75532800,74.52149766282162,1.440087213060373,1.3659848919179094,52.89753048523322,45.028218721309756,48.96287460327149
2018-08-24,51.10931015014648,51.284274943614335,50.861045296696645,51.2133452207593,73905600,75.31360657881362,1.4175779595710907,1.3763035054485457,52.858045758542445,45.678846178713414,49.26844596862793
2018-08-27,51.53016662597656,51.71932093494493,51.14949488701187,51.34337543803613,82100400,77.32997612338224,1.4173603663386132,1.3845148776265594,52.666604863138176,46.548726405172374,49.607665634155275
2018-08-28,51.94630813598633,52.14491855568263,51.761883659437096,51.783162574157686,91107200,79.14397006652327,1.4342341061562465,1.394458723332497,52.284893618304274,47.6415391819887,49.963216400146486
2018-08-29,52.72183609008789,52.84242381895519,51.87774002710975,52.05270479790765,109019200,82.02984084094642,1.4929752022817908,1.4141620191223558,52.54934679997166,47.90161412226955,50.225480461120604
2018-08-30,53.20655822753906,53.97026509633108,52.58471443473294,52.78569163548751,195175200,83.5609367182639,1.5606507591878653,1.4434597671354576,53.01526112410441,47.86992182877644,50.44259147644043
2018-08-31,53.8213005065918,54.11448631513181,53.43589884273721,53.55648297936392,173360400,85.27451865320958,1.6449269954439814,1.4837532127971624,53.556859572610755,47.80988313368807,50.68337135314941
2018-09-04,53.99390411376953,54.18778470948037,53.58486039691757,54.00572693727098,109560400,85.72446594316123,1.7059787276081764,1.5281983157593653,54.05369468513921,47.78642105277583,50.92005786895752
2018-09-05,53.6415901184082,54.30362837496612,53.22309041713026,54.14284956250599,133332000,80.32899701175377,1.7062651081341045,1.563811674234313,54.350658210143024,47.97377988494975,51.16221904754639
2018-09-06,52.75022506713867,53.755103822862765,52.32462863726809,53.49028626215467,137160000,68.57003079767182,1.6159388197482016,1.574237103337091,54.42904658240143,48.287279558955994,51.358163070678714
2018-09-07,52.32462310791016,53.28694031504542,52.185123173027854,52.4546669488255,150479200,63.769980563289685,1.4928039495387608,1.5579504725774251,54.44657160985705,48.58067600977186,51.513623809814455
2018-09-10,51.62238311767578,52.45465998116174,51.18260084633692,52.24186001307081,158066000,56.715286416128485,1.3232996052871613,1.5110202991193724,54.35126886283511,48.931336117633634,51.641302490234374
2018-09-11,52.92753982543945,53.03393799720632,51.203875733106486,51.54671589005231,142996000,64.56207535531811,1.2795317839966813,1.4647225960948342,54.3741248772855,49.26267054812954,51.81839771270752
2018-09-12,52.27024459838867,53.19946010310294,51.97941828552849,53.18527415765987,197114800,58.782596358116756,1.1782253898420123,1.40742315484427,54.29979674666556,49.60465119034617,51.95222396850586
2018-09-13,53.53285217285156,53.99155038508145,52.62491545196632,52.849534706294,166825600,65.22278517697079,1.1861480454917555,1.363168132973767,54.34763448059221,49.93914148986678,52.143387985229495
2018-09-14,52.9251823425293,53.63450842198434,52.61308074363496,53.37678747899224,127997200,60.336466264429006,1.1303628115108069,1.316607068681175,54.3503682091525,50.18514547798129,52.26775684356689
2018-09-17,51.5159912109375,52.71475044000342,51.371761426756805,52.52559609238329,148780400,50.826857738387424,0.9613606967661497,1.2455577942981702,54.34853344425437,50.194072909505394,52.27130317687988
2018-09-18,51.60111618041992,52.45467215648945,51.33629862140528,51.49471436776805,126286800,51.325917202163666,0.824786550907632,1.1614035456200626,54.31611897730618,50.2922188065073,52.30416889190674
2018-09-19,51.63184356689453,51.927396096554034,50.90596843011665,51.66258218448119,108495200,51.51719537123521,0.7108359255702155,1.0712900216100933,54.26863885107476,50.418433521361756,52.34353618621826
2018-09-20,52.02433395385742,52.55632846390417,51.81626383542605,52.07398836223533,106435200,54.00364209931781,0.6447674502565164,0.9859855073393781,54.20920966853962,50.59561020145549,52.40240993499756
2018-09-21,51.463966369628906,52.3388010443892,51.376480376679865,52.20166425202721,384986800,50.056518481377964,0.5409549349554013,0.8969793928625827,54.164913163222074,50.691214384995696,52.428063774108885
2018-09-24,52.20403289794922,52.31516093786843,51.2204368199305,51.26536138174706,110773600,54.7594435274174,0.5124922607256011,0.8200819664351864,54.11585758472097,50.849742238277074,52.48279991149902
2018-09-25,52.5350456237793,52.68400522996359,51.94630377783899,51.95812659874255,98217600,56.7224015323401,0.5107576506604943,0.758217103280248,54.10651881626455,50.95956890651377,52.53304386138916
2018-09-26,52.116546630859375,52.90389894530768,51.96049404071963,52.25368342754412,95938800,53.55834228772562,0.4701934906254337,0.7006123807492852,54.104046057617325,50.9790655146483,52.54155578613281
2018-09-27,53.18762969970703,53.53992959522191,52.85424559802705,52.9204526803586,120724800,59.747064318271725,0.5184966471940626,0.6641892340382407,54.151095230798944,50.97859570242859,52.56484546661377
2018-09-28,53.374420166015625,53.398062202116094,52.96773962377275,53.14979737223942,91717600,60.729879226528816,0.5653328709098489,0.6444179614125624,54.17468469855091,50.97179242852429,52.5732385635376
2018-10-01,53.73380661010742,54.24452218637405,53.51864713609809,53.89695216428858,94403200,62.6208933095228,0.6242543822282798,0.6403852455757059,54.15707200587097,50.980655731555785,52.56886386871338
2018-10-02,54.211421966552734,54.38166049673322,53.58485210395696,53.73144499079402,99152800,65.03090003460701,0.7014043197329158,0.6525890604071478,54.20927448872732,50.95020503397777,52.57973976135254
2018-10-03,54.87109756469727,55.20211492695663,54.3296433555075,54.39348370673561,114619200,68.09102402952824,0.8064799102824622,0.6833672303822107,54.50261928713542,50.77981098019856,52.64121513366699
2018-10-04,53.90641403198242,54.937301318347934,53.60849479660541,54.56608563865395,128168000,59.84371539054627,0.8026586249376706,0.7072255092933026,54.64047422345693,50.75757494036143,52.69902458190918
2018-10-05,53.03158950805664,54.00573327535788,52.15439146171712,53.89933506699638,134322000,53.51365616920252,0.720731061862196,0.7099266198070813,54.6730098687132,50.7957359351198,52.7343729019165
2018-10-08,52.908634185791016,53.15216918862936,52.06453440498348,52.53978519538805,118655600,52.67038589534904,0.6385209390227615,0.6956454836502173,54.66965793344395,50.92771297720058,52.798685455322264
2018-10-09,53.6415901184082,53.73616907381262,52.54922934016951,52.87788354358608,107564000,57.018481979267385,0.625304125849965,0.6815772120901669,54.740750029011615,50.9280259109298,52.834387969970706
2018-10-10,51.156585693359375,53.51864231494605,51.08328925859234,53.30820910217498,167962400,42.696764051226616,0.409589128621235,0.6271795953963805,54.80877066053587,50.7486393889026,52.77870502471924
2018-10-11,50.70499038696289,51.89902330763163,50.20137133847904,50.721543060089694,212497600,40.696253565335915,0.19988927297596604,0.5417215309122976,54.82534972268636,50.44927414816325,52.637311935424805
2018-10-12,52.5161361694336,52.69819753142757,51.27008573845108,52.11654858627355,161351600,50.67740149435048,0.17779543968487133,0.46893631266681235,54.80139596424821,50.43232328929184,52.61685962677002
2018-10-15,51.39303970336914,52.44993586441361,51.37176078657957,52.291520137503866,123164000,45.557023328674994,0.06886755659769506,0.3889225614529889,54.808259007935995,50.41316509484721,52.6107120513916
2018-10-16,52.52559280395508,52.72420684082225,51.25117047250022,51.76424921811775,116736000,50.94021156141079,0.07308649887986718,0.3257553489383646,54.80594922563144,50.50792253950529,52.65693588256836
2018-10-17,52.29861068725586,52.64145089276612,51.86119150958556,52.561061472294256,91541600,49.87581020576743,0.057452207895536844,0.27209472072979907,54.79487137407902,50.58567710309383,52.690274238586426
2018-10-18,51.076202392578125,51.955766930543895,50.36214653480621,51.51125481132157,130325200,44.484849900109324,-0.052965658495487844,0.2070826448847417,54.845749831769716,50.43998548927521,52.64286766052246
2018-10-19,51.854103088378906,52.31516434368788,51.40959089976347,51.558550539101454,132314800,48.31350141251395,-0.07681702926792866,0.15030271005420764,54.82977756306421,50.49497142985571,52.66237449645996
2018-10-22,52.170936584472656,52.81169612366842,51.76662270171441,51.96759627834825,115168400,49.83111220382269,-0.06935412600503099,0.10637134284235993,54.82957005357547,50.49186930799679,52.66071968078613
2018-10-23,52.6627311706543,52.78568203373293,50.764102000238935,51.0312826427505,155071200,52.17828868157033,-0.02348528465346078,0.0804000173431958,54.835188578032216,50.499019338227555,52.667103958129886
2018-10-24,50.85630416870117,53.01738370273722,50.72626035927189,52.63198573201551,163702000,44.02976400829313,-0.1313829585690982,0.038043422160737,54.901891937245736,50.306291732798215,52.604091835021975
2018-10-25,51.96996307373047,52.34354194395916,51.24881410296684,51.47580005736859,119423200,49.28773979668379,-0.12558204447140042,0.0053183288343095145,54.840463117155124,50.24595389029116,52.54320850372314
2018-10-26,51.14240646362305,52.06216571984942,50.28412082995475,51.04782749681985,189033600,45.841463306230985,-0.1856219462612998,-0.032869726184812355,54.77293791341316,50.090277723793875,52.43160781860352
2018-10-29,50.18244934082031,51.94394144771941,48.72832893518345,51.82572045252056,183742000,42.15898522938178,-0.30712418171899714,-0.08772061729164932,54.70930036117313,49.7987795491052,52.25403995513916
2018-10-30,50.43308639526367,50.8775949642934,49.480225290241705,49.92473385927144,146640000,43.4365867849727,-0.3788244110625172,-0.1459413760458229,54.46979591319998,49.660450439949436,52.06512317657471
2018-10-31,51.74769973754883,52.12364167690508,51.21806832318598,51.27954555631616,153435600,49.71095957000571,-0.3258132767070592,-0.18191575617807018,53.94127902312721,49.876627547307365,51.90895328521729
2018-11-01,52.54214477539063,52.57524651312335,51.26299261047082,51.792624022013314,233292800,53.09695416600561,-0.21719283193740324,-0.1889711713299368,53.6830079908687,49.99847165390669,51.8407398223877
2018-11-02,49.05698013305664,50.51582669093119,48.57227336106089,49.54641675475792,365314800,40.28309674930834,-0.40763504374921666,-0.23270394581379278,53.76385190542547,49.520166801849925,51.6420093536377
2018-11-05,47.664344787597656,48.32638314907276,46.85571353178706,48.30510423366641,264654800,36.49325024369873,-0.6632899091227387,-0.31882113847558197,54.03887094291809,48.72071882453796,51.379794883728025
2018-11-06,48.179786682128906,48.40440585745062,47.68798689600997,47.74236754506671,127531600,38.78864685426105,-0.8149125737790044,-0.4180394255362665,53.89905846495612,48.314350958872005,51.10670471191406
2018-11-07,49.6410026550293,49.66701142221143,48.264911939279166,48.69996440139942,133697600,44.871828910321135,-0.807854269631278,-0.4960023943552688,53.895088342403014,48.1667627775921,51.030925559997556
2018-11-08,49.46779251098633,49.85453521515348,49.054946674562586,49.82131798374514,101450400,44.30969320383545,-0.8069352762240172,-0.5581889707290185,53.91109763350489,48.02703369889257,50.96906566619873
2018-11-09,48.51398468017578,48.87937427397922,47.987251640765706,48.77023347938126,137463200,41.24549952002608,-0.873106657907222,-0.6211725081646593,53.80576217372928,47.7321540097424,50.76895809173584
2018-11-12,46.07013702392578,47.41781558554865,45.9799743974334,47.21613716957594,204542000,34.63632518679843,-1.109951209776888,-0.7189282484871051,54.14653830648675,46.8590876090406,50.50281295776367
2018-11-13,45.60983276367188,46.78430364755,45.42476479992899,45.46747474101187,187531600,33.54597352911327,-1.3195835921477084,-0.8390593172192258,54.25194625197762,46.062103659521405,50.15702495574951
2018-11-14,44.32147979736328,46.14368876236647,44.11505502930984,46.0060734571333,243204000,30.638738086690225,-1.571562093116441,-0.9855598723986688,54.45129890379314,45.065037918716634,49.758168411254886
2018-11-15,45.415283203125,45.5481521610165,44.3452065778913,44.69873575688715,185915200,35.73121411327412,-1.6638166345198897,-1.1212112248229131,54.48807581584928,44.462169087715175,49.47512245178223
2018-11-16,45.91828155517578,46.259946609491415,44.95260676177665,45.19936284522291,147713200,37.98604217582036,-1.677009735632268,-1.2323709269847842,54.2945482701007,44.06211448014344,49.17833137512207
2018-11-19,44.098445892333984,45.24681733279806,43.89202475558644,45.08073115263296,167701200,33.41787065472741,-1.813407064472564,-1.3485781544823403,54.15001468030997,43.3993990007203,48.77470684051514
2018-11-20,41.99151992797852,43.05685024606256,41.64273708786399,42.32132097035258,271300800,29.060511160435922,-2.0676793270798157,-1.4923983890018353,54.06645014843245,42.41584240833025,48.24114627838135
2018-11-21,41.94406509399414,42.77212832849176,41.88949469104215,42.64400210541268,124496800,28.968890725230864,-2.2471177608696635,-1.643342263375401,54.09654386720957,41.49452478208243,47.795534324646
2018-11-23,40.87873840332031,41.901362428757146,40.83366070501607,41.50749825732366,94496000,26.917225808723643,-2.447078574509547,-1.8040895256022302,53.915987000908665,40.565959181342315,47.24097309112549
2018-11-26,41.43157196044922,41.5098705230007,40.39708745646012,41.34141294148129,179994000,29.699680725247532,-2.531755411698491,-1.9496227028214825,53.63426843742964,39.87659429450396,46.7554313659668
2018-11-27,41.34139251708984,41.46714370440458,40.54417546181573,40.6936511706504,165549600,29.502362255070935,-2.576439551283187,-2.0749860725138234,53.387997206346306,39.23875984321425,46.313378524780276
2018-11-28,42.931095123291016,43.01413640794062,41.505118017849625,41.932199377386205,184250000,37.39816099304659,-2.4552734749499194,-2.1510435530010428,52.89392417734159,38.98263374502169,45.93827896118164
2018-11-29,42.60128784179688,43.37240554234032,42.16234247178632,43.33918830928703,167080000,36.4851691325649,-2.358671876631945,-2.1925692177272236,52.040048231780425,38.92186850100766,45.48095836639404
2018-11-30,42.37114334106445,42.78636061112032,42.00337874921922,42.77686790323383,158126000,35.82787054246691,-2.2744665175907386,-2.2089486776999268,50.799009907820434,39.145806681535035,44.972408294677734
2018-12-03,43.8516960144043,43.88016690063734,42.99516185628555,43.76627973529744,163210000,42.94854317463131,-2.064467045624326,-2.1800523512848065,50.24321905778808,39.18106911970216,44.71214408874512
2018-12-04,41.92270278930664,43.27512383554187,41.82305109331107,42.93345880903892,165377200,37.16262284072385,-2.0302906562495977,-2.1501000122777647,49.909241466578315,38.94088251108281,44.425061988830564
2018-12-06,41.45530700683594,41.46954245322895,40.43505777723698,40.75299481470942,172393600,35.90060765064854,-2.017662200996419,-2.1236124500214957,49.433773523969656,38.74390248616218,44.08883800506592
2018-12-07,39.97711944580078,41.40072149253783,39.93203813505562,41.16345448474832,169126400,32.178772483653546,-2.1026929067239877,-2.1194285413619944,48.59065826348866,38.620629425720324,43.605643844604494
2018-12-10,40.240482330322266,40.35674083656527,38.75281731229737,39.149052745025465,248104000,33.50151943145298,-2.1243410881529954,-2.120411050720195,47.547781626233146,38.74077504490943,43.144278335571286
2018-12-11,40.01033401489258,40.76009495801711,39.623587659446784,40.72925271093741,189126800,32.8976897784453,-2.135452308587169,-2.12341930229359,46.57464928268628,38.86354232192798,42.71909580230713
2018-12-12,40.12185287475586,40.79094396093765,40.10287107949015,40.43029709170368,142510800,33.52293013828648,-2.110925950492806,-2.120920631933433,46.111493311998515,38.731869877698756,42.421681594848636
2018-12-13,40.560794830322266,40.94516985024621,40.22862246288901,40.45165403262589,127594400,36.0487480554973,-2.032638693986314,-2.1032642443440093,45.63614489796849,38.70231449839382,42.169229698181155
2018-12-14,39.262943267822266,40.11710594038405,39.21549059054821,40.09812414539299,162814800,32.158090256440644,-2.0516708690141385,-2.092945569278035,45.455579231284005,38.3770265121242,41.916302871704104
2018-12-17,38.89754867553711,39.94389690996211,38.610454041222965,39.25582050641888,177151600,31.139121248779418,-2.0723495392152245,-2.088826363265473,44.977992155276524,38.202840135372895,41.59041614532471
2018-12-18,39.40292739868164,39.74933514704061,39.00431700694578,39.23921261031191,135366000,34.242641651546364,-2.0246191457690443,-2.0759849197661873,44.139037142518234,38.390259732481766,41.2646484375
2018-12-19,38.17389678955078,39.73036810965432,37.74681536137408,39.38633159988153,196189200,30.62750965908515,-2.062193283304339,-2.0732265924738176,43.83470344465915,38.10213852006253,40.96842098236084
2018-12-20,37.21058654785156,38.4633561025011,36.84756830306149,38.05762791222595,259092000,28.121495756318225,-2.14497619343701,-2.0875765126664563,43.98543321189404,37.47331541481494,40.72937431335449
2018-12-21,35.76326370239258,37.52615987838151,35.50227210307426,37.21771196972524,382978400,24.833751387038376,-2.300846379150933,-2.130230485963352,44.274844935662784,36.56582355188604,40.42033424377441
2018-12-24,34.83790588378906,35.95780615108884,34.780960513781764,35.15109636781357,148676800,22.983602445008742,-2.4705641411897474,-2.1982972170086312,44.66615041051382,35.570434825081875,40.11829261779785
2018-12-26,37.29125595092773,37.30549139242431,34.811816392339566,35.18669870684758,234330000,36.492602027846914,-2.379670483400659,-2.234571870287037,44.5765822813808,35.24597135326275,39.91127681732178
2018-12-27,37.04924774169922,37.196355771925646,35.60666728965384,36.97569553678992,212468400,35.82505462816462,-2.300644249875866,-2.247786346204803,44.47265595921195,34.920683197892544,39.696669578552246
2018-12-28,37.0682258605957,37.611569368803295,36.66961900113825,37.369555992471305,169165600,35.92404207747262,-2.2109970175456013,-2.240428480472963,44.06783261297246,34.739219617862496,39.40352611541748
2018-12-31,37.42649841308594,37.810869799996105,37.12753967179389,37.61393775275985,140014000,37.87229351529914,-2.0869838881133163,-2.2097395620010336,43.64195934938657,34.647613938577294,39.14478664398193
2019-01-02,37.469200134277344,37.68986030291286,36.59368442014272,36.75028149202512,148158800,38.11381741836308,-1.9626329070885475,-2.1603182310185365,43.19665520297868,34.60272376430647,38.899689483642575
2019-01-03,33.73699188232422,34.57454401761466,33.69191057763836,34.16169817620422,365248800,27.903510223447483,-2.1405667522296454,-2.156367935260758,42.62089851191378,34.16701004216337,38.393954277038574
2019-01-04,35.17721176147461,35.24602123385648,34.11900273892931,34.29220667285654,234428400,35.12581618012385,-2.140690352767173,-2.153232418762041,42.178707666163575,33.93465178513037,38.05667972564697
2019-01-07,35.09890365600586,35.31244611659193,34.617251961933846,35.281600249745665,219111200,34.9209780699974,-2.122638659575941,-2.147113666924821,41.74218693457057,33.735532181640366,37.73885955810547
2019-01-08,35.76799392700195,36.0218713099174,35.23888962424999,35.485645667649806,164101200,38.23524686116146,-2.030931258283104,-2.123877185196478,41.4811698461084,33.575636718222654,37.52840328216553
2019-01-09,36.37540435791016,36.66487039683081,35.50226350768915,35.89612398881753,180396400,41.16457368655114,-1.88748182109196,-2.0765981123755743,41.112685880108934,33.55761288698091,37.33514938354492
2019-01-10,36.49166870117188,36.532003660455786,35.794103077351124,36.18322084854541,143122800,41.734199701184494,-1.7443082480912153,-2.0101401395187026,40.744873839521794,33.573558396195985,37.15921611785889
2019-01-11,36.133392333984375,36.467939696000656,35.948324350827995,36.27338262516767,108092800,40.435032610786735,-1.6408375150817562,-1.9362796146313135,40.299386284387005,33.62019989725362,36.95979309082031
2019-01-14,35.590057373046875,35.891387539186205,35.404989364339656,35.791735812990616,129756800,38.478765200957355,-1.5844146582963532,-1.8659066233643216,39.6587285030773,33.76378393283579,36.711256217956546
2019-01-15,36.31846237182617,36.39438593118797,35.601914999486866,35.65411403047625,114843600,42.495405297369466,-1.4640463271995117,-1.7855345641313598,39.271342505406665,33.856721840906815,36.56403217315674
2019-01-16,36.76215362548828,36.98518520942271,36.30185501531,36.320836811858406,122278800,44.85708099751454,-1.3176621919773694,-1.691960089700562,38.94778860672581,33.96673623458278,36.457262420654295
2019-01-17,36.98043823242188,37.40751959655014,36.36354252641356,36.58657410659207,119284800,46.031399218136116,-1.1705446565125897,-1.5876770030629677,38.4488116946885,34.22346422999412,36.33613796234131
2019-01-18,37.20821380615234,37.45971625451414,37.00890676859886,37.369553633249645,135004000,47.29274786087279,-1.0237719586683909,-1.4748959941840525,38.2704522639879,34.30525536235488,36.28785381317139
2019-01-22,36.37303924560547,37.18686348386207,36.21169577007339,37.11093991098238,121576000,43.296928342263925,-0.9637357989917064,-1.3726639551455833,38.18371893198071,34.30823396413746,36.24597644805908
2019-01-23,36.5201416015625,36.80960767396495,35.9934084941028,36.57471200591153,92522400,44.19134509503559,-0.8939815167300154,-1.2769274674624698,38.21191481159674,34.35572587443842,36.28382034301758
2019-01-24,36.23067855834961,36.65301362642966,36.00290421307908,36.56522597464914,101766000,42.761960407902805,-0.8522339712060116,-1.191988768211178,38.1646964564014,34.54222149708981,36.35345897674561
2019-01-25,37.43124008178711,37.51903133240946,36.61504465459194,36.890271619149736,134142000,49.98744423653412,-0.7140424226015298,-1.0963994990892485,38.187153297767395,34.53376306880975,36.36045818328857
2019-01-28,37.084842681884766,37.09196040414421,36.45845778019692,36.96383416265802,104768400,48.10071908975349,-0.6252682962215488,-1.0021732585157086,38.19168121733064,34.53279464326506,36.36223793029785
2019-01-29,36.70045471191406,37.51902868886723,36.56521441598711,37.07296560813992,166348800,46.02475865474186,-0.579253781178231,-0.9175893630482131,38.1518052658599,34.535893479867646,36.34384937286377
2019-01-30,39.20837020874024,39.421909052183295,38.017288901847,38.73383622739391,244439200,58.5840009797512,-0.33653970518747656,-0.8013794314760658,38.58784991540181,34.27803600989116,36.432942962646486
2019-01-31,39.490718841552734,40.09812176355808,39.044655736777,39.41242029951825,162958400,59.72035067935397,-0.12002035636423614,-0.6651076164536999,39.035616682660596,34.03242111335991,36.53401889801025
2019-02-01,39.50970458984375,40.09337942283648,39.36971429863973,39.61410265633867,130672400,59.800222617107266,0.05249959606880594,-0.5215861739491988,39.298743869042944,34.34656519772951,36.82265453338623
2019-02-04,40.6319580078125,40.72923830902055,39.69000809312302,39.720853949702565,125982000,64.30583354012875,0.276591004154092,-0.3619507383285407,39.957932332921,34.232851358485256,37.095391845703126
2019-02-05,41.3271713256836,41.54071383411568,40.89297582806122,41.01398071522067,144406400,66.7890956894072,0.504467773690358,-0.18866703592476097,40.66112902291539,34.15248143545864,37.406805229187015
2019-02-06,41.34139251708984,41.656957978594825,41.01159161859167,41.43866921001204,112958400,66.83991672596687,0.6783892377561287,-0.015255781188583034,41.268637248853956,34.10231306852885,37.6854751586914
2019-02-07,40.55842590332031,41.27022697955856,40.41606423990967,40.90483373299473,126966800,61.27993858285127,0.7444626864214143,0.13668791233341643,41.63248470940433,34.1567677625195,37.894626235961915
2019-02-08,40.606075286865234,40.66564643059835,40.13188767381337,40.26771162677322,95280000,61.489886085685065,0.7915468185482695,0.2676596935763871,41.95768188567251,34.24301124482066,38.10034656524658
2019-02-11,40.372554779052734,40.796704677929405,40.32966529975781,40.75857827237781,83973600,59.779173672314776,0.8007872027133516,0.37428519540378,42.179879513621685,34.44472986137832,38.3123046875
2019-02-12,40.720458984375,40.74667043828146,40.43689970191458,40.5322157324539,89134000,61.49778764576437,0.8266540818688171,0.46475897269678745,42.35995127136553,34.77769826476728,38.568824768066406
2019-02-13,40.551265716552734,41.09932094580876,40.48931303829851,40.8395916413653,89960800,60.151669681033,0.8240026970860583,0.5366077175746417,42.517664710860686,35.04326515974478,38.78046493530273
2019-02-14,40.699005126953125,40.80861399260933,40.3606414751641,40.43927581927432,87342800,60.95534962825863,0.8243205372216948,0.5941502815040524,42.68312959861972,35.27148542213224,38.97730751037598
2019-02-15,40.60845184326172,40.91345577089339,40.44880163394933,40.80622845251147,98507200,60.15453153294853,0.8079519672645858,0.636910618656159,42.81057367398337,35.50684270785257,39.15870819091797
2019-02-19,40.72998809814453,40.85151558058728,40.38686130166285,40.43928420861173,75891200,60.8970678589914,0.7956153590863977,0.6686515667422068,42.93271171900851,35.73688209202665,39.33479690551758
2019-02-20,40.99209213256836,41.29948124784168,40.74427779259907,40.791933976908496,104457600,62.51924987172011,0.7977916675722057,0.6944795869082067,42.96082809330523,36.17067100642621,39.56574954986572
2019-02-21,40.760963439941406,41.07311568683924,40.57986845134195,40.93729535437326,68998800,60.149580788770876,0.7719674931270575,0.7099771681519769,42.904653976042674,36.650927307526665,39.77779064178467
2019-02-22,41.21607971191406,41.22322795767942,40.83720814261498,40.88486432636196,75652800,63.11431004583269,0.7792430990253791,0.7238303543266573,42.752141675850204,37.30197972307558,40.02706069946289
2019-02-25,41.51631927490234,41.90710582108216,41.44959988672047,41.49964124582385,87493600,64.96601554800372,0.80001383118951,0.7390670496992279,42.752248790110905,37.7103805281264,40.23131465911865
2019-02-26,41.5401611328125,41.7712975211783,41.26375008174526,41.39242582162674,68280800,65.11577695780437,0.809072144699087,0.7530680686991997,42.57991427822892,38.32824688510116,40.45408058166504
2019-02-27,41.668827056884766,41.69980521854615,41.15889815564964,41.2732773821219,111341600,65.9614254576035,0.8172128669508183,0.7658970283495234,42.02518662747059,39.379811770356554,40.70249919891357
2019-02-28,41.25898742675781,41.67837075537811,41.20418297301688,41.53778367859534,112861600,60.897413029475004,0.7815841988820722,0.7690344624560332,41.95520537932234,39.654854740306575,40.805030059814456
2019-03-01,41.692665100097656,41.73555459143596,41.19703259655572,41.52824811143048,103544800,64.04316171693205,0.7793584277683507,0.7710992555184968,41.95748719046678,39.87276755501662,40.9151273727417
2019-03-04,41.90235137939453,42.35509069759693,41.45437513566205,41.86422496802693,109744800,65.4888210416733,0.7854601230759428,0.7739714290299861,41.945334262235335,40.12418516220315,41.03475971221924
2019-03-05,41.82609939575195,41.93809345893184,41.59019631110894,41.92379696336586,78949600,64.47366537854712,0.7752067617519884,0.7742184955743866,42.04718926530454,40.141744297927886,41.09446678161621
2019-03-06,41.58542251586914,41.81655883042522,41.44721703446925,41.62116374557005,83241600,61.24654635270863,0.7391399411029411,0.7672027846800975,42.07917686107817,40.135581821172806,41.10737934112549
2019-03-07,41.10409164428711,41.56636432916655,40.98971605951243,41.43054036805001,99185600,55.286548181419924,0.6640624486607862,0.7465747174762354,42.06136989291821,40.129658702052495,41.09551429748535
2019-03-08,41.2017936706543,41.23992008169563,40.3892422605175,40.5846373901533,95997600,56.21788295191897,0.605467282056928,0.7183532303923739,42.062190086995244,40.19317528470886,41.12768268585205
2019-03-11,42.62911605834961,42.68153896438816,41.78320858604554,41.81656828662146,128044000,67.02398343629449,0.6665199513195432,0.7079865745778078,42.33735749001787,40.12031195883467,41.22883472442627
2019-03-12,43.10806655883789,43.52744613325643,42.74110624977912,42.89122670675174,129870400,69.72432850736215,0.7449644477742865,0.7153821492171036,42.6746755766415,40.05654505018956,41.36561031341553
2019-03-13,43.29869079589844,43.67756238941142,43.11044394955633,43.42736286383217,124130000,70.75093779560358,0.8131406796023626,0.7349338552941554,43.01481630098331,39.97422750700008,41.494521903991696
2019-03-14,43.78002548217773,43.86819325045519,43.501232955961775,43.82053342503637,94318000,73.22022732658519,0.8956856147879151,0.7670842071929074,43.40918692589831,39.90273285864758,41.655959892272946
2019-03-15,44.34952163696289,44.63784755758058,43.78240685029037,44.04690286026948,156171600,75.82113155951652,0.9955802217704175,0.8127834101084094,43.88993515986409,39.78703627568279,41.83848571777344
2019-03-18,44.8022689819336,44.8904331154596,44.27089173604565,44.273276908909104,104879200,77.6772866363853,1.0986161810077064,0.8699499642882689,44.390561976903214,39.70579117251084,42.04817657470703
2019-03-19,44.447227478027344,45.03340921139079,44.30187372223758,44.88090720826174,126585600,72.9479597727213,1.1385001182067072,0.9236599950719566,44.71439246234751,39.75368462505484,42.234038543701175
2019-03-20,44.83563232421875,45.15255128641642,44.01831423519644,44.375741144089886,124140800,74.75850958579247,1.1877577192045905,0.9764795398984835,45.0813237265671,39.77110738000028,42.42621555328369
2019-03-21,46.486934661865234,46.78240882980378,45.22879245634288,45.27883381453322,204136800,80.67909402532547,1.3445419780413488,1.0500920275270567,45.789039258605925,39.635988970153846,42.712514114379886
2019-03-22,45.52427291870117,47.10648249507304,45.45993505954188,46.546512238552936,169630800,70.32335770162601,1.375262702996757,1.1151261626209967,46.154800903855715,39.701046645582764,42.92792377471924
2019-03-25,44.97383117675781,45.7458708587234,44.4639023409663,45.633876819634864,175381200,65.17220178229357,1.3397492550660957,1.1600507811100167,46.37674413244033,39.82485460718369,43.10079936981201
2019-03-26,44.50918197631836,45.96033805607303,43.98257500926579,45.66963053267575,199202000,61.10337841418541,1.2595914977626705,1.1799589244405475,46.497827517737626,40.00067330623698,43.249250411987305
2019-03-27,44.90949249267578,45.2168779833319,44.4519865617811,44.97621188035205,119393600,63.23308661950505,1.214369119439354,1.186840963440309,46.65164897867262,40.1709183888811,43.41128368377686
2019-03-28,44.96906280517578,45.16922096451442,44.68550359481245,45.0238672363422,83121600,63.55289425726107,1.1698515645485514,1.1834430836619576,46.74657791776795,40.44699698762756,43.596787452697754
2019-03-29,45.26216125488281,45.29313941789581,44.92617907983829,45.23356826498443,94256000,65.15870470178334,1.1450225695019256,1.1757589808299511,46.877410635244935,40.673113885629085,43.77526226043701
2019-04-01,45.56954574584961,45.67438790998863,44.8880516813076,45.66485812631572,111448000,66.81024216171068,1.137041663038218,1.1680155172716047,47.02964347097523,40.8876004865443,43.958621978759766
2019-04-02,46.23197937011719,46.33682517645646,45.52427381326158,45.533803597504026,91062800,70.09963489159028,1.1706747842627792,1.1685473706698397,47.23851651913774,41.119315435818315,44.17891597747803
2019-04-03,46.54889678955078,46.822922617672326,46.02466777516016,46.048497688881305,93087200,71.55224184104647,1.2089656587466706,1.176631028285206,47.409188758716105,41.44499062360811,44.42708969116211
2019-04-04,46.62991714477539,46.79194893860823,46.02229064603285,46.41545880854789,76457200,71.92771773804837,1.2316514074485738,1.1876351041178796,47.41439441658831,41.992367515784736,44.70338096618652
2019-04-05,46.94206619262695,46.96589610699699,46.68709992541847,46.81100893546065,74106400,73.38522068198901,1.2602900074573284,1.2021660847857694,47.350523027977644,42.63026615659267,44.990394592285156
2019-04-08,47.68075180053711,47.71172632732698,46.78479934209682,46.80386254716306,103526800,76.49528274924299,1.327291864990272,1.22719124082667,47.61942185844102,42.866530900348046,45.242976379394534
2019-04-09,47.53778076171875,48.33603567750495,47.47344289751336,47.73317589155191,143072800,74.67640828073549,1.353255267482254,1.2524040461577868,47.82939906077766,43.09952511829948,45.46446208953857
2019-04-10,47.80465698242188,47.8332536078706,47.22324195607037,47.342384260292086,86781200,75.83162131186587,1.379464523308613,1.277816141587952,48.04498415325771,43.33453664447179,45.68976039886475
2019-04-11,47.406715393066406,47.89519949822014,47.28519156894748,47.85945826640106,83603200,70.65580605767975,1.3525338189127751,1.2927596770529168,48.167988347789105,43.57420144102926,45.87109489440918
2019-04-12,47.38766098022461,47.690283464181285,46.75382665748732,47.4662953407457,111042800,70.40800031959112,1.3145007632316492,1.2971078942886634,48.29904538761977,43.746958335524766,46.02300186157227
2019-04-15,47.47343444824219,47.62117335589848,47.182726978383926,47.31855093020654,70146400,70.90271864673258,1.2765650473890773,1.2929993249087464,48.44385899336408,43.869261276411315,46.1565601348877
2019-04-16,47.47819900512695,47.98336111335143,47.31378207550533,47.52824036298592,102785600,70.9317893952155,1.2326756614817,1.2809345922233373,48.5227984001856,44.09341902229975,46.308108711242674
2019-04-17,48.402740478515625,48.46231161438307,47.3256933239708,47.54729620414958,115627200,75.95247235107708,1.2579944007535673,1.2763465539293832,48.771517054556774,44.20141118335827,46.48646411895752
2019-04-18,48.576690673828125,48.6457915965976,48.25739023521884,48.400358790031696,96783200,76.76560079424436,1.2773712701709456,1.276551497177696,49.05095303387463,44.1309508052367,46.590951919555664
2019-04-22,48.73635482788086,48.83405239829377,48.21451090916323,48.33127168618853,77758000,77.51706602676813,1.290732382201064,1.2793876741823695,49.3286514129724,44.1744606170569,46.75155601501465
2019-04-23,49.43928146362305,49.503619315451935,48.58622226846949,48.71251279943443,93292000,80.50629446891955,1.3425652086405577,1.2920231810740073,49.66828926321662,44.28136779549919,46.97482852935791
2019-04-24,49.36304473876953,49.67757855914397,49.33683328407709,49.41070093750083,70162400,79.27522511946583,1.3617935224308653,1.305977249345379,49.85266182226308,44.58238151269786,47.21752166748047
2019-04-25,48.9150505065918,49.50599515288015,48.876924107235496,49.28439227399711,74172800,72.28055796919512,1.3256019945152957,1.3099021983793624,49.9266717815208,44.90892735483174,47.41779956817627
2019-04-26,48.68153381347656,48.84833226964961,48.16207160889918,48.82450236051047,74596400,68.86951802451043,1.263512121119085,1.3006241829273069,49.90054259190401,45.306303645278604,47.60342311859131
2019-04-29,48.75539779663086,49.079464902654784,48.57668439924854,48.70535644555312,88818800,69.362038901567,1.2063594939392743,1.2817712451297003,49.85746912571474,45.698700765642684,47.778084945678714
2019-04-30,47.81656646728516,48.467082355820594,47.444843102407766,48.38606647084663,186139600,57.01489144024526,1.0729415803441569,1.2400053121725916,49.70650718988721,46.07436477361376,47.890435981750485
2019-05-01,50.163665771484375,51.305047195466486,49.85627665797254,50.01116380100785,259309200,70.94152561814695,1.1434176144112342,1.2206877726203202,49.991476161713976,46.18256444192372,48.087020301818846
2019-05-02,49.83722305297852,50.671219159962654,49.59417537681596,50.00164001010491,127985200,67.65823728646913,1.159562465672309,1.208462711230718,50.16410448275411,46.338768747226354,48.25143661499023
2019-05-03,50.456764221191406,50.4782089626399,50.0945706099009,50.25183931905875,83569600,70.4531459163457,1.2084192660827568,1.208454022201126,50.4324220721316,46.45313586549047,48.442778968811034
2019-05-06,49.67757034301758,49.76335294092036,48.490914101974354,48.6791573284068,129772400,63.070831628035315,1.1707683101274142,1.2009168797863836,50.51303912048338,46.64606923217776,48.57955417633057
2019-05-07,48.33841323852539,49.42499041337888,47.854695800035216,49.05803373574075,155054800,52.825886919314414,1.0211002615405036,1.1649535561372077,50.5056090554958,46.71926544096416,48.61243724822998
2019-05-08,48.34795379638672,48.92936892131947,48.07392790458842,48.109669147541176,105358000,52.884604860908645,0.892963569838372,1.1105555588774405,50.486125835164714,46.81976596476204,48.65294589996338
2019-05-09,47.82847595214844,48.05722708778133,46.86104124501396,47.75222314964831,139634400,49.287278343907545,0.7409555238665462,1.0366355518752617,50.48514048657739,46.82313321032203,48.65413684844971
2019-05-10,47.1658935546875,47.56536448730354,46.11101450339134,47.22330340337194,164834800,45.07564910179099,0.5605613874943884,0.9414207189990871,50.508577991665604,46.775613521395925,48.642095756530765
2019-05-13,44.42464065551758,45.32403977104099,43.73813138927743,44.90065443085275,229722400,32.6464084094215,0.19416334125770618,0.7919692434508109,51.070497713521235,45.91739176706959,48.49394474029541
2019-05-14,45.12790298461914,45.37667174964744,44.35049557524216,44.58969785505046,146118800,37.41434371030574,-0.03901264411345551,0.6257728659379577,51.316288757313664,45.43704757691486,48.37666816711426
2019-05-15,45.668495178222656,45.86703349261073,44.49640556068087,44.556206125860285,106178800,40.878911885187854,-0.17813162981065034,0.4649919667882361,51.434835029498885,45.137530922039204,48.286182975769044
2019-05-16,45.467559814453125,46.039252991844464,45.17094773855048,45.4268958737944,132125600,39.99272246455105,-0.30112702791046075,0.31176816784849676,51.517895057576716,44.76095282755512,48.13942394256592
2019-05-17,45.20920944213867,45.66369209824951,44.67339527551436,44.7140592058034,131516400,38.827251963789784,-0.41466844326832586,0.16648084562513224,51.5737792270958,44.368320534867095,47.97104988098145
2019-05-20,43.795536041259766,44.09693319133087,43.123378349333606,43.89839489959819,154449200,33.13670160029497,-0.6116714936243071,0.010850377775244377,51.737160654621505,43.710857228679274,47.72400894165039
2019-05-21,44.63514709472656,44.97002882815284,44.18066057086273,44.305046778965554,113459200,38.86735989661081,-0.6920704776024493,-0.12973379330029436,51.63041181875809,43.33719262765304,47.483802223205565
2019-05-22,43.72138214111328,44.42224655428425,43.66636665166303,44.17108348949689,118994400,35.31945668141333,-0.8200672222883512,-0.2678004790979057,51.56072563812582,42.842712548519685,47.20171909332275
2019-05-23,42.975074768066406,43.18557025463366,42.53254916971738,43.008562935243226,146118800,32.69445971658715,-0.9705385679999736,-0.4083480968783193,51.555946863338065,42.253493749454904,46.904720306396484
2019-05-24,42.81002426147461,43.56829490792796,42.726302019305706,43.104241988346736,94858800,32.125799882578676,-1.0905353770691164,-0.5447855529164787,51.51125259619063,41.71103706140214,46.611144828796384
2019-05-28,42.63301086425781,43.19752825231062,42.55646805143749,42.79806098088244,111792800,31.49314283443661,-1.186242944327823,-0.6730770311987476,51.392437960494206,41.21761300386126,46.30502548217773
2019-05-29,42.4296989440918,42.90092769825239,42.09959865033098,42.20006316366321,113924800,30.744249971254405,-1.2639276821725076,-0.7912471613934996,51.34023319285213,40.731131019184,46.035682106018065
2019-05-30,42.64975738525391,42.87221370220988,42.259856591093225,42.56603514665155,84873600,32.612114570974754,-1.2928335392267982,-0.8915644369601594,50.803771427044225,40.51620194636887,45.659986686706546
2019-05-31,41.87713623046875,42.575606305283934,41.8579996140433,42.15460804379681,108174400,29.594184466725736,-1.3623810288763991,-0.9857277553434074,50.281645921521424,40.24231876964068,45.26198234558105
2019-06-03,41.4537467956543,42.558859919788816,40.72896433762629,42.00391264942133,161584400,28.061679192352827,-1.4351187488562758,-1.075605954045981,49.490491436482294,40.133171512126104,44.8118314743042
2019-06-04,42.97029113769531,43.01574014822659,41.74557681150609,41.96564243887218,123872000,40.03910496883978,-1.3547744651579663,-1.1314396562683782,48.64577852580929,40.30715650226688,44.476467514038085
2019-06-05,43.66397857666016,44.250027028807736,43.3290968753788,44.0801918196271,119093600,44.5840765062321,-1.2210507495776781,-1.1493618749302381,48.02609794770002,40.45939361418962,44.24274578094482
2019-06-06,44.30503463745117,44.36483519131341,43.57068208405352,43.79314204238784,90105200,48.471213438351235,-1.051227973267025,-1.1297350945975955,47.323971729248335,40.75722791674776,44.04059982299805
2019-06-07,45.48430633544922,45.90769533953983,44.43660296337536,44.61361029225214,122737600,54.75813844339466,-0.81212317861619,-1.0662127114013145,46.79964521616245,41.04713746816372,43.923391342163086
2019-06-10,46.065555572509766,46.73292803874346,45.83591987717714,45.88136887468619,104883600,57.50989120405893,-0.5691679367895759,-0.9668037564789668,46.52840044090767,41.208348445200734,43.8683744430542
2019-06-11,46.59897994995117,46.88363115164734,46.30954733221378,46.61094078992602,107731600,59.91924189695662,-0.3297797720663951,-0.8393989595964525,46.885323802653694,41.068859012898066,43.97709140777588
2019-06-12,46.45068359375,46.87646328917654,46.259321071663166,46.393273742143,73012800,58.91898911804,-0.15029667687121417,-0.7015785030514049,47.10903806113392,40.97742281533092,44.04323043823242
2019-06-13,46.44111251831055,47.072606273434246,46.30955420885947,46.57267447769808,86698400,58.85070651318923,-0.00872674019356623,-0.5630081504798372,47.246490446870915,40.91723216360271,44.081861305236814
2019-06-14,46.10384368896485,46.30716341463391,45.52018960598685,45.819192423091415,75046000,56.37148999602414,0.07538469093305622,-0.43532958219725854,47.345467496093804,40.881883501831,44.1136754989624
2019-06-17,46.37891387939453,46.6348619824245,45.96748580812443,46.142102390137104,58676400,57.9281936358684,0.1623677967111803,-0.3157901064155708,47.52134263405767,40.822978807592726,44.1721607208252
2019-06-18,47.46968460083008,47.90981585388891,46.69467166608227,46.89560067509566,106204000,63.49117986528091,0.31567965740159565,-0.1894961536521375,47.99295342819084,40.71878286941658,44.35586814880371
2019-06-19,47.33094024658203,47.81173902587901,47.19698759262692,47.76389566380698,84496800,62.36164173257257,0.4211303729039031,-0.06737084834092938,48.35204716436433,40.62926844842864,44.490657806396484
2019-06-20,47.711273193359375,47.98635426785553,47.36921214383364,47.9289444249456,86056000,64.2397530114766,0.529289198491611,0.05196116102557871,48.77760280544217,40.60270191257541,44.69015235900879
2019-06-21,47.54863357543945,48.04378409542228,47.39793495632512,47.55341864348971,191202400,62.79672512108116,0.5950231327961575,0.16057355537969448,49.1073815399319,40.73027905882298,44.91883029937744
2019-06-24,47.500789642333984,47.87872968624275,47.40271583063661,47.49121950708015,72881600,62.35300059643712,0.635926578025817,0.255644159908919,49.368557641855276,40.93817949498555,45.15336856842041
2019-06-25,46.7807846069336,47.663437821269206,46.71380462067784,47.46489952077428,84281200,55.94621103968479,0.6032901111735214,0.32517335016183946,49.46624561331336,41.25526889779505,45.360757255554205
2019-06-26,47.79261016845703,48.07726142928263,47.206565387311976,47.30702989408513,104270000,61.87478449112285,0.65156055816378,0.3904507917622275,49.63289927539378,41.62490635815115,45.62890281677247
2019-06-27,47.77825546264648,48.215995988213024,47.73759152091885,47.90981377120324,83598800,61.74782594446545,0.6808089881551496,0.44852243104081196,49.74769157897954,42.022963862304636,45.88532772064209
2019-06-28,47.34291458129883,47.72085461978885,47.13480976672624,47.52470699920637,124442400,57.8697217246028,0.6612378702556398,0.4910655188837776,49.59822407672649,42.7190091996407,46.158616638183595
2019-07-01,48.211212158203125,48.91446732715429,47.99592795243673,48.59871861867151,109012000,62.87763969696917,0.7076348025916346,0.534379375625349,49.28749968356938,43.70548012905269,46.496489906311034
2019-07-02,48.49345016479492,48.58913321340892,48.16574439188784,48.17770522920647,67740800,64.36058468309363,0.758436174006448,0.5791907353015688,49.18001929223958,44.36527642309245,46.772647857666016
2019-07-03,48.89532852172852,48.90250429660593,48.483900395720205,48.62502883489124,45448000,66.41772259660446,0.8216533433431721,0.6276832569098896,49.15321434078663,44.915216369052246,47.03421535491944
2019-07-05,48.85226440429688,49.05558773477184,48.53412503952128,48.64176894973504,69062000,65.97824251429606,0.8583835795430019,0.6738233214365121,49.120274965079695,45.40287872144375,47.26157684326172
2019-07-08,47.84523010253906,48.17532669133114,47.46011437400138,48.0341982544595,101354400,56.554269936147,0.7970454604192483,0.6984677492330594,49.063490969292616,45.69575509393982,47.37962303161622
2019-07-09,48.13705825805664,48.20164023244244,47.55579493902973,47.64908366307894,82312000,58.408262320781176,0.7631851292334417,0.7114112252331359,49.08378773377358,45.88260859801354,47.48319816589356
2019-07-10,48.61306381225586,48.73266491650779,48.21359656204675,48.28296724647705,71588400,61.3085766378875,0.7659310663404071,0.7223151934545903,49.20262794781237,45.965176770205225,47.583902359008796
2019-07-11,48.259056091308594,48.89054991349479,48.24948960685378,48.63221103397268,80767200,58.06561063420403,0.7311139502507586,0.724074944813824,49.23056645919226,46.118075508581185,47.67432098388672
2019-07-12,48.62981796264648,48.79725880699689,48.36669402871252,48.426494590976,70380800,60.426587230962994,0.7250802456120269,0.7242760049734646,49.28456601605258,46.282946496154466,47.78375625610352
2019-07-15,49.086692810058594,49.2445635130071,48.79725649643611,48.81878382184684,67789600,63.1777633364315,0.7485358181745312,0.7291279676136779,49.32522178273006,46.54057564158635,47.932898712158206
2019-07-16,48.91684722900391,49.30196289597296,48.677645042065016,48.93837454984384,67467200,61.46696682907643,0.7448334333097435,0.732269060752891,49.31868760721206,46.80090315206528,48.05979537963867
2019-07-17,48.64177322387695,49.05798275351496,48.62263660815599,48.80921404901501,56430000,58.69483440758488,0.7115013486527317,0.7281155183328591,49.371063061319894,46.86573656026214,48.11839981079102
2019-07-18,49.1943359375,49.24696072484421,48.72549791841606,48.7972593238797,74162400,62.36650299264521,0.7213572669038868,0.7267638680470647,49.49295633668977,46.93018285398405,48.21156959533691
2019-07-19,48.45998764038086,49.39526940436115,48.40497213953997,49.22543418445619,83717200,55.32758335549783,0.6622780536050783,0.7138667051586675,49.51337443101585,46.98463620436013,48.24900531768799
2019-07-22,49.56748580932617,49.56987651762095,48.7039656231899,48.71353210630533,89111600,62.247837656535566,0.6967910247129794,0.7104515690695299,49.69436068490528,47.00553517385937,48.349947929382324
2019-07-23,49.95498275756836,49.97172866225892,49.584218645891866,49.86408841046526,73420800,64.32991430125936,0.7468019008001718,0.7177216354156584,49.928071072572834,47.01724409771525,48.47265758514404
2019-07-24,49.91432189941406,50.02913793173765,49.55551860470898,49.67511970294401,59966400,63.931474660503895,0.7742300469325301,0.7290233177190327,49.994336363277405,47.26433253625873,48.629334449768066
2019-07-25,49.51964569091797,50.050674922943,49.4502750016344,49.9669526841349,55638400,60.04399409286763,0.7554120587865967,0.7343010659325455,50.07653633650661,47.35483611527562,48.71568622589111
2019-07-26,49.69187927246094,50.16788943836609,49.54835645514004,49.62968434831801,70475600,61.15408969148469,0.7457993673561774,0.7366007262172719,50.16418992815715,47.45854490460652,48.811367416381835
2019-07-29,50.15591430664063,50.38555001894711,49.85930592191719,49.8640909877812,86693600,64.051911864392,0.7667859580805114,0.7426377725899198,50.24866291938301,47.655371885914846,48.95201740264893
2019-07-30,49.94063568115234,50.27073588947548,49.58900815053056,49.93585061510733,135742800,61.750462278843266,0.7573169184884847,0.7455736017696328,50.35647768228997,47.72049947530281,49.03848857879639
2019-07-31,50.95964813232422,52.952203406591565,50.54343853369576,51.76815294335434,277125600,67.67173458317737,0.8225565055855029,0.7609701825328068,50.696409628002975,47.62718732634273,49.16179847717285
2019-08-01,49.85693359375,52.15327713173156,49.45268477304837,51.16537046560916,216071600,57.32907822573274,0.7763304467514871,0.7640422353765429,50.768155297926114,47.65160216362173,49.20987873077392
2019-08-02,48.80204772949219,49.37852242130375,48.230354455085056,49.163241840121984,163448400,49.53035848724087,0.6471159391572314,0.7406569761326807,50.76810114343177,47.64663465063561,49.20736789703369
2019-08-05,46.24736022949219,47.51752354055812,46.06556784097548,47.35965283602837,209572000,36.5595689016642,0.33471222592348226,0.6594680260908411,51.07467793389457,47.18027087286813,49.12747440338135
2019-08-06,47.12283706665039,47.37878519253508,46.414796893585645,46.957786951818015,143299200,42.1505231616934,0.15597570568831287,0.5587695620103355,51.17172026107005,46.981806426552026,49.07676334381104
2019-08-07,47.610816955566406,47.73520315465886,46.36218449713358,46.74251522038932,133457600,45.0570461677151,0.053089640167577556,0.4576335776417839,51.20967546466966,46.84362653728347,49.026651000976564
2019-08-08,48.66090774536133,48.68482942826137,47.6945323451434,47.88828556685008,108038000,50.787149561002664,0.05564381548207109,0.37723562520984133,51.208431396084094,46.88505577127431,49.0467435836792
2019-08-09,48.25992584228516,48.68491980321308,47.851734087471264,48.3343596886464,98478800,48.69857808865335,0.025023672073025693,0.3067932345824782,51.21012363800086,46.84637431732141,49.028248977661136
2019-08-12,48.13747024536133,48.51444641488046,47.81812205634959,47.930974561632105,89927600,48.048723916483,-0.009020176472979813,0.24363055237138662,51.1965452847819,46.765030414070644,48.98078784942627
2019-08-13,50.176002502441406,50.93715403198438,48.137458527792965,48.267120536421295,188874000,58.07791929990835,0.12702804447853566,0.22031005079281646,51.31940293024322,46.76808829595307,49.043745613098146
2019-08-14,48.68252182006836,49.568532297848215,48.64410316767906,48.78096824288931,146189600,50.40117249289885,0.1130328578041997,0.19885461219509312,51.320069697220646,46.771496388594784,49.045783042907715
2019-08-15,48.44000244140625,49.25637851041577,47.94297083087483,48.852993722567405,108909600,49.262460772133025,0.08143356900306031,0.17537040355668657,51.29622502315416,46.7199077130519,49.00806636810303
2019-08-16,49.58293533325195,49.74140951677776,48.944239015747925,49.04988847143179,110481600,54.4818180501806,0.14692240739437779,0.16968080432422483,51.35093120851983,46.77749629697333,49.06421375274658
2019-08-19,50.50735855102539,51.07882033281928,50.43052125987116,50.57218589365761,97654400,58.224983734571396,0.2703001596043322,0.1898046753802463,51.47470478648872,46.74770999317436,49.11120738983154
2019-08-20,50.50975799560547,51.227691316707656,50.50015516617898,50.634616760971866,107537200,58.234584271316585,0.3640747056657645,0.22465868143734996,51.55386635196779,46.72402595149901,49.1389461517334
2019-08-21,51.05721664428711,51.29972750063154,50.807502749107,51.14125698244228,86141600,60.46694582843342,0.4770677071111038,0.2751404865721007,51.73272021073924,46.65946156721487,49.196090888977054
2019-08-22,51.01399993896485,51.489418835377954,50.6034083940143,51.18927999555581,89014800,60.19343039449281,0.556710831954419,0.3314545556485644,51.92640241268993,46.615214790068855,49.27080860137939
2019-08-23,48.65610504150391,50.91555099493653,48.26232304973978,50.28645752648354,187272000,47.55444083066847,0.424670828749818,0.35009781026881515,51.880140368012,46.557899411651086,49.21901988983154
2019-08-26,49.58053588867188,49.74861290398016,49.23717515529538,49.429264742992345,104174400,51.825315343904705,0.39012490146901513,0.3581032285088551,51.82251921703904,46.55798272082718,49.19025096893311
2019-08-27,49.02107238769531,50.07515974076012,48.86980125519638,49.90948253160488,103493200,49.213317887749156,0.3139835691743116,0.34927929664194646,51.7545388823993,46.534006726121206,49.144272804260254
2019-08-28,49.35002899169922,49.395650682194926,48.81938556724892,49.00667191279658,63755200,50.784001214395666,0.27699207132351233,0.33482185157825967,51.54107460587606,46.58650908858195,49.063791847229005
2019-08-29,50.18561172485352,50.26004923163214,49.621352927714746,50.06315640226348,83962000,54.6229358456602,0.3115096962068691,0.33015942050398156,51.582570808868134,46.57788069870022,49.08022575378418
2019-08-30,50.12078094482422,50.5313687808023,49.751007883111264,50.46173818969739,84573600,54.269236222724885,0.3298317652019449,0.33009388944357426,51.68494452813422,46.60738030096734,49.14616241455078
2019-09-03,49.39083862304688,49.69818045135938,49.03547532102372,49.56611865080238,80092000,50.31848995294493,0.28219887888592154,0.3205148873320437,51.466196136417366,47.14047653203967,49.30333633422852
2019-09-04,50.22883987426758,50.29847047880786,49.77983330506893,50.03675026808803,76752400,54.42083858709007,0.3085128269820103,0.318114475262037,51.408479016677404,47.50879393254135,49.45863647460938
2019-09-05,51.210880279541016,51.376557476754485,50.78588272979388,50.90353845367969,95654800,58.72235929318396,0.4039527579397202,0.3352821317975737,51.53691929746701,47.74035998414921,49.63863964080811
2019-09-06,51.2060775756836,51.484607253260535,51.025994300943886,51.39576734347277,77449200,58.693186063785475,0.47374106071352173,0.3629739175807633,51.725200856329806,47.80659540831863,49.76589813232422
2019-09-09,51.424583435058594,51.96963654756328,50.68024137405337,51.58545739982879,109237600,59.674753196285884,0.5404504142247362,0.3984692169095579,51.882541966417804,47.96572005750798,49.92413101196289
2019-09-10,52.03206253051758,52.05127185370454,50.83391076513622,51.35014804449725,127111600,62.35317860701985,0.6350164690154472,0.4457786673307358,52.102276541820245,48.13544471062116,50.1188606262207
2019-09-11,53.68643569946289,53.71525152055803,52.27938461882768,52.3610251708255,177158400,68.49111497383963,0.8338428163711455,0.5233914971388178,52.8154083914079,47.77335618073566,50.29438228607178
2019-09-12,53.566383361816406,54.36595374868243,53.51115883577232,53.97697494678176,128906800,67.62942392300754,0.9705391377478776,0.6128210252606299,53.320414855969354,47.75673587034901,50.53857536315918
2019-09-13,52.52429962158203,53.01412462083623,52.10890847215429,52.8244384765625,159053200,60.51269353868729,0.9834479329075592,0.6869464067900157,53.477682292015196,48.00789815232074,50.74279022216797
2019-09-16,52.80042266845703,52.855650852329696,52.23856364566221,52.27938208778277,84632400,61.66385948505189,1.0043811871804351,0.7504333628680997,53.723918118369674,48.08341105948677,50.90366458892822
2019-09-17,52.99250793457031,53.02132375192014,52.61313203639829,52.81482810263167,73274800,62.483232977394096,1.024658986688955,0.8052784876322708,53.983139800528626,48.07270431568231,51.02792205810547
2019-09-18,53.489532470703125,53.50874179178695,52.68996234163024,53.07894101811847,101360000,64.5920677118435,1.068517807001804,0.8579263515061776,54.307841587780004,48.045979975940696,51.17691078186035
2019-09-19,53.054935455322266,53.72724341657254,52.91326716138404,53.30704910888932,88242400,61.345010227533606,1.0560345817236225,0.8975479975496666,54.511815872972036,48.04177757185218,51.27679672241211
2019-09-20,52.27938079833984,53.43911767399923,52.2169532408371,53.15578837786671,221652400,55.94060049043521,0.9723520869261861,0.9125088154249705,54.60143964049537,48.07869189026634,51.34006576538086
2019-09-23,52.51708984375,52.78601305088982,52.26016925822585,52.57231436011538,76662000,57.18562141619221,0.914670488221013,0.9129411499841791,54.586610644854225,48.479619366132106,51.533115005493165
2019-09-24,52.267372131347656,53.42230937106519,52.14972006049818,53.07174562246372,124763200,55.41409890335091,0.839134255901719,0.8981797711676871,54.59951384189026,48.735399793363655,51.667456817626956
2019-09-25,53.07175064086914,53.18460313928031,52.137718705201,52.47627620043449,87613600,59.7404750160239,0.8345576101900036,0.8854553389721505,54.59517266340986,49.144808797161424,51.86999073028564
2019-09-26,52.79802322387695,53.050140581036125,52.54350607497872,52.82443558822323,75334000,57.68901812805036,0.7996254857248744,0.8682893683226953,54.53436503153619,49.550415852252875,52.04239044189453
2019-09-27,52.541107177734375,53.05494473156102,52.17133407059121,52.95409485593707,101408000,55.753817716233755,0.7426497436656021,0.8431614433912767,54.50849909259857,49.811831336478576,52.16016521453857
2019-09-30,53.77767181396485,53.92413970007018,53.01411677472275,53.04052913660416,103909600,62.30766244633949,0.7881907173792513,0.8321672981888717,54.59520676857929,50.09081274741192,52.3430097579956
2019-10-01,53.926536560058594,54.79814079095974,53.83289340280668,54.04179249498683,139223200,63.01784866032513,0.826763987442952,0.8310866360396878,54.473767963821246,50.66582134587114,52.56979465484619
2019-10-02,52.5747299194336,53.684042068079286,52.32741210702432,53.55918326581723,138449200,53.21293493506296,0.739726971432269,0.8128147031182041,54.260007900928805,51.114170413280185,52.687089157104495
2019-10-03,53.02132415771485,53.05493955837704,51.65509168829448,52.44745522730388,114426000,55.66702396110714,0.698731391327442,0.7899980407600518,54.20161991187257,51.3536027901538,52.777611351013185
2019-10-04,54.50761413574219,54.62287009035569,53.75846874977578,54.17866313348463,138478800,62.682432330312714,0.7772140388790874,0.7874412403838589,54.36516390480564,51.52021245322659,52.942688179016116
2019-10-07,54.51961898803711,55.20873658677315,54.22668318942507,54.3299328547412,122306000,62.73372791398251,0.8308038046495909,0.7961137532370053,54.49888866863457,51.69599124469551,53.09743995666504
2019-10-08,53.88092422485352,54.75973164617533,53.86411835463812,54.22188517841453,111820000,58.15372843529573,0.8123722291485862,0.7993654484193216,54.541045246412764,51.8387208363509,53.18988304138183
2019-10-09,54.51242065429688,54.69490376434556,54.17866638461821,54.51242065429688,74770400,61.172085565255024,0.8390495164564058,0.8073022620267385,54.68697246353517,51.775392114711906,53.23118228912354
2019-10-10,55.24715805053711,55.33119839486909,54.57724974295228,54.728517233423744,113013600,64.39038916589658,0.9090002373639621,0.8276418570941833,55.012699947925206,51.61774209919394,53.31522102355957
2019-10-11,56.71665191650391,57.06000907551572,55.78021630648012,55.93388728390588,166795600,69.78463893445466,1.0706705380682067,0.876247593288988,55.737192952626074,51.31248432398526,53.52483863830567
2019-10-14,56.63499069213867,57.17764399561088,56.34685817252537,56.40208268669869,96427600,69.15768295113345,1.178619644219694,0.9367220034751292,56.28115783587962,51.151976243099874,53.716567039489746
2019-10-15,56.50293731689453,57.06239287164702,56.39728786256741,56.759854250095415,87360000,68.09232951705447,1.2392294194560023,0.9972234866713039,56.703105113950436,51.08107190326148,53.89208850860596
2019-10-16,56.27482986450195,56.48372898515924,55.99390035444989,56.03471879637498,73903200,66.19538070685267,1.2543968321202854,1.0486581557611003,57.019214911381454,51.04349184521034,54.0313533782959
2019-10-17,56.49334335327149,56.70223885278671,56.07074910603238,56.44772165480151,67585200,67.13977089568598,1.2694162875041783,1.092809782109716,57.338666984176754,51.067880562209965,54.20327377319336
2019-10-18,56.76465606689453,57.04558556492881,56.255618132854494,56.327652182971896,97433600,68.32307142863567,1.288360564034086,1.13191993849459,57.62149693841265,51.23357813482954,54.427537536621095
2019-10-21,57.74910736083984,57.864363302867055,56.983156188347394,57.03117766562347,87247200,72.2305809082804,1.3670525014131627,1.1789464510783045,58.06615480706032,51.31212201789085,54.689138412475586
2019-10-22,57.6170539855957,58.1549004377134,57.535413437281406,57.905186536916496,82293600,70.9659981794415,1.4025926104352706,1.2236756829496978,58.37123760889433,51.54200740148164,54.95662250518799
2019-10-23,58.39021682739258,58.40462657130632,57.91960111274194,58.130900057820426,75828800,73.85244388679419,1.476130271716329,1.2741666007030241,58.83143776158081,51.61365386744752,55.22254581451416
2019-10-24,58.48624038696289,58.77917611292582,58.06124287244237,58.70954186813942,69275200,74.19556103630396,1.524583250159047,1.3242499305942288,59.202253877847276,51.81165946748964,55.50695667266846
2019-10-25,59.20658493041992,59.24260012348222,58.31817475144487,58.38540555436381,73477200,76.66895175287945,1.602634199697242,1.3799267844148315,59.607077079830354,52.07338404077512,55.840230560302736
2019-10-28,59.79964828491211,59.84766975456233,59.24018918716893,59.40826616284637,96572800,78.49643837111358,1.6928314881587738,1.44250772516362,60.15518771750888,52.12747105019132,56.1413293838501
2019-10-29,58.41661834716797,59.9677374114046,58.24374175415912,59.780451077157984,142839600,65.59331850132354,1.6338801779520722,1.4807822157213106,60.36130302020355,52.37036392620759,56.36583347320557
2019-10-30,58.40941619873047,58.89924482176762,57.91719144782321,58.76958279527963,124522000,65.53290703407004,1.568499006513612,1.498325573879771,60.343228392996494,52.97190718134432,56.65756778717041
2019-10-31,59.730018615722656,59.82846501751993,56.96874176554997,59.365052487377525,139162000,70.83674738935188,1.6047470107989383,1.5196098612636044,60.51117896389631,53.47482605624529,56.9930025100708
2019-11-01,61.42521286010742,61.45162155934046,59.82607232816422,59.91731203917983,151125200,75.95228875691947,1.7500878996252638,1.5657054689359362,61.15889559839778,53.51886929418035,57.33888244628906
2019-11-04,61.828609466552734,61.91264981872818,61.319575096954345,61.78778735460144,103272000,76.9867883577171,1.8761947309905338,1.6278033213468557,61.76637179252375,53.64229214790594,57.704331970214845
2019-11-05,61.73975372314453,61.99427084278033,61.54526436432109,61.720540736224365,79897600,76.2091075121756,1.946527035509213,1.6915480641793272,62.12415709064698,54.07038979961181,58.097273445129396
2019-11-06,61.76615524291992,61.826182996756565,61.31714881663888,61.65330277260276,75864400,76.28575934230669,1.9815541527579583,1.7495492818950535,62.43633164394804,54.48358870517306,58.45996017456055
2019-11-07,62.4790153503418,62.70058392258384,62.161115492188166,62.31284075856176,94940400,78.31712766026968,2.043281570536273,1.8082957396232975,62.87798914358105,54.76511693552051,58.82155303955078
2019-11-08,62.650020599365234,62.72226723714008,61.85768150693457,62.30081136770355,69986400,78.78656778278406,2.0819996918455246,1.8630365300677432,63.37826093953946,54.85818200784824,59.11822147369385
2019-11-11,63.14612579345703,63.21114775923297,62.20206153146034,62.20687552350094,81821200,80.13056371610138,2.1281832531766725,1.916065874689529,63.88624410554786,55.00131235197168,59.44377822875977
2019-11-12,63.088340759277344,63.288235410018565,62.83788080237024,62.989598769693245,87388800,79.49877230189703,2.135504522112072,1.9599536041740375,64.270679536869,55.275417264888816,59.773048400878906
2019-11-13,63.692832946777344,63.767490271321854,62.87400569881237,62.88845502939462,102734400,81.17123824620751,2.165125924159902,2.0009880681712104,64.64992832966361,55.63796878032174,60.143948554992676
2019-11-14,63.25210571289063,63.79156691909785,63.12205440439149,63.51942564466405,89182800,76.28493862416985,2.1285020475721055,2.0264908640513895,64.85381868974574,56.109954656201516,60.48188667297363
2019-11-15,64.00350952148438,64.00832351523762,63.34122157477898,63.50257488601356,100206400,78.6452074353393,2.13549273813819,2.0482912388687495,65.12244879449534,56.56520989691091,60.84382934570313
2019-11-18,64.32621002197266,64.40568132510607,63.635023558282754,64.01312410296957,86703200,79.58492868248729,2.142376165394012,2.0671082241738024,65.46033369430947,56.885035263210064,61.17268447875976
2019-11-19,64.1311264038086,64.54294688011666,63.91437917152046,64.51886222106107,76167200,77.368401014954,2.107792394810481,2.0752450583011384,65.64345486450065,57.35332133484015,61.49838809967041
2019-11-20,63.384544372558594,64.08054469809994,62.71262135582171,63.95050077197476,106234400,69.4021059386443,1.997120020552039,2.0596200507513185,65.71188004754376,57.78432890631366,61.74810447692871
2019-11-21,63.100372314453125,63.5820361437923,62.90047770949757,63.50496816719241,121395200,66.59149920151677,1.8649826968191832,2.0206925799648916,65.68507453295643,58.272547613650005,61.97881107330322
2019-11-22,63.04499053955078,63.38215381547278,62.81860790794425,63.2400638402488,65325200,66.03026945139538,1.735785020149443,1.963711068001802,65.67492247719338,58.66654023032614,62.17073135375976
2019-11-25,64.150390625,64.16725062153702,63.2231863603436,63.26894500831201,84020400,71.24033332142766,1.7029608071232403,1.9115610158260898,65.81601831907848,58.96051862244984,62.38826847076416
2019-11-26,63.64949417114258,64.3406808659721,63.21840281406264,64.28769752962927,105207600,66.27962029976086,1.6178793184659526,1.8528246763540623,65.58912580325826,59.710698720667516,62.64991226196289
2019-11-27,64.5044174194336,64.53813741439751,63.89511298558591,63.96013495495072,65235600,70.10582801572734,1.6009816668919683,1.8024560744616436,65.26960559355338,60.639719052442715,62.95466232299805
2019-11-29,64.36234283447266,64.54296680875088,64.0372182108502,64.20580352668654,46617600,68.71050997002311,1.558164375640338,1.7535977346973826,65.0466617057354,61.32589536213569,63.18627853393555
2019-12-02,63.61815643310547,64.6031580352692,63.44716783971832,64.36714012426806,94487200,61.7749503397993,1.4474959088738402,1.6923773695326743,64.97817681549003,61.61367460968087,63.29592571258545
2019-12-03,62.48385620117188,62.50311952452636,61.72282631052434,62.20930423351439,114430400,52.99444240763276,1.2538086767074006,1.6046636309676197,64.91833054858803,61.73904555004477,63.328688049316405
2019-12-04,63.03535079956055,63.41345871631943,62.78006952636724,62.87399751253096,67181600,56.25040353862997,1.1317648738648955,1.510083879547075,64.8155946371127,61.97134116916172,63.39346790313721
2019-12-05,63.96015548706055,64.03482016421954,63.273790207946085,63.52907152465446,74424400,61.11458913797794,1.0970224977191805,1.427471603181496,64.73154315992903,62.274792670759446,63.503167915344235
2019-12-06,65.19561767578125,65.26546100190234,64.37437981221761,64.41773515061479,106075600,66.47681900584914,1.1558563947369223,1.3731485614925814,64.9799700680895,62.29802599514292,63.63899803161621
2019-12-09,64.2828598022461,65.21728148518294,63.79878528754208,65.02461888758106,128042400,59.90435870597013,1.1159665817510174,1.3217121655442687,65.00859988539592,62.43268009812458,63.72063999176025
2019-12-10,64.65856170654297,65.04148360806178,64.02757585193183,64.68746036332061,90420400,61.58780534358254,1.1019668336660757,1.2777630991686302,65.11758392054631,62.47493965428279,63.79626178741455
2019-12-11,65.21004486083984,65.2895234962379,64.66335914447087,64.73801643856866,78756800,63.978569232497165,1.1224333016498065,1.2466971396648656,65.31670266766174,62.487991317323605,63.902346992492674
2019-12-12,65.3762435913086,65.64116022447391,64.3792030714425,64.48998371818132,137310400,64.69178906862929,1.1389350393764488,1.2251447196071823,65.53498717945308,62.4380478699854,63.98651752471924
2019-12-13,66.264892578125,66.30101589143915,65.2485817157862,65.37622232256687,133587600,68.3053519709903,1.2097738124481765,1.2220705381753811,65.9364111189427,62.337902617019225,64.13715686798096
2019-12-16,67.39922332763672,67.62320261796066,66.70563351279964,66.71044750574998,128186000,72.21442223555295,1.341975602565725,1.24605155105345,66.59749933162294,62.01638578495419,64.30694255828857
2019-12-17,67.53170013427734,67.85922811740664,67.143956803204,67.32940214182528,114158400,72.6388528232134,1.4408272847822587,1.2850066977992118,67.15489946720504,61.77953466060256,64.4672170639038
2019-12-18,67.37031555175781,67.89051335467951,67.22100094482415,67.38476487826064,116028400,71.21178056526455,1.488981516006973,1.3258016614407642,67.59257288650937,61.66578015609318,64.62917652130128
2019-12-19,67.43775177001953,67.71711767990757,67.18006720064264,67.31252181714845,98369200,71.46406182451432,1.515120267101267,1.3636653825728646,67.97591549446432,61.687758287884314,64.83183689117432
2019-12-20,67.298095703125,68.07116437712546,67.08616236392761,67.97001905135092,275978000,70.09411711895577,1.5071923628547665,1.3923707786292452,68.25511908920518,61.82832703201063,65.04172306060791
2019-12-23,68.39625549316406,68.45646346454889,67.52203457271943,67.56056855635842,98572000,74.27080443718239,1.5714075508943353,1.4281781330822634,68.69938115750028,61.91919145907686,65.30928630828858
2019-12-24,68.4612808227539,68.61060277279962,68.136163640974,68.56243345348084,48478800,74.49792298170422,1.6089980230761398,1.4643421110810388,69.1338904445299,61.91577119182265,65.52483081817627
2019-12-26,69.8196029663086,69.8364629694818,68.56487035875298,68.59376902155901,93121200,78.72305725487473,1.7284692703047,1.5171675429257712,69.78684672511017,61.87982579075899,65.83333625793458
2019-12-27,69.79307556152344,70.79734773030748,69.38847976889915,70.11097540555924,146266000,78.44969854986363,1.8002582975772015,1.5737856938560575,70.35608432238013,61.839454007698,66.09776916503907
2019-12-30,70.20735168457031,70.48912839729091,68.69011281499587,69.71123828406259,144114400,79.63878768613137,1.8690351658249114,1.6328355882498284,70.92510499614096,61.85493421894694,66.39001960754395
2019-12-31,70.72029876708984,70.72752343141342,69.72566166410049,69.82440364292783,100805600,81.03419108511838,1.9425394860966065,1.694776367819184,71.46489511399515,62.02535833449117,66.74512672424316
2020-01-02,72.33387756347656,72.39408555090253,71.0911838210517,71.34405442839761,135480400,84.60774735407986,2.1067096753534855,1.7771630293260443,72.12855064382217,62.34670494089462,67.2376277923584
2020-01-03,71.63063049316406,72.3892495107853,71.40665858931894,71.56319785492231,146322800,77.73328537496556,2.155225474144004,1.8527755182896362,72.51612420622821,62.818659347848936,67.66739177703857
2020-01-06,72.20142364501953,72.23995764322866,70.5035611498287,70.75402846338375,118387200,79.20981587814131,2.214208810391227,1.9250621767099545,72.9981735114306,63.16073685844245,68.07945518493652
2020-01-07,71.86184692382812,72.46633010238772,71.64268897397623,72.21104883104543,108872000,75.98177122600706,2.2080989358415337,1.9816695285362704,73.40750363230197,63.418029662375766,68.41276664733887
2020-01-08,73.01782989501953,73.31886979288494,71.56561372170107,71.56561372170107,132079200,79.103732165656,2.270363642248455,2.0394083512787073,73.8509645336009,63.848065770354175,68.84951515197754
2020-01-09,74.56878662109375,74.76144921222713,73.7427349209394,73.99319481949146,170108400,82.40773988349265,2.4169964856187818,2.1149259781467222,74.54709958149442,64.14295321391575,69.34502639770508
2020-01-10,74.73737335205078,75.30092656417412,74.23644614635045,74.8024026801614,140644800,82.72743612216846,2.5177841621178203,2.1954976149409418,75.16458776544995,64.47819787908129,69.82139282226562
2020-01-13,76.33407592773438,76.36057125816924,74.9348431957367,75.05285582286368,121532000,85.4283458217734,2.6954284541631495,2.2954837827853836,76.01553356705624,64.72303531111758,70.36928443908691
2020-01-14,75.30332946777344,76.48100118582082,75.18051017572739,76.27147857331117,161954400,77.0520855307524,2.721666532843784,2.380720332797064,76.52760176236048,65.1148108047782,70.82120628356934
2020-01-15,74.98062133789062,75.98248317068368,74.54953007278792,75.10344798902688,121923600,74.58632929702623,2.6854641905904515,2.4416691043557415,76.95408593512119,65.44646643304287,71.20027618408203
2020-01-16,75.91986083984375,76.03064882750155,75.1612416745226,75.52248959606675,108829200,76.903039443517,2.7014220400852196,2.493619691501637,77.46484632736637,65.77452211135433,71.61968421936035
2020-01-17,76.76036071777344,76.7627640392473,75.86205500785368,76.16790890123319,137816400,78.76828244488698,2.750187615677092,2.544933276336728,78.00172186819353,66.17665108712873,72.08918647766113
2020-01-21,76.24017333984375,76.8302072165908,76.10289736234121,76.38948797518701,110843200,74.74509626519821,2.71555666480252,2.579057954029887,78.30011494398649,66.7585001683182,72.52930755615235
2020-01-22,76.51232147216797,77.0638214037391,76.41839347401398,76.72424743670398,101832400,75.45153314003626,2.6791874612565465,2.599083855475219,78.48119019715179,67.4988474920572,72.99001884460449
2020-01-23,76.88076782226562,76.96023911310208,76.01858552983758,76.56527863051073,104472000,76.41346726224978,2.6495527518051745,2.60917763474121,78.72839034765661,68.10009857446252,73.41424446105957
2020-01-24,76.65921783447266,77.86819158420508,76.46895853504518,77.1264324079885,146537600,74.52247232534177,2.5784668379460527,2.603035475382179,78.80085563636936,68.84742698692165,73.8241413116455
2020-01-27,74.405029296875,75.08416976822737,73.42484155700832,74.67234921705278,161940000,58.62562119145461,2.3135672005791577,2.545141820421575,78.68133276815065,69.42549248819701,74.05341262817383
2020-01-28,76.5098876953125,76.68087628820244,75.18531223152581,75.28405419350632,162234000,65.93318637935889,2.24756824353652,2.485627105044564,78.69544049697772,70.08306597274883,74.38925323486328
2020-01-29,78.1114273071289,78.95674973344263,77.39856685210137,78.13792264122904,216229200,70.2401519914812,2.2980044913142734,2.4481025822985063,78.93075180429393,70.63816222768848,74.78445701599121
2020-01-30,77.99824523925781,78.05122856412287,76.76518678742532,77.19627805111793,126743200,69.57074359118124,2.3023032157394283,2.418942708986691,79.07573080708623,71.22097787211298,75.1483543395996
2020-01-31,74.5398941040039,77.71164655303768,74.24607885109228,77.29019066933044,199588400,52.96172467353404,2.0035542259013965,2.335865012369632,78.98228373223102,71.53502660102092,75.25865516662597
2020-02-03,74.3351821899414,75.49839714349714,72.78422401879573,73.2851511845041,173788400,52.16780130775799,1.7303288050956525,2.2147577709148365,78.75993556704398,72.0278299358857,75.39388275146484
2020-02-04,76.78926849365234,76.97952779146334,75.53212542449515,75.93672133535755,136616400,59.92375015292625,1.6923120260698425,2.110268621945838,78.70075604149888,72.5457939462941,75.62327499389649
2020-02-05,77.41543579101562,78.21258898353346,76.81335589638837,77.91395235806485,118826800,61.63319638196596,1.6931918607986205,2.0268532697163946,78.54200838304739,73.25990049146434,75.90095443725586
2020-02-06,78.32093811035156,78.32334878116308,77.12882464602528,77.68514573263211,105425600,64.02307724207654,1.7468193595126564,1.970846487675647,78.65663572573315,73.67558397031176,76.16610984802246
2020-02-07,77.25636291503906,78.06989154294402,76.76631409771366,77.82124622907054,117684000,59.34291441840611,1.6840050553518608,1.9134782012108897,78.72080486849937,73.88017245694009,76.30048866271973
2020-02-10,77.6233139038086,77.6233139038086,75.76451086097089,75.84417079645658,109348800,60.417025620765514,1.6448730719328353,1.8597571753552788,78.81880157822403,74.0707698023912,76.44478569030761
2020-02-11,77.15497589111328,78.19059906005786,76.9377141953968,78.11818095050265,94323200,58.30004011026883,1.5581088209828806,1.7994275044807992,78.87907855749037,74.09258281946276,76.48583068847657
2020-02-12,78.98722839355469,78.9920538114317,77.60398368209574,77.60398368209574,113730400,63.664223192322915,1.6185374983993768,1.763249503264515,79.2319898261599,74.10806144337134,76.67002563476562
2020-02-13,78.42475128173828,78.75064746940821,78.05782062596876,78.26059867524006,94747600,61.06717505330458,1.6025670629722413,1.7311130152060603,79.38978689110535,74.29467737281068,76.84223213195801
2020-02-14,78.44405364990234,78.69269890753361,77.93710493391231,78.39335362136931,80113600,61.125780322251686,1.573331531104003,1.699556718385649,79.570235852014,74.36664769290788,76.96844177246093
2020-02-18,77.00772094726562,77.18877358272158,75.94795598487916,76.12900862033511,152531200,54.54598110753316,1.4179172488760514,1.6432288244837296,79.58088085742885,74.38073871044223,76.98080978393554
2020-02-19,78.12300109863281,78.35233737517142,77.24912158938099,77.24912158938099,93984000,58.29953559268825,1.3689635384204593,1.5883757672710757,79.69718894044874,74.45271340330126,77.074951171875
2020-02-20,77.321533203125,78.3716398349872,76.81700080414447,77.88400744802773,100566000,54.79751920217843,1.2510740067874622,1.5209154151743531,79.72662465332591,74.50419886351979,77.11541175842285
2020-02-21,75.57137298583984,77.35776502195542,74.95579692410486,76.91599243144344,129554000,48.01479006625513,1.0048392395218997,1.4177001800438624,79.74569557080942,74.35418846239371,77.04994201660156
2020-02-24,71.98168182373047,73.43010258149737,69.82112528029087,71.75959476642028,222195200,37.70580789359171,0.5141119731538737,1.2369825386658646,80.30249791911993,73.32963251300899,76.81606521606446
2020-02-25,69.54351043701172,73.03179362770307,69.07277807692655,72.65037937541128,230673600,32.587935734842844,-0.07071778460097278,0.9754424740124972,81.19189185905714,71.95408668708544,76.57298927307129
2020-02-26,70.64673614501953,71.90927916190874,69.16210602316792,69.16934783382864,198054800,36.769986351200984,-0.44010522739287694,0.6923329337314225,81.57263761524945,70.98702577586383,76.27983169555664
2020-02-27,66.02867126464844,69.0413890764873,65.89348591735909,67.85851360418104,320605600,28.73416056199612,-1.0928885393831678,0.3352886391085045,82.5240640723067,68.82732371455855,75.67569389343262
2020-02-28,65.99006652832031,67.20915879544067,61.88862284247871,62.10347552395671,426510000,28.67773872890382,-1.5949534660412468,-0.05075978192144576,83.02145617978357,67.12911373598791,75.07528495788574
2020-03-02,72.13379669189453,72.76868922917748,67.0425965295844,68.14339616645945,341397200,46.63627824039158,-1.4800349372285098,-0.33661481298285856,83.0021464215038,66.90781375305676,74.95498008728028
2020-03-03,69.84285736083984,73.38665871766685,68.99311238709194,73.3069988099028,319475600,42.353717021925746,-1.5558855528897908,-0.580468960964245,83.07931623844831,66.38141145320208,74.7303638458252
2020-03-04,73.08248138427734,73.24180855249296,70.76259766156525,71.5616425276586,219178400,49.42618681160892,-1.339150237901336,-0.7322052163516632,82.86745736777826,66.22259161293462,74.54502449035644
2020-03-05,70.71190643310547,72.31240522279981,70.34738484234605,71.33954955045269,187572800,45.06886005661472,-1.34318808992235,-0.8544017910658006,82.58267445932455,65.83702158559731,74.20984802246093
2020-03-06,69.77285766601562,70.2049720207652,67.88991319528947,68.07579124975517,226176800,43.435336680123854,-1.4059545355764982,-0.9647123399679403,82.14490118049332,65.41998681999496,73.78244400024414
2020-03-09,64.2543716430664,67.13189718407227,63.489119320777824,63.670171942415024,286744800,35.33094355018366,-1.879329359095479,-1.147635743793448,82.29658921537907,63.96809965791194,73.13234443664551
2020-03-10,68.88209533691406,69.14764074332749,65.02687994218032,66.90259043839642,285290000,44.65652444935483,-1.8596270673678532,-1.290034008508329,81.7946491716401,63.595917844961456,72.69528350830078
2020-03-11,66.48976135253906,67.88748961967876,65.627949126833,66.96291749628936,255598800,41.3378381506364,-2.013839925111256,-1.4347951918289146,81.40241872953833,62.92162683320582,72.16202278137207
2020-03-12,59.92359924316406,65.17895530003963,59.86807746077714,61.78482214303871,418474000,33.8928523080053,-2.635508629502965,-1.6749378793637246,81.32762650417186,61.09005614353322,71.20884132385254
2020-03-13,67.10296630859375,67.57370632677963,61.06304654616302,63.94541011756177,370732000,45.45921356507773,-2.5198236761060286,-1.8439150387121857,80.34150230395115,60.94400184643949,70.64275207519532
2020-03-16,58.4703483581543,62.542820889319664,57.93684495675963,58.40758108532822,322423600,37.06226746748994,-3.089113265062508,-2.09295468398225,80.01410481281391,59.27402880840191,69.64406681060791
2020-03-17,61.041290283203125,62.1879532458274,57.55059398806874,59.74978006097213,324056000,40.582323226203115,-3.2948449174881773,-2.333332730683436,79.28343139229268,58.40805916251689,68.84574527740479
2020-03-18,59.547000885009766,60.35087498179023,57.24159672400037,57.8813182089224,300233600,39.209676307434385,-3.5376851679056216,-2.5742032181278733,78.19188798841682,57.64200254503043,67.91694526672363
2020-03-19,59.09075164794922,61.03646337436918,58.56690646649194,59.72081496454535,271857200,38.77839180993107,-3.724025073406679,-2.804167589183635,77.0124995672375,56.998312810692184,67.00540618896484
2020-03-20,55.339332580566406,60.79263606329375,55.03999095282429,59.67010772190427,401693200,35.33668039069076,-4.126837345788104,-3.0687015405045286,76.41459399222911,55.573014345173235,65.99380416870117
2020-03-23,54.1637077331543,55.16070547027294,51.32480360482342,55.05931643178171,336752800,34.309017215102685,-4.489183560173515,-3.352797944438326,76.33844546506984,53.86736546327489,65.10290546417237
2020-03-24,59.59770965576172,59.79324594207158,56.560852552036245,57.05814327611463,287531200,42.61613815176621,-4.2884326225162255,-3.539924880053906,75.89126167389824,53.31996917632147,64.60561542510986
2020-03-25,59.26939010620117,62.34245572079971,58.97487753279941,60.53192941719469,303602000,42.268344499639205,-4.108468830612722,-3.6536336701656693,75.19324414316776,52.880252103170136,64.03674812316895
2020-03-26,62.38832092285156,62.446255405203736,59.47216621048136,59.51079165439952,252087200,46.71701072335472,-3.6718478022306016,-3.657276496578656,74.99406599131534,52.715395220842865,63.8547306060791
2020-03-27,59.80530548095703,61.767913466106,59.63873647362711,61.01473571142301,204216800,43.71280006817187,-3.4939738944216003,-3.624615976147245,74.7735786328821,52.31740647453976,63.545492553710936
2020-03-30,61.51201248168945,61.68341055187482,60.206018933641424,60.529502355996605,167976400,46.17571958091133,-3.1786490618128553,-3.535422593280367,73.5508595145075,52.477947171893874,63.014403343200684
2020-03-31,61.38650894165039,63.36601737405014,60.83369641639568,61.702750695754574,197002000,46.016266233351786,-2.905387449010682,-3.40941556442643,72.66661751257975,52.51655433190267,62.59158592224121
2020-04-01,58.15652084350586,60.04188167908633,57.72682288768837,59.50596558883749,176218400,41.99682184247946,-2.915846632575942,-3.3107017780563326,70.85642553132398,52.834150259081305,61.84528789520264
2020-04-02,59.12696075439453,59.18006982201146,57.1884908369524,58.01891951220774,165934000,43.59106641648907,-2.813398118174973,-3.211241046080061,69.36622378591753,53.16585743661665,61.26604061126709
2020-04-03,58.277225494384766,59.31284498948773,57.68820030765842,58.61277624472143,129880000,42.489812055857335,-2.768855820019155,-3.12276400086788,67.87491320877207,53.50760479659903,60.69125900268555
2020-04-06,63.36117935180664,63.51567376682207,60.201208300554335,60.56813898238512,201820400,50.540651766683794,-2.2968465229230404,-2.957580505278912,67.75177007041124,53.54142870583387,60.64659938812256
2020-04-07,62.6273078918457,65.58933353543772,62.52350615550967,65.3720644929947,202887200,49.46420997142099,-1.959406232569144,-2.757945650736959,66.44223044467066,54.22548958706763,60.33386001586914
2020-04-08,64.23023223876953,64.54405384793799,63.06184016051964,63.42635444288139,168895200,51.87520500900909,-1.5448319120806318,-2.5153229030056936,65.94088824757492,54.500878872786416,60.22088356018067
2020-04-09,64.69374084472656,65.19586439958498,63.89952839783749,64.86514268497035,161834800,52.57972094690869,-1.1654430039625154,-2.2453469231970584,66.49880501413452,54.41997626638306,60.45939064025879
2020-04-13,65.96351623535156,66.07215077341053,64.17229875609489,64.77098217772529,131022800,54.542975968906866,-0.7536269564245259,-1.947002929842552,66.20700276392492,54.59783350926844,60.40241813659668
2020-04-14,69.29488372802734,69.58457092501276,67.12225185179103,67.59299170512948,194994800,59.30345320419712,-0.15664060117219947,-1.5889304641084816,67.84220324501038,54.04508656517028,60.94364490509033
2020-04-15,68.66239166259766,69.1210568119712,67.74506136385055,68.17234288135833,131154400,58.060240205448494,0.26241362181083616,-1.218661646924618,69.00084475410837,53.64855519401175,61.32469997406006
2020-04-16,69.20796966552734,69.57249130619873,68.16027936470277,69.37453866907585,157125200,58.861368107277265,0.6312638808282856,-0.8486765413740374,70.16160984968643,53.45388697648545,61.80774841308594
2020-04-17,68.2689208984375,69.27075152318855,66.83498322406335,68.72517714348913,215250000,56.848519747094386,0.8381453629592528,-0.5113121605073794,70.9739841743143,53.559329576906414,62.26665687561035
2020-04-20,66.85185241699219,67.99851874920303,66.83254338342462,67.09808863903048,130015200,53.8555746814747,0.8776379802062877,-0.23352213236464597,71.15488816358965,54.52967757127364,62.84228286743164
2020-04-21,64.78547668457031,66.92914162387588,64.0757495798799,66.69497985985144,180991600,49.74299213689741,0.7337388272555643,-0.04006994044060391,70.698864760708,56.04787786929688,63.373371315002444
2020-04-22,66.65149688720703,67.08602016909022,65.71002486509416,66.05039726124157,116862400,53.217245481538505,0.7614919420799282,0.12024243606350252,70.9692224406406,56.4828989125088,63.726060676574704
2020-04-23,66.39320373535156,68.01543553598502,66.35457829164004,66.59598178954948,124814400,52.674437783103514,0.7539532826965427,0.24698460539011058,71.11120953395184,57.05329318211261,64.08225135803222
2020-04-24,68.3099594116211,68.3196176159111,66.8687799957314,66.91706365013007,126161200,56.24137771896985,0.8923584521390779,0.3760593747399041,71.59334665933565,57.16331990560576,64.3783332824707
2020-04-27,68.35823059082031,68.68895219864656,67.58091104598891,68.02750161594408,117087600,56.33064301404498,0.9944769159730384,0.49974288298653097,71.89895441535552,57.71300466057222,64.80597953796386
2020-04-28,67.25019836425781,69.00037411858965,67.15847120269908,68.81932145434843,112004800,53.62639348671407,0.974761153997818,0.5947465371887884,72.09330468971658,58.09247297446799,65.09288883209229
2020-04-29,69.45903015136719,69.92735352024151,68.53204161617626,68.73481966758834,137280800,57.95918792583051,1.1244090482425122,0.7006790393995332,72.52640492147515,58.46662486368108,65.49651489257812
2020-04-30,70.92435455322266,71.10058178322025,69.60870972779222,69.99736587702316,183064000,60.5898276191622,1.3457327461806017,0.829689780755747,72.68520154777686,59.58461160835107,66.13490657806396
2020-05-01,69.7824935913086,72.17962796257615,69.00517422626046,69.10173412805158,240616800,57.566903346639855,1.4127098943705079,0.9462938034786992,72.55068225613273,60.78468418368659,66.66768321990966
2020-05-04,70.76986694335938,70.89781053260225,69.11866751411011,69.80666911806027,133568000,59.45082332332163,1.5278504357727059,1.0626051299375006,72.0182694656337,62.5663611190831,67.2923152923584
2020-05-05,71.8320083618164,72.66243680032687,71.0836562103967,71.22849975051801,147751200,61.43437589157925,1.68537809064253,1.1871597220785064,72.4748576971651,62.95685578855267,67.71585674285889
2020-05-06,72.5731201171875,73.2031795834636,72.14824768910796,72.53207828931902,142333600,62.80169798435618,1.8487106316026996,1.319469903983345,72.81736649427985,63.608928213972106,68.21314735412598
2020-05-07,73.32389831542969,73.66911092684012,72.89661676334377,73.19837114485792,115215200,64.18693654793931,2.0155009329942004,1.4586761097855163,73.40313622126614,63.93252509465183,68.66783065795899
2020-05-08,75.06912231445312,75.12237513838589,73.65551062741005,73.98228898395239,133838400,67.24086005958367,2.26242857152225,1.6194266021328632,74.32306372694232,64.0501357359483,69.18659973144531
2020-05-11,76.25035858154297,76.7441494175839,74.36957144120983,74.57774424961227,145946400,69.1578989298069,2.524337408524076,1.800408763411106,75.46520723962573,63.93667645788404,69.70094184875488
2020-05-12,75.37895965576172,77.38319101183461,75.25793117438776,76.93296121988755,162301200,66.08555452921894,2.631255957297654,1.9665782021884155,76.27185102367206,63.738440266611136,70.0051456451416
2020-05-13,74.46883392333984,76.47791143801962,73.39410026175051,75.55809041384309,200622400,62.94050570907496,2.612435605661574,2.0957496828830475,76.81917479800558,63.77176071835185,70.29546775817872
2020-05-14,74.92631530761719,74.98682954910396,72.98743664654351,73.70876906438306,158929200,63.87125025918431,2.604413211465541,2.1974823885995463,77.38463265870682,63.7781374218596,70.58138504028321
2020-05-15,74.48334503173828,74.52933644505968,72.66791783323735,72.70180935336562,166348400,62.24122261331407,2.5331112770656006,2.2646081662927573,77.81117755443017,63.97303493946631,70.89210624694825
2020-05-18,76.23825073242188,76.61102048338427,75.11511038710799,75.80497413426188,135178400,65.94876637657174,2.5883730507148783,2.3293611431771817,78.39307070681308,64.32978161862637,71.36142616271972
2020-05-19,75.79773712158203,77.0999976554672,75.76626852775506,76.25522103808397,101729600,64.24351699379562,2.56703149643333,2.3768952138284116,78.50892290887998,65.31515546026066,71.91203918457032
2020-05-20,77.2718734741211,77.3420646988432,76.61589356065315,76.65462357446266,111504800,67.29145069116149,2.638651907994401,2.4292465526616094,78.97006763191126,65.91604839592077,72.44305801391602
2020-05-21,76.69576263427734,77.67367499164858,76.45854411277335,77.1338852173559,102688800,64.96091412238044,2.6187370989678698,2.4671446619228616,79.10939554023568,66.80697637748892,72.9581859588623
2020-05-22,77.18955993652344,77.27185842972254,76.33267609193112,76.43433589476804,81803200,66.046363745252,2.612682408326066,2.496252211203503,79.42782855448775,67.37650341572709,73.40216598510742
2020-05-26,76.66670989990234,78.48455279572174,76.61103413521022,78.30543299444078,125522000,63.79294115649509,2.536455711502157,2.5042929112632337,79.53261345512502,68.10256644599804,73.81758995056153
2020-05-27,77.00072479248047,77.14596042474004,75.78560168945737,76.5238797421972,112945200,64.62333475959477,2.474473524948337,2.4983290340002546,79.31621485773563,69.29401768620967,74.30511627197265
2020-05-28,77.03462219238281,78.29089831885972,76.4004341829612,76.67637525704153,133560800,64.71178635295271,2.400416920376159,2.4787466112754357,79.30237435343227,70.0654173946146,74.68389587402343
2020-05-29,76.95958709716797,77.73658783652532,76.60376308600569,77.27668110998019,153532400,64.32836700009125,2.3090544799064503,2.444808185001639,79.36458740089087,70.60672760155053,74.9856575012207
2020-06-01,77.9060287475586,78.02705721931588,76.78288098389504,76.91359380175058,80791200,66.98547826783971,2.2866598279467354,2.4131785135906583,79.2397219315728,71.5439465864936,75.3918342590332
2020-06-02,78.26669311523438,78.2909002875674,77.19922108217762,77.63976650286615,87642800,67.96476252848494,2.271826305708032,2.384908072014133,79.1761713997337,72.35717973552019,75.76667556762695
2020-06-03,78.69757080078125,78.9589964979716,78.0149682866651,78.58622664893751,104491200,69.14237320739261,2.268686850884208,2.3616638277881483,79.23645501255096,72.98345236659942,76.10995368957519
2020-06-04,78.01982116699219,78.81860638544032,77.64705128445249,78.52088097581583,87560400,65.08930955714355,2.1863076849976295,2.326592599230045,79.15826161870078,73.60631586543008,76.38228874206543
2020-06-05,80.24189758300781,80.3024118345787,78.24008880036028,78.26913445919533,137250400,71.07582953657135,2.274110073287204,2.3160960940414768,79.6154025793757,73.84097483151298,76.72818870544434
2020-06-08,80.71631622314453,80.75020774515244,79.23009024878114,79.93931540745123,95654400,72.17298958842267,2.3548306955388085,2.323843014340943,80.27361872266822,73.74747807908959,77.0105484008789
2020-06-09,83.26517486572266,83.65730597576551,80.36533708864444,80.3968056767083,147712400,77.18108651260567,2.5945654258215,2.3779874966370547,81.58787698545238,73.1347014447234,77.3612892150879
2020-06-10,85.40737915039062,85.87454732273147,83.77349462695621,84.21161714524366,166651600,80.37748338349068,2.923712175380345,2.487132432385713,83.24976307224331,72.47565730739537,77.86271018981934
2020-06-11,81.30693054199219,84.97651490391192,81.20527075656385,84.55291522831224,201662400,62.36859621598911,2.821170712109719,2.5539400883305143,83.55453040782136,72.85469963368256,78.20461502075196
2020-06-12,82.00889587402344,84.18740853476542,80.90027823694467,83.44187634114364,200146000,63.86136713577091,2.764679099713746,2.596087890607161,83.93136221289996,73.18612588524456,78.55874404907226
2020-06-15,83.02310180664062,83.67423552165188,80.50328834719761,80.66546973617807,138808800,65.96223595781834,2.769818291467402,2.6308339707792094,84.352301936178,73.61916183945677,78.98573188781738
2020-06-16,85.2234115600586,85.49452156139306,83.44187587324252,85.07333742619001,165428800,70.03247943987309,2.9178031281115295,2.6882278022456734,85.28859923729485,73.58138062110359,79.43498992919922
2020-06-17,85.10479736328125,86.02703369979835,84.9837688951085,85.96651946571197,114406400,69.54965209335884,2.991032245077122,2.7487886908119634,85.99804331921422,73.80264256335414,79.90034294128418
2020-06-18,85.1386947631836,85.55503301794639,84.53112944713651,85.06123476532262,96820400,69.61412518552167,3.0170237134033044,2.8024356953302316,86.67093864555729,73.91642936591732,80.2936840057373
2020-06-19,84.65215301513672,86.30782159170373,83.5459510308644,85.84307640546994,264476000,67.40797079475165,2.964192915656241,2.8347871393954334,87.11385340969906,74.26915363986149,80.69150352478027
2020-06-22,86.86699676513672,87.0098095125726,84.99831637895207,85.04430780115948,135445200,71.79064645287048,3.065703981060608,2.880970507728468,87.91960784899722,74.43114288342467,81.17537536621094
2020-06-23,88.72113800048828,90.1371727058119,87.6899729783668,88.1087341820106,212155600,74.84072144027077,3.258207347589959,2.956417875700766,88.94424450225317,74.61194904022729,81.77809677124023
2020-06-24,87.15503692626953,89.26819705246864,86.78226710315806,88.35079901624333,192623200,68.13916262670736,3.246967365615845,3.014527773683782,89.46496366725792,75.10666108860146,82.28581237792969
2020-06-25,88.31208038330078,88.3508103921037,86.55232854521968,87.30996818337783,137522400,70.25811376761902,3.293458397785443,3.0703138985041143,90.06193765023572,75.63743292471544,82.84968528747558
2020-06-26,85.59860229492188,88.42824869367755,85.4509437109353,88.20797597788908,205256800,60.154171856552104,3.0758909156797074,3.071429301939233,90.05237573463094,76.51089636009561,83.28163604736328
2020-06-29,87.57137298583984,87.6657787527797,85.02977472321102,85.50662726415537,130646000,64.18666878654028,3.027751195178027,3.062693680586992,90.30781277662665,77.22199374192805,83.76490325927735
2020-06-30,88.30238342285156,88.58801627360432,87.14051287267962,87.15987418081895,140223200,65.57685626402565,3.0138448257126527,3.052923909612124,90.58128961816905,77.95208593114737,84.26668777465821
2020-07-01,88.1353530883789,88.9220381809634,88.08694613026117,88.37983297329643,110737200,64.95640582544013,2.955279354854923,3.033394998660684,90.71969556242702,78.75745821564915,84.73857688903809
2020-07-02,88.1353530883789,89.67483914156468,88.02159341265586,89.0406511103845,114041600,64.95640582544013,2.8757163294837227,3.001859264825292,90.53867334169078,79.95003362852407,85.24435348510742
2020-07-06,90.49298858642578,90.96015670821257,89.52959930495038,89.56106788910034,118655600,69.65618415929647,2.9686824168064874,2.9952238952215313,90.9993974392807,80.51441863127593,85.75690803527831
2020-07-07,90.21221923828124,91.6476154008952,90.100875092419,90.87061453958542,112424400,68.47836175901249,2.985290401417572,2.99323719646074,91.2785259320962,81.18488043997412,86.23170318603516
2020-07-08,92.31327056884766,92.34473915860562,91.10056271828748,91.18770707353976,117092000,72.25860755089856,3.13188718608491,3.020967194385574,92.18763173174015,81.18058421064266,86.68410797119141
2020-07-09,92.71026611328124,93.25730998199144,91.6645779630297,93.20405713951584,125642800,72.91945662463,3.2427203549832484,3.065317826505109,93.10667432026337,80.9918303184085,87.04925231933593
2020-07-10,92.8724136352539,92.93051232943124,91.69602034280253,92.30600122922262,90257200,73.20026745643142,3.305536225759184,3.1133615063559246,93.58921641635966,81.66583653163839,87.62752647399903
2020-07-13,92.44397735595705,96.77921853086478,92.23096604261151,94.17468319640058,191649200,71.10229066026534,3.2829037577820515,3.1472699566411504,93.87454696716867,82.42401412902274,88.1492805480957
2020-07-14,93.97378540039062,94.16500509879576,90.89482027358297,91.82673375082923,170989200,73.97096628507339,3.349795727922512,3.187775110897423,94.45085074736743,82.94277870819899,88.6968147277832
2020-07-15,94.62006378173828,96.09418977539168,93.42430181349536,95.84487140313816,153198000,75.09572483341147,3.4155846269386814,3.233337014105675,95.23542231762896,83.09787236010543,89.1666473388672
2020-07-16,93.4557876586914,94.31024858615012,92.8579065641584,93.49451766571708,110577600,69.28708322202652,3.3353278670423236,3.2537351846930047,95.62673433763392,83.54165936964147,89.58419685363769
2020-07-17,93.26697540283205,94.06092201052024,92.79496133182224,93.90600938284572,92186800,68.36357029849391,3.21937725848467,3.246863599451338,95.87377700474046,84.10744476649977,89.99061088562011
2020-07-20,95.23248291015624,95.37045717183656,93.01040144233043,93.35412562962276,90318000,72.47627161969291,3.2486373263416084,3.2472183448293923,96.28918782772138,84.7500669330208,90.51962738037109
2020-07-21,93.9180908203125,96.0966032362476,93.66877247263514,96.02156617732469,103433200,66.27181851891865,3.1296885822950884,3.2237123923225317,96.56711115644886,85.17725300981091,90.87218208312989
2020-07-22,94.18195343017578,94.86213298167614,93.5332424693202,93.62037944003524,89001600,66.88469647706663,3.0218780242728513,3.1833455187125956,96.9244556102155,85.36599009901302,91.14522285461426
2020-07-23,89.8951187133789,93.99314144318696,89.08664931990235,93.91568143989768,197004400,50.75000304745634,2.5610039854594078,3.058877212061958,96.80062218947803,85.76383169846143,91.28222694396973
2020-07-24,89.67243194580078,90.01615612762265,86.31267968652797,88.09664593771886,185438800,50.07424577316013,2.1529709196254316,2.877695953574653,96.75284707926733,85.94764196492213,91.35024452209473
2020-07-27,91.79767608642578,91.88965891007824,90.50993871626744,90.73262697532834,121214000,56.084241272017785,1.9782867576728904,2.697814114394301,96.37481278458202,86.94558363875782,91.66019821166992
2020-07-28,90.2896728515625,91.54594911832494,90.2848269844815,91.36924487069622,103625600,51.35979491529584,1.698584814243219,2.4979682543640847,96.1762580240891,87.41596838582302,91.79611320495606
2020-07-29,92.0203857421875,92.20435141750036,90.73506372270916,90.771370793628,90329200,55.94647238807129,1.5981505898482595,2.3180047214609196,96.05831842484116,87.90570821700453,91.98201332092285
2020-07-30,93.1338348388672,93.23791755492836,90.78830239250956,91.19495629734762,158130000,58.64811640707659,1.5900724150306615,2.1724182601748683,95.92955754510866,88.53431727178587,92.23193740844727
2020-07-31,102.88389587402344,103.03397001244984,97.62157236005557,99.61612680199144,374336800,73.80008289280485,2.3434055240033445,2.2066157129405637,98.52216949156016,87.41655960389883,92.9693645477295
2020-08-03,105.47633361816406,108.09054616095987,104.4645371706777,104.76226254133908,308151200,76.28795680816799,3.1137224462466833,2.3880370596017877,101.37666498869396,86.06039860993886,93.71853179931641
2020-08-04,106.18071746826172,107.26997389606046,104.94380243901392,105.6651349105181,173071600,76.92899039794067,3.737953248624663,2.658020297406363,103.72018676136595,85.31372666026492,94.51695671081544
2020-08-05,106.56559753417967,106.88511455690512,105.43761099297777,105.90236369757778,121776800,77.2902544831868,4.215127891089466,2.969441816142984,105.75244613347178,84.70669998469228,95.22957305908203
2020-08-06,110.28358459472656,110.77738293578852,106.30901285016994,106.8972095786005,202428800,80.47148126856646,4.8375385828523605,3.3430611694848595,108.42480967798838,83.79166828832021,96.1082389831543
2020-08-07,107.77620697021484,110.26176460572712,106.98082882286342,109.80587577731004,198045600,73.04055452454321,5.070034914524896,3.6884559184928674,110.06746911359568,83.639388186209,96.85342864990234
2020-08-10,109.34270477294922,110.35875275642206,106.69710077257368,109.21903076531764,212403600,74.6175459106029,5.319374772155697,4.014639689225434,111.80733192006082,83.58939812144308,97.69836502075195
2020-08-11,106.09088897705078,109.10508091522648,105.83141919822032,108.60797228128784,187902400,65.98841789699067,5.194702747867069,4.250652300953761,112.75783905358296,83.85060134558697,98.30422019958496
2020-08-12,109.61673736572266,109.8737798216829,106.98568204543376,107.17967383850517,165598000,70.03478867751969,5.319090603171816,4.464339961397372,114.20456882103616,83.90353893653219,99.05405387878417
2020-08-13,111.55667877197266,112.55817781440562,110.50667808377884,110.99409224252037,210082000,72.00803749724335,5.510682219043957,4.673608412926689,115.8101769256488,84.10801994324767,99.95909843444824
2020-08-14,111.45726013183594,111.54698151987802,109.65068105796512,111.38208775805406,165565200,71.74728177482662,5.590058981336938,4.856898526608739,117.16071097341234,84.57651436838455,100.86861267089844
2020-08-17,111.16622924804688,112.60179319537453,110.54059963538712,112.57754237931267,119561600,70.93746921794751,5.565328237630737,4.998584468813139,118.33109172035645,84.99950825522947,101.66529998779296
2020-08-18,112.09258270263672,112.51694618501556,110.58427334354064,110.91891544512356,105633600,72.02002121649386,5.556426896487679,5.110152954348047,119.4318799469161,85.71616921690227,102.57402458190919
2020-08-19,112.23322296142578,113.64453639963617,112.13865437862,112.4999671955,145538000,72.18939391401535,5.497350972971461,5.18759255807273,120.3734355518479,86.57974056509545,103.47658805847168
2020-08-20,114.72364044189452,114.837612647254,112.25747906222767,112.27445537799257,126907200,75.06751328447275,5.587084325091894,5.267490911476563,121.08098685314744,88.3550414366475,104.71801414489747
2020-08-21,120.63560485839844,121.11816429854592,115.66933795665102,115.68145966507578,338054800,80.28384224615765,6.065327453852177,5.427058219951686,122.5006954248807,90.031650156174,106.26617279052735
2020-08-24,122.07844543457033,124.91804835697144,120.21609797723066,124.83316679017967,345937600,81.31149223096804,6.485997216605696,5.638846019282488,123.98294525873723,91.5774772571319,107.78021125793457
2020-08-25,121.07695770263672,121.42130160395936,119.35768029886763,120.9532910946764,211495600,78.2622817005687,6.66177653112608,5.843432121651206,124.39362361205208,94.24552738892449,109.31957550048828
2020-08-26,122.72348022460938,123.17936898693924,121.32671591454528,122.39126546065717,163022400,79.61571742600061,6.854924211991701,6.0457305397193055,124.7788339829738,96.93062646624495,110.85473022460937
2020-08-27,121.25640106201172,123.65708422717836,120.11425182681508,123.32486945527224,155552400,75.12731192451216,6.811099992155093,6.198804430206463,124.29434526037792,100.22737181115528,112.2608585357666
2020-08-28,121.05999755859376,122.64589926041506,120.8369003471594,122.22881026536903,187630000,74.5216142698013,6.683477888111241,6.2957391217874195,124.97646588748404,101.3628613525062,113.16966361999512
2020-08-31,125.16536712646484,127.06652159543276,122.21665435896588,123.74921418176385,225702700,78.43532460396898,6.834817938640839,6.403554885158104,126.50182417593868,101.80640641488162,114.15411529541015
2020-09-01,130.15106201171875,130.75245576113278,126.61066398001222,128.7737011544299,151948100,82.04287009912872,7.273218790288084,6.5774876661841,128.96092362359386,101.74434142157216,115.35263252258301
2020-09-02,127.4545440673828,133.8369730802814,123.186665513161,133.45868391206912,200119000,74.75850354035694,7.318702712226639,6.725730675392608,130.34953345595076,102.44462624253558,116.39707984924317
2020-09-03,117.25041198730467,124.97140134269284,116.8818246649217,123.09935930505593,257599600,54.89549287299035,6.456929405793616,6.67197042147281,130.41495907171546,103.07588336602868,116.74542121887207
2020-09-04,117.3280258178711,119.98575186395644,107.56039029271544,116.4647497583728,332607200,54.99344367376322,5.714359064949193,6.480448150168087,130.258441477293,104.18758284521678,117.22301216125489
2020-09-08,109.43244171142578,115.41717816603584,109.29664597406736,110.52850942019396,231366600,44.42432614046293,4.437605119158633,6.071879543966197,130.25213280748983,104.20286520886759,117.22749900817871
2020-09-09,113.79730987548828,115.56266164657546,111.79916649731042,113.73911382379356,176940500,50.130374741086726,3.7349229340438512,5.604488221981727,129.72048784155766,105.50515226464354,117.61282005310059
2020-09-10,110.08230590820312,116.88182317054356,109.122034080383,116.74602745349068,182274400,45.81851547629659,2.845471641375127,5.052684905860407,129.68382493477137,105.58837202567784,117.6360984802246
2020-09-11,108.63704681396484,111.77006490232608,106.69709954942977,111.12987875287996,180860300,44.22483603554447,2.0008897419789093,4.4423258730841075,129.89443820984835,105.08579555480009,117.49011688232422
2020-09-14,111.89616394042967,112.44904864015744,109.41303369608222,111.27538137934282,140150100,48.56916286635847,1.576364665737131,3.8691336316147122,129.87509774445613,105.14902640105169,117.5120620727539
2020-09-15,112.0707550048828,115.26196916143692,110.1987055878256,114.7769823425134,184642000,48.799235417889456,1.2397227716495252,3.343251459621675,129.83344879555585,105.28112792563556,117.5572883605957
2020-09-16,108.76313018798828,112.51693044540818,108.67583612168843,111.77005407703663,154679000,44.717906542467,0.6979879943454392,2.814198766566428,130.04340853206298,104.73822293766358,117.39081573486328
2020-09-17,107.02689361572266,108.83104527474276,105.4458391619844,106.42551466292394,178011000,42.69914468056829,0.1270944337772164,2.276777900008586,130.39620955893417,103.86478897622209,117.13049926757813
2020-09-18,103.63197326660156,107.55066740012516,102.90449308489,107.08508422800398,287104900,38.99242888208341,-0.5924550723958646,1.702931305527696,131.0684058841548,102.08342593347214,116.57591590881347
2020-09-21,106.77471160888672,106.88140931284494,100.0042916137138,101.40105617439414,195713800,43.85168880033219,-0.8987502869942432,1.1825949870233083,130.85042042250328,100.9153220701725,115.88287124633788
2020-09-22,108.45274353027344,109.47121874863322,105.88231946545224,109.29662320835186,183055400,46.31064752332721,-0.9946229054208686,0.7471514085344729,130.21941763533238,100.18375466691371,115.20158615112305
2020-09-23,103.90357971191406,108.74374613747926,103.56408301527632,108.2684611226227,150718700,41.060678903362906,-1.4212983053060668,0.313461465766365,129.87388647756896,98.81194802560488,114.34291725158691
2020-09-24,104.9705581665039,106.93960365288808,101.84724157417912,102.0121353320814,167743300,42.70137744759095,-1.6542759264419402,-0.08008601267529608,128.9981408482377,97.91240144912558,113.45527114868165
2020-09-25,108.90862274169922,109.06382205291594,104.43704434153668,105.17422626919512,149981400,48.40964175856941,-1.5038085019437375,-0.36483051052898435,128.0700521032168,97.60571236211524,112.83788223266602
2020-09-28,111.50817108154295,111.85736219121794,109.39362820642744,111.5566727246746,137672400,51.821660939591645,-1.1614121222844602,-0.5241468328800796,127.12306894471685,97.59751287291012,112.36029090881348
2020-09-29,110.66429138183594,111.84766043177646,110.15990833447874,111.11048577797068,99382200,50.65055955845349,-0.9472354234136731,-0.6087645509867983,125.18581241752301,98.08466182564106,111.63523712158204
2020-09-30,112.33263397216795,113.73910005377913,110.20839693905523,110.37329066576837,142675200,52.9159663922132,-0.6355513025805948,-0.6141219013055577,121.32605684637372,100.16257459283526,110.74431571960449
2020-10-01,113.28321075439452,114.18528644364022,112.35203704296524,114.10768678427674,116120400,54.20587917985178,-0.30828210502571096,-0.5529539420495884,117.47939263138667,102.59210547652347,110.03574905395507
2020-10-02,109.62640380859376,111.90584749739754,108.85042943395284,109.50030991529614,144712000,48.68073828501771,-0.3400725230733599,-0.5103776582543427,116.32161810306168,102.98747918697738,109.65454864501953
2020-10-05,113.00194549560548,113.14744304282974,110.14052580154996,110.48971695476313,106243800,53.402318764470486,-0.09183009468156911,-0.426668145539788,115.3312258947359,103.5452633630766,109.43824462890625
2020-10-06,109.76221466064452,112.63333559022072,108.8795351442964,112.22594105943094,161498200,48.76501547996172,-0.1547317334064644,-0.3722808631131233,115.34940250194394,103.56006405079044,109.4547332763672
2020-10-07,111.6245574951172,112.0804462459722,110.7030781858562,111.17837055181316,96849000,51.3787809428489,-0.05368735833661731,-0.3085621621578221,114.9914432882838,103.70074802641345,109.34609565734863
2020-10-08,111.51788330078124,112.90494606027924,111.1492885393194,112.75944851761336,83477200,51.21760371425725,0.017580661994273328,-0.24333359732740303,115.13489055428981,103.70085849966527,109.41787452697754
2020-10-09,113.45782470703124,113.48692273393875,111.46937566481606,111.81856678833006,100506900,54.041199335758506,0.22797024124788834,-0.14907282961234478,115.62499876878974,103.69282807447198,109.65891342163086
2020-10-12,120.66471099853516,121.42128918284882,115.69844376260184,116.45502194691552,240226800,62.6827671574474,0.9651157383757152,0.07376488398526723,117.7163799710797,102.47830157799257,110.09734077453614
2020-10-13,117.46379089355467,121.62497815056648,116.0573322604358,121.5085786649449,262330500,57.51047925951284,1.2763088603620218,0.31427367926061817,118.60306897972461,102.13091615821483,110.36699256896972
2020-10-14,117.55110931396484,119.33585728240598,116.0282509755602,117.36681195189108,150712000,57.61322896453975,1.51254187710353,0.5539273188292005,119.57385983980072,102.03892321073639,110.80639152526855
2020-10-15,117.08551788330078,117.56080289760202,114.602387718432,115.15527240046332,112559200,56.82415891639199,1.643246583761396,0.7717911718156397,120.3029485980624,102.31569687923253,111.30932273864747
2020-10-16,115.4462661743164,117.90030584427576,115.24257258596,117.63840880188036,115393800,54.01895233273695,1.5961575813234958,0.9366644537172111,120.33354508515285,103.46652968291355,111.9000373840332
2020-10-19,112.49752807617188,116.80420531849914,112.18713685690224,116.35801840331844,120639300,49.30388187605931,1.3058476874666383,1.0105011004670965,120.28643450129486,104.08592191350006,112.18617820739746
2020-10-20,113.98159790039062,115.40746025257594,112.15804282671203,112.71092747344602,124423700,51.59393031383341,1.181902797203449,1.044781439814367,120.41029160337179,104.51495024843486,112.46262092590332
2020-10-21,113.36082458496094,115.14557257156684,112.9534300225298,113.16682541230044,89946000,50.56500603621158,1.0218056210119357,1.040186276053881,119.84786272030951,106.02310361880183,112.93548316955567
2020-10-22,112.27446746826172,114.49570836063894,111.1492943069264,113.92341996987348,101988000,48.733384941152096,0.7980678853871694,0.9917625979205387,119.1868405788497,107.41451669043742,113.30067863464356
2020-10-23,111.58576202392578,113.05042420827988,110.84858002778375,112.89522488264528,82572600,47.55727447127264,0.5587405313137737,0.9051581845991857,119.02965744631547,107.83941375119429,113.43453559875488
2020-10-26,111.59546661376952,113.05042702646372,109.49061825916864,110.58669317293084,111850700,47.57647336143589,0.3656400869268168,0.7972545650647119,119.02813745922863,107.8496632915038,113.43890037536622
2020-10-27,113.09891510009766,113.75849741390176,111.10077194371064,112.02224386138344,92276800,50.594101506849015,0.3301169389583549,0.7038270398434405,119.00707299006669,108.1141901324919,113.5606315612793
2020-10-28,107.86105346679688,111.9640447506843,107.76405759395712,111.5954574737689,143937800,41.60808232761719,-0.11931171967292187,0.539199287940168,119.30858637500887,107.36551869701262,113.33705253601075
2020-10-29,111.85735321044922,113.41901126991604,108.83103296967955,108.99593410290058,146129200,49.04425291015388,-0.15127537044969586,0.40110435626219526,119.27210696181447,107.25941235581249,113.26575965881348
2020-10-30,105.59133911132812,108.6273541724171,104.4855696692542,107.72527832227132,190272600,40.36438787702484,-0.6744471575072595,0.1859940535083043,119.77547082452504,106.35254202337534,113.06400642395019
2020-11-02,105.5040512084961,107.35670479307674,104.0975921021166,105.8338461619083,122866900,40.257502313722554,-1.0836167133194863,-0.06792809985725382,120.16650326500667,105.21172015418279,112.68911170959473
2020-11-03,107.12390899658205,108.14237704788208,105.46525468419668,106.3673306155269,107624400,43.26022878218627,-1.262622818529394,-0.3068670435916818,120.32396724092769,104.79042561185551,112.5571964263916
2020-11-04,111.49845886230467,112.1192413548066,108.9765290614768,110.71278263905,138235500,50.49642197766494,-1.0395139621714833,-0.4533964273076421,120.32088453513225,104.78089845436969,112.55089149475097
2020-11-05,115.45597076416016,116.0282591074031,113.3608313760952,114.40839736997158,126387100,55.967461343009795,-0.5371683080431069,-0.4701508034547351,120.60223298622635,104.89335874961348,112.74779586791992
2020-11-06,115.32479095458984,115.8203256136095,112.83736946099638,114.96527887670224,114457900,55.7475293931261,-0.14793556317270884,-0.4057077553983299,120.77113026859617,104.91115809199952,112.84114418029785
2020-11-09,113.02197265625,118.5312090703904,112.75963124213384,117.08345719402648,154515300,51.89244235963454,-0.02499586306291235,-0.3295653769312464,119.53470264261993,105.38331188374725,112.4590072631836
2020-11-10,112.68193817138672,114.25600204748748,110.89410329086316,112.27384808595916,138023400,51.328011208739355,0.04448400988941614,-0.2547554995671139,118.91597105967881,105.52385819447159,112.2199146270752
2020-11-11,116.10210418701172,116.23813418126792,113.138585125769,113.86732041488948,112295000,56.45808165546133,0.37124662373508954,-0.12955507490667323,118.63946925273315,105.65545948872192,112.14746437072753
2020-11-12,115.83006286621094,117.1126368852454,115.2082092456536,116.22844178007917,103162300,55.95290964175498,0.6013251859293831,0.01662097726053803,118.40654242103604,105.76284081871005,112.08469161987304
2020-11-13,115.87864685058594,116.27701834676311,114.5280578390948,116.05354364266076,81581900,56.02858013970253,0.778609104511176,0.16901860271066563,118.47676672709191,105.73585458028113,112.10631065368652
2020-11-16,116.88912963867188,117.55956098518271,114.80008723878368,115.5482521194945,91183000,57.6578851308771,0.9892420368711754,0.3330632895427676,119.02919664864437,105.62258481497868,112.32589073181153
2020-11-17,116.0049285888672,117.24863549686008,115.58712010448728,116.16039565890526,74271000,55.71256170901734,1.0724598683725475,0.48094260530872357,119.28651513176743,105.56759940070327,112.42705726623535
2020-11-18,114.68350219726562,116.42275133775613,114.65435397133162,115.24705927558566,76322100,52.843115077214115,1.0200243277017478,0.5887589497873285,119.4126269556864,105.57375533801478,112.49319114685059
2020-11-19,115.27621459960938,115.68430461397098,113.49809857736044,114.25598215062608,74113000,53.98784573151303,1.0146000435716616,0.6739271685441951,119.66666536108144,105.6198916457545,112.64327850341797
2020-11-20,114.01306915283205,115.4025248266936,113.96449124482857,115.27621337018954,73604300,51.13877920883846,0.8980241153100508,0.7187465578973663,119.7946254969079,105.73466222281867,112.76464385986328
2020-11-23,110.62203216552734,114.2851462584726,110.52486892820644,113.85761911856476,127959300,44.36933030674932,0.5259457324675765,0.6801863928114084,119.79099354794306,105.64095072695929,112.71597213745117
2020-11-24,111.9045867919922,112.56530706965944,109.39773567263003,110.68031687022992,113874200,47.21535454910865,0.33074969636918183,0.6102990535229631,119.73749882838536,105.57501261570644,112.6562557220459
2020-11-25,112.7402114868164,113.43979858279867,111.90459439029078,112.27382503154756,76499200,49.044448002598656,0.2407086215616232,0.5363809671306952,119.63137688667194,106.16905035942182,112.90021362304688
2020-11-27,113.28430938720705,114.158793086573,112.9248047758015,113.26487971081116,46691300,50.25321820255134,0.21082432285110997,0.47126963827477814,119.68722902233682,106.25589384143271,112.97156143188477
2020-11-30,115.6745834350586,117.54014397849063,113.49808872130924,113.65355580646788,169410200,55.272921993875144,0.37568527414182995,0.4521527654481885,119.36225083430664,107.58919646183595,113.4757236480713
2020-12-01,119.24053955078124,119.9692749139944,116.60737666127396,117.57902381222485,127728200,61.512383351491685,0.7850322591806247,0.5187286641946758,119.32988774592665,108.99520838444444,114.16254806518555
2020-12-02,119.59033203125,119.87211059203428,117.46242241782213,118.56038101970898,89004200,62.07132110705815,1.1247031460811172,0.6399235605719641,119.3827118411783,110.18902659265957,114.78586921691894
2020-12-03,119.4542999267578,120.27047995352808,118.74499426371094,120.01784962535092,78967600,61.69607551527263,1.3671583665584137,0.7853705217692541,119.94763479361627,110.41968774666692,115.1836612701416
2020-12-04,118.78385925292967,119.3765645833526,118.07455360054388,119.12393425897255,78260400,59.7779832691454,1.4880535611391252,0.9259071296432284,120.36624447944241,110.33386690971774,115.35005569458008
2020-12-07,120.2413101196289,121.03806032248434,118.78383969393644,118.8421361387792,86712000,62.50684885946499,1.6820780298933045,1.0771413096932436,121.04612702593877,110.1456362797253,115.59588165283203
2020-12-08,120.85346221923828,121.43645640289948,119.6000365852931,120.84375108576852,82225500,63.623180244676,1.8637551682890177,1.2344640814123984,121.75766249793513,110.21724976402776,115.98745613098144
2020-12-09,118.32718658447266,122.37895334699282,117.56930300737729,120.99921619827668,115089200,56.18801000448314,1.783329170033241,1.344237099136567,121.91650269338729,110.62293440988421,116.26971855163575
2020-12-10,119.74578094482422,120.3579233336518,116.7433951040976,117.08347009062476,81312200,59.079854223106345,1.8131587309716366,1.438021425503581,122.29693364501206,110.60687113404067,116.45190238952637
2020-12-11,118.93932342529295,119.27939842297664,117.13205925122674,118.95875310526962,86939800,56.78516052857748,1.7515338984568132,1.5007239200942275,122.54266921498278,110.67206161997815,116.60736541748047
2020-12-14,118.32718658447266,119.85267228564852,118.09399334838469,119.12393693642925,79184500,55.03773933094594,1.6344604053560374,1.5274712171465896,122.70082485423741,110.7587599541122,116.7297924041748
2020-12-15,124.25424194335938,124.27367903878984,120.6105649235341,120.81460994707471,157243700,65.96028380096487,1.9969233621215352,1.621361646141579,123.91194339795601,110.28415264086235,117.09804801940918
2020-12-16,124.18621826171876,124.73033828648968,122.97165933994128,123.79756533721344,98208600,65.76283158125943,2.252720959204396,1.7476335087541426,124.96159334893082,110.0526316571727,117.50711250305176
2020-12-17,125.0509796142578,125.9060338121634,124.4096889658286,125.24530607028412,94359800,67.11072223931677,2.4964439598655446,1.897395598976423,126.0430838923715,110.00788885543125,118.02548637390137
2020-12-18,123.06883239746094,125.43965383144652,122.54414204339464,125.3036238225863,192541500,61.166503310303305,2.5008255190451365,2.018081582990166,126.6157263760265,110.21450815156139,118.41511726379395
2020-12-21,124.59431457519533,124.67204812925546,119.94984220975748,121.4753279960592,121251600,63.82232806373496,2.5974498144148725,2.1339552292751076,127.30427837602339,110.58408069380083,118.94417953491211
2020-12-22,128.14083862304688,130.5991048748753,125.97405467288996,127.87848972538272,168904800,69.11131808402436,2.9264656415056436,2.292457311721215,128.17991932579645,111.46032038977972,119.82011985778809
2020-12-23,127.24688720703124,128.6751945398209,127.07198305177502,128.41286054616967,88223700,66.47331581302531,3.0795791749401076,2.4498816843649935,128.7132811024964,112.4611886545837,120.58723487854004
2020-12-24,128.22830200195312,129.67606189128196,127.38297355158524,127.59673715473882,54930100,67.92098835073762,3.2427345004459056,2.608452247581176,129.29863152289408,113.42464728569969,121.36163940429688
2020-12-28,132.81443786621094,133.44600251933943,129.72459253226933,130.19099379190865,124486200,73.64739606916798,3.699454103612638,2.8266526187874685,130.844981384872,113.83131027162213,122.33814582824706
2020-12-29,131.0460205078125,134.85487480481046,130.53104880605997,134.1358655444837,121047300,68.56480609645278,3.874053500824175,3.03613279519481,131.84103184752263,114.37240351624689,123.10671768188476
2020-12-30,129.92864990234375,132.13429294527648,129.61771571736733,131.7359140805847,96452100,65.48944480205395,3.8775641654303143,3.204419069241911,132.66687369961596,114.61537269930982,123.6411231994629
2020-12-31,128.92787170410156,130.91975146585497,127.9853727167279,130.27846074381847,99116600,62.77364641695772,3.756291762450786,3.3147936078836864,133.21296782457233,115.00303254163863,124.10800018310547
2021-01-04,125.74083709716795,129.82175137838863,123.1659711614339,129.73430670995643,143301900,54.95759254697909,3.3642346488800854,3.3246818160829665,133.2940279111666,115.55062617208534,124.42232704162598
2021-01-05,127.29548645019533,128.00479953709709,124.78863505032471,125.23559925815104,97664900,57.7229137857216,3.1427461504678433,3.288294682959942,133.40799856104556,116.28781824193295,124.84790840148926
2021-01-06,123.01051330566406,127.3343470647896,122.79674977159816,124.09876065496375,155088000,48.825374491816156,2.591579285191173,3.1489516034061884,133.33079863590234,116.64193848567972,124.98636856079102
2021-01-07,127.2080307006836,127.8979066334556,124.23479308365204,124.72061661130184,109578200,55.98303147277953,2.465064419005131,3.0121741665259774,133.47702066245415,117.1311733072724,125.30409698486328
2021-01-08,128.30601501464844,128.8695721666665,126.53761000388556,128.67523086681507,105158200,57.651590692339035,2.425439675169912,2.8948272682547644,133.4101244382131,118.19595237453103,125.80303840637207
2021-01-11,125.3230438232422,126.47930629071162,124.85665734789744,125.5270962459198,100384500,51.895963186000294,2.128796493931304,2.7416211133900723,133.17166210002614,118.99214100055981,126.08190155029297
2021-01-12,125.1481704711914,126.01293594243306,123.26317240831035,124.85667332698576,91951100,51.5709166852079,1.8581739450032018,2.564931679712698,132.70505276071128,120.07963504446451,126.3923439025879
2021-01-13,127.17889404296876,127.72301407124304,124.84694682860504,125.10928088256377,88636800,55.08877750849028,1.7869670027653797,2.4093387443232346,131.9516807439347,121.71817780709068,126.83492927551269
2021-01-14,125.25502014160156,127.2857588427231,125.10926419379749,127.09143240514112,90221800,51.28778653868402,1.5573423692475927,2.2389394693081064,131.9186907813367,121.85124558951293,126.88496818542481
2021-01-15,123.53520965576172,126.52788445335536,123.39917965706007,125.12871028033412,111598500,48.09325936574605,1.2224966789402032,2.035650911234526,131.96335223541655,121.74148327483736,126.85241775512695
2021-01-19,124.20565032958984,125.0607045202907,123.34088500532488,124.15706500945308,90757300,49.41598678798214,0.9997040502133956,1.8284615390303,131.99344610517136,121.62685647661577,126.81015129089356
2021-01-20,128.28656005859375,128.73352422939956,124.90523244341398,125.0121142129877,104319500,56.65625062332697,1.139301438564928,1.6906295189372258,131.99351281047035,122.14856253743007,127.0710376739502
2021-01-21,132.9893341064453,135.7099489572785,129.8023327979761,130.00638521290583,120150900,63.194169657414086,1.6108391860927327,1.6746714523683273,132.90414371104163,122.07743358998377,127.4907886505127
2021-01-22,135.126953125,135.88483658611096,131.19177987621222,132.41604973812463,114459400,65.72493687409006,2.1324427654240736,1.7662257149794767,134.19572523618874,121.48446351503196,127.84009437561035
2021-01-25,138.86778259277344,140.97625472972098,132.6686702057167,139.01353853335786,157611700,69.65696717733397,2.8152189430653323,1.9760243605966479,136.3769668249251,120.46531146486983,128.42113914489747
2021-01-26,139.10101318359375,140.20869037046396,137.3617564370404,139.52854031294,98390600,69.88890280129488,3.336680565920176,2.2481556016613533,138.1798460685238,119.74970333943517,128.9647747039795
2021-01-27,138.0321502685547,140.208644567784,136.42893888339475,139.36330171958025,140843800,67.34818997313357,3.6219428519609664,2.522913051721276,139.13145527754648,119.31986537064687,129.22566032409668
2021-01-28,133.20309448242188,137.96417406452278,132.82415271471342,135.5642045936499,142621100,57.226175043865815,3.418939419601003,2.7021183252972216,139.36244707851876,119.30458096713558,129.33351402282716
2021-01-29,128.2185821533203,132.8630549859489,126.51819940588042,131.97885239900157,177523800,49.0342540758293,2.823303958654435,2.7263554519686646,139.28434623110968,119.21167503964227,129.24801063537598
2021-02-01,130.33673095703125,131.54157860190338,127.21773749244758,129.9577892114423,106239800,52.16775803515808,2.4934327304748933,2.6797709076699103,139.36458459193946,119.27232260410548,129.31845359802247
2021-02-02,131.16265869140625,132.44522526454475,130.79342801715512,131.88166811874655,83305400,53.37160855073318,2.272457396831669,2.598308205502262,139.52690534205553,119.65218401341323,129.58954467773438
2021-02-03,130.14239501953125,131.92051071941538,129.82174974648763,131.91078476116337,89880900,51.642531272991974,1.9920430687641328,2.4770551781546364,139.6151424129367,119.84863779946566,129.73189010620118
2021-02-04,133.4945831298828,133.5042942626405,130.7739685158837,132.43549143917588,84183100,56.61574267337812,2.0170549052205615,2.3850551235678217,139.76270758436536,120.74947961045885,130.2560935974121
2021-02-05,133.08103942871094,133.7232884555335,132.20525610000038,133.6551792335879,75693800,55.852619538303756,1.9806754515790317,2.304179189170064,140.02437930316356,121.07510876446341,130.54974403381348
2021-02-08,133.22698974609375,133.27564766652046,131.29051736028654,132.370657861184,71297200,56.077634527577025,1.9412439909778243,2.2315921495316164,140.28015982900558,121.31142571176588,130.79579277038573
2021-02-09,132.3511962890625,134.17090160726997,132.19551172596402,132.94478730279516,76774200,54.28948605379045,1.8183640923279256,2.1489465380908785,140.30978349263393,121.9846172947196,131.14720039367677
2021-02-10,131.74789428710938,133.30485887781032,130.78452077617774,132.80856880476307,73046600,53.03491991560606,1.653241914115057,2.0498056132957143,140.2174302955701,122.73694287337523,131.47718658447266
2021-02-11,131.49490356445312,132.72100324758284,130.17148801909838,132.24417927998556,64280000,52.48716602891574,1.4848507263675401,1.9368146359100795,140.20830148640863,123.17767263468511,131.69298706054687
2021-02-12,131.7283935546875,131.88409294253404,130.09359452723146,130.7358433658653,60145100,52.96994395146481,1.3546249149445373,1.8203766917169713,140.004290002493,124.02902145990936,132.01665573120118
2021-02-16,129.6070556640625,132.35118706954955,129.2178071626484,131.84518629017936,80576300,48.18000906967398,1.067935288908643,1.6698884111553058,139.40599972801542,125.23449633521703,132.32024803161622
2021-02-17,127.32025146484376,128.66313264506522,125.98711077615506,127.71922556162116,97918500,43.60263269741373,0.6487275798099859,1.4656562448862418,138.95220566785042,125.99975050890737,132.4759780883789
2021-02-18,126.22067260742188,126.50286477250336,123.982542030246,125.72438263501022,96856700,41.55812937838944,0.22517989226241752,1.2175609743614768,139.17079885149275,125.57456858014784,132.3726837158203
2021-02-19,126.37639617919922,127.19381084254252,125.3351876918398,126.73645300235252,87668800,41.973099795892736,-0.09680322350638448,0.9546881347879046,139.31473241470184,124.76934122421422,132.04203681945802
2021-02-22,122.61048126220705,126.23041094448013,122.22124015432108,124.56640502266376,103916400,35.42260181291786,-0.6483808919342664,0.6340743294434704,139.61456591851328,123.2178605341234,131.41621322631835
2021-02-23,122.47427368164062,123.30140656932252,115.20522100827414,120.43076671673298,158273000,35.20857549211155,-1.0840052438025936,0.2904584147942576,138.92792391278928,122.26515164873412,130.5965377807617
2021-02-24,121.97796630859376,122.1823162213377,118.94190197736168,121.57899955251936,111039900,34.393134355402594,-1.4525445094262182,-0.058142170049837544,137.91783870846518,121.56293216555825,129.74038543701172
2021-02-25,117.73526000976562,123.058113364126,117.29736837706596,121.32599812486836,148199500,28.34871640305218,-2.0631823908392732,-0.45915021420772467,137.54739101152506,119.90369083661949,128.72554092407228
2021-02-26,117.99797058105467,121.49139194672976,117.93957960066368,119.29218643059886,164560400,29.178693159944885,-2.497133364711459,-0.8667468443084716,137.68740059728233,118.24316886072549,127.96528472900391
2021-03-01,124.3523406982422,124.48857398468388,119.48684497058966,120.42101925940008,116307900,45.594563003958974,-2.3017647637848455,-1.1537504282037465,137.61920067855107,117.92474463394893,127.77197265625
2021-03-02,121.75414276123048,125.2572974809927,121.64710128326875,124.95563918354922,102260900,41.371869857727376,-2.3297309117232174,-1.3889465249076407,137.4501945227636,117.23549197015632,127.34284324645996
2021-03-03,118.77647399902344,122.32828720569532,118.56239100874602,121.45249652917722,112966300,37.12795791999526,-2.562626901404002,-1.6236826002069131,137.32460530300068,116.12246272068099,126.72353401184083
2021-03-04,116.89837646484376,120.2750310748952,115.429002367152,118.4747994672062,178155000,34.70951313465267,-2.865711290331717,-1.872088338231874,137.3572480223558,114.76541814585708,126.06133308410645
2021-03-05,118.1536865234375,118.65970219404976,114.40725661331616,117.72552798386944,153766600,37.633684052791516,-2.970374196751024,-2.0917455099357043,136.5503886789915,114.03818782857682,125.29428825378417
2021-03-08,113.22978973388672,117.74496808125188,113.08382341259126,117.67685145453471,154376600,31.646516942448244,-3.411314118647681,-2.3556592316781,136.12301173010349,112.48043980798245,124.30172576904297
2021-03-09,117.8325653076172,118.77647261328784,115.59444185391254,115.8279835568737,129525800,41.08245028926885,-3.350731514609322,-2.5546736882643444,134.92546138595313,112.13854770828515,123.53200454711914
2021-03-10,116.75243377685548,118.88351576641335,116.23668501538924,118.41643235397204,111943300,39.69751628664139,-3.3512458755561596,-2.7139881257227074,133.752726955714,111.75140588730356,122.75206642150879
2021-03-11,118.67916107177734,119.89553490297892,117.99799469596714,119.24356031125248,103026500,43.365140699103044,-3.159758985243755,-2.803142297626917,132.415574178076,111.78168534340836,122.09862976074218
2021-03-12,117.77415466308594,117.910387910508,115.95446453359608,117.16110504968664,88105100,42.070806054307134,-3.0459192378547755,-2.8516976856724887,130.93304279353464,111.89214183781301,121.41259231567383
2021-03-15,120.65455627441406,120.66428934425416,117.18059275719496,118.1439662191268,92403800,47.447162565280074,-2.692241595118105,-2.8198064675616124,129.11992044120763,112.5978804621127,120.85890045166016
2021-03-16,122.19204711914062,123.79766203262986,121.36491441345116,122.31854732264156,115227900,50.10885704408408,-2.2618140686639663,-2.7082079877820835,127.75065922123001,113.22564082759813,120.48815002441407
2021-03-17,121.40383911132812,122.47424657756945,119.04893377660936,120.71293967926184,111932600,48.745805517483475,-1.961685858319811,-2.558903561889629,126.76699105314884,113.61766776032772,120.19232940673828
2021-03-18,117.2876205444336,119.86633436304557,117.08327064661763,119.57440169521924,121229700,42.27803194940499,-2.032546595058079,-2.453632168523319,125.81588799753308,113.67546560964465,119.74567680358886
2021-03-19,116.76214599609376,118.16341092060108,116.4604876842397,116.67457065039012,185549500,41.520641966239815,-2.1068195397198934,-2.384269642762634,124.64177833264317,113.88815025622402,119.2649642944336
2021-03-22,120.07068634033205,120.53777713211232,117.02488910943605,117.09300574322106,111912300,47.85479570799467,-1.877072109476174,-2.2828301361053422,124.30875441850962,113.96719467817006,119.13797454833984
2021-03-23,119.24353790283205,120.8978030327316,118.85429686516294,120.0122869105858,95467100,46.49879655241043,-1.7416627775533016,-2.1745966643949344,123.91694767964225,114.03592783915659,118.97643775939942
2021-03-24,116.85944366455078,119.5938566296314,116.8399849531247,119.51600693561616,88530500,42.739647577708695,-1.8059089920344178,-2.100859129922831,123.5414185548034,113.89960469959114,118.72051162719727
2021-03-25,117.34600830078124,118.38723138862224,115.79878440882976,116.32425877519718,98844700,43.739312979557766,-1.796849912831334,-2.0400572865045317,123.54081516880902,113.86128291468708,118.70104904174805
2021-03-26,117.9493179321289,118.21205879522662,115.7209205384274,117.1124522760085,94071200,45.02099969958237,-1.7211481575324399,-1.9762754607101134,123.53984234512627,113.85739047347725,118.69861640930176
2021-03-29,118.1244888305664,119.28247903408416,117.4822473412622,118.37749665321655,80819200,45.409863410668336,-1.6282496945877938,-1.9066703074856495,122.47655285637246,114.29789477546346,118.38722381591796
2021-03-30,116.67456817626952,117.16111766205536,115.66254435493632,116.87891806940084,85671900,42.716685244617295,-1.6525736325712188,-1.8558509725027634,121.97824189454968,114.28824827879015,118.13324508666992
2021-03-31,118.8640594482422,120.19720049628938,117.8909603245139,118.37750988637804,118323800,47.75561364094767,-1.4781378285823905,-1.780308343718689,121.98573986934817,114.28950884891354,118.13762435913085
2021-04-01,119.69120025634766,120.83945759642364,119.19491759115476,120.33344928473348,75089100,49.5607081280899,-1.2586439823196969,-1.6759754714388908,122.13803838295243,114.41649271445968,118.27726554870605
2021-04-05,122.51316833496094,122.7661761594041,119.75929632134556,120.53777850848311,88651200,55.242478393926376,-0.8472180853034672,-1.510223994211806,122.7732106757466,114.21726860281787,118.49523963928223
2021-04-06,122.8148193359375,123.71006860087718,122.26988629191436,123.09701892635115,80171300,55.81543617058716,-0.49115762362819737,-1.3064107200950845,122.92025713804475,115.02872510072478,118.97449111938477
2021-04-07,124.4593505859375,124.47880929727646,121.77359554768178,122.44503616328456,83466700,58.90414289874252,-0.07540795851363669,-1.060210167778795,123.87593589678873,114.73572486981284,119.30583038330079
2021-04-08,126.85321807861328,126.88240986807646,125.06271903272916,125.48114458057891,88844600,62.96283830254048,0.4421449746358945,-0.7597391392958571,125.28391731680085,114.3378218799765,119.81086959838868
2021-04-09,129.4221649169922,129.4610823431084,125.987126690143,126.3082511367721,106686700,66.75709789632171,1.047526707377159,-0.3982859699612539,127.20508743755762,113.49095214374121,120.34801979064942
2021-04-12,127.70952606201172,129.2762161435529,127.11593504109705,128.95509167174853,91420000,62.18348150360646,1.3732702450833898,-0.04397472695232524,128.29768439124135,113.39189232995007,120.8447883605957
2021-04-13,130.81369018554688,131.0375136441806,128.38094270892825,128.87723269707828,91266500,66.64413112329294,1.8604582432254517,0.3369118670832302,129.9772532911273,112.72823682117738,121.35274505615234
2021-04-14,128.47828674316406,131.36839256751463,128.11824478906962,131.31000899099288,87222800,60.83059279508716,2.0346564487224583,0.6764607834110758,130.83224975137355,112.50186432333348,121.66705703735352
2021-04-15,130.88182067871094,131.36837019796266,130.04495491166549,130.22012045971883,89347100,64.28375840813536,2.3396844570190325,1.0091055181326671,132.1445031465068,112.13740908493853,122.14095611572266
2021-04-16,130.5509490966797,131.0472241792983,129.6946173321828,130.68718234573052,84922400,63.454430552731246,2.525609129829874,1.3124062404721086,133.18421972538022,112.42402536128971,122.80412254333496
2021-04-19,131.212646484375,131.82570351653897,129.75299819698287,129.91842322109008,94264200,64.44239679872696,2.695279714898618,1.5889809353574105,134.13314589278602,112.92014924271203,123.52664756774902
2021-04-20,129.5292510986328,131.88414967158926,128.2642190127789,131.38787436370876,94812300,59.998545751377634,2.66320912012236,1.8038265723104003,134.7894172537511,113.20973435757702,123.99957580566407
2021-04-21,129.90870666503906,130.15198139662152,127.76789199677556,128.79937448295544,68847100,60.65713296230626,2.6380025839839334,1.970661774645107,135.38376998331333,113.68189850423552,124.53283424377442
2021-04-22,128.39071655273438,130.54125756563838,127.87497514158638,129.46111681150813,84566500,56.63967826362329,2.467097937492369,2.0699490072145594,135.48309397323828,114.73570180312889,125.1093978881836
2021-04-23,130.70669555664062,131.48516306112936,128.6047976585629,128.6047976585629,78657500,60.8951710478326,2.4898336713220743,2.1539259400360624,135.77945182135815,115.77541268059497,125.77743225097656
2021-04-26,131.09591674804688,131.42676689058607,129.9671181870508,131.20295824690538,66905100,61.57764778776318,2.510321379234483,2.2252050278757465,136.0114759075184,116.85804847602654,126.43476219177246
2021-04-27,130.77476501464844,131.7673300838562,130.5022985012677,131.3780816016613,66015800,60.63728446075292,2.472146409501775,2.2745933042009523,136.01535663041557,118.11919537153757,127.06727600097656
2021-04-28,129.986572265625,131.3878372667235,129.50002274292763,130.69693041123548,107760100,58.28475842985538,2.3511888616751264,2.2899124156957873,135.3747892756385,120.09096313525018,127.73287620544434
2021-04-29,129.8892364501953,133.38267277073504,128.88694577541443,132.79880749394718,151101000,57.985573598565736,2.2218626966293726,2.2763024718825045,134.79428757753587,121.77398253354808,128.28413505554198
2021-04-30,127.92363739013672,129.9671369612886,127.54412926632877,128.23502143741464,109839500,52.16252851045149,1.9384184805161482,2.208725673609233,133.8883132834919,123.50320054097098,128.69575691223145
2021-05-03,128.9745635986328,130.4634190600625,128.2836714700979,128.48801399046965,75135100,54.777384880008434,1.7780911314696795,2.1225987651813223,133.3680578387014,124.66959551212868,129.01882667541503
2021-05-04,124.41070556640624,127.95279275381807,123.29164023246338,127.66086008438737,137564700,43.625165649048135,1.2681469422502971,1.9517084005951175,133.02791580923108,125.16932616464587,129.09862098693847
2021-05-05,124.65397644042967,126.94074997232988,124.52746883053813,125.7243763335603,84000900,44.27640673150553,0.8735724256358424,1.7360812056032626,132.99234327688546,125.22436128244071,129.10835227966308
2021-05-06,126.24988555908205,126.25961120491856,123.71008883004946,124.44964624226807,78128300,48.48102388803206,0.6817865952960886,1.5252222835418279,133.04035504819734,125.11601625917571,129.07818565368652
2021-05-07,126.92243957519533,127.9459170756659,126.21086004578888,127.5462801379204,78973300,50.186851100295456,0.5774084264258761,1.3356595121186376,133.02039546340723,124.88600330978615,128.95319938659668
2021-05-10,123.64727020263672,126.26934761190338,123.6082792363769,126.1426399859002,88071200,42.76157240984611,0.2277834333300035,1.1140842963609108,133.40822967150086,124.09194351575502,128.75008659362794
2021-05-11,122.73104095458984,123.08194487011802,119.6703125069436,120.38188481486948,126142800,40.93686810987406,-0.12182461732525951,0.8669025136236768,133.58418807798938,123.10772018617075,128.34595413208007
2021-05-12,119.6702651977539,121.49305358842736,119.16339757635438,120.28436353988585,112172300,35.48880369630845,-0.6385101918332623,0.565819972532289,134.3641361617827,121.44696994783644,127.90555305480957
2021-05-13,121.81473541259766,122.96494285084452,121.12266251691544,121.43458279999426,105861300,41.37560260467064,-0.8649755086615727,0.27966087629351666,134.27415991084254,120.63023767216526,127.4521987915039
2021-05-14,124.2321319580078,124.66102519199372,122.67253033910512,123.06243260302256,81918000,47.222257705964935,-0.8397075793785405,0.055787185159105246,133.94016816363117,120.33234770550945,127.13625793457031
2021-05-17,123.08192443847656,123.72526428981506,122.00969878967952,123.61804098125864,74244600,44.9264064162031,-0.9020958975452942,-0.13578943138177463,133.4822208728496,119.97722279170117,126.72972183227539
2021-05-18,121.69776916503906,123.78373756646234,121.62953683178752,123.36459396598384,63342900,42.26350083546313,-1.0511122837615972,-0.31885400185773916,133.30087413454436,119.37542133664704,126.3381477355957
2021-05-19,121.54183197021484,121.76602077062454,119.75803398561096,120.0504625668393,92612000,41.96174393883733,-1.1683239604838604,-0.48874799358296345,132.97888777678108,118.86072022492792,125.9198040008545
2021-05-20,124.0956573486328,124.49530918227134,121.94145662294912,122.06817912472064,76857100,48.45290115915435,-1.0431182757573225,-0.5996220500178353,132.71152011243137,118.69858196886744,125.70505104064941
2021-05-21,122.26313018798828,124.76824225453444,122.0486835817306,124.59278661639333,79295400,44.59837731505643,-1.0793197689061031,-0.6955615937954889,132.04628501389018,118.5194605305434,125.28287277221679
2021-05-24,123.89096069335938,124.70975612799803,122.76025239580744,122.82848472896345,63092900,48.51636946610123,-0.9655273967975404,-0.7495547543958991,131.15590813547004,118.68934180349483,124.92262496948243
2021-05-25,123.69602966308594,125.08018314804376,123.13067172111496,124.59279971373591,72009500,48.077896308804036,-0.8809207213862038,-0.77582794779396,130.20820348897436,118.92917291483421,124.5686882019043
2021-05-26,123.64727020263672,124.17363709199464,123.22812661130168,123.75449350065962,56575900,47.96113290505029,-0.808484101069709,-0.7823591784491098,129.32137533997712,119.18207085753262,124.25172309875488
2021-05-27,122.11692810058594,124.41734339161216,121.92198067731964,123.24764397847942,94625600,44.322797191579895,-0.8645968414289911,-0.7988067110450862,128.29621546875524,119.4299998937936,123.86310768127441
2021-05-28,121.46383666992188,122.62379382802952,121.4053539348129,122.39959761550024,71311100,42.82956567132148,-0.9508053208924707,-0.8292064330145632,127.67398682266231,119.40624846786504,123.54011764526368
2021-06-01,121.14218139648438,122.18516577367905,120.81076927511776,121.92198599710954,67637100,42.07767772091087,-1.0331712987418484,-0.8699994061600202,126.57177055953069,119.72522651078181,123.14849853515625
2021-06-02,121.90247344970705,122.07792909380578,120.91797935921072,121.14216813753484,59278900,44.55534834924815,-1.0252789375548872,-0.9010553124389936,126.43596862286394,119.61020523577865,123.0230869293213
2021-06-03,120.42084503173828,121.69776758173276,120.02119320163122,121.53206155124435,76229200,40.885016629131755,-1.1256039535847862,-0.9459650406681521,126.31727403739043,119.30558668038302,122.81143035888672
2021-06-04,122.71150970458984,122.97469686847109,120.7230150397492,120.9374616364624,75169300,48.015027533038875,-1.0086476936247948,-0.9585015712594807,125.76550834928224,119.50351478304196,122.6345115661621
2021-06-07,122.72126770019533,123.1306617200527,121.67828344764422,122.98444744531308,71057600,48.043775953408705,-0.9047423200052549,-0.9477497210086356,124.86389602522226,119.98500991960196,122.42445297241211
2021-06-08,123.54005432128906,125.21663622404849,123.0234370016728,123.4035896495703,74403800,50.51658529455313,-0.7477082105579171,-0.907741418918492,124.84821225229496,119.9899721043945,122.41909217834473
2021-06-09,123.9201889038086,124.5245376738646,123.32558973367314,123.99817082964144,56877900,51.66672501367159,-0.5858307710969655,-0.8433592893541868,124.99204902343962,119.9650501281717,122.47854957580566
2021-06-10,122.92595672607422,124.953442364302,122.7602506959565,123.81297704481985,71186400,48.49206833382269,-0.5316395518388646,-0.7810153418511224,124.8033763816892,120.47929192275414,122.64133415222167
2021-06-11,124.13465881347656,124.22239035571975,122.91621888119516,123.33536251537063,53522400,52.32713751250953,-0.38670279414486686,-0.7021528323098714,124.97768091837752,120.53697972615375,122.75733032226563
2021-06-14,127.18562316894533,127.24410590291394,123.8617230721818,124.5927869938568,96906500,60.35177443945916,-0.025359712960948855,-0.5667942084400869,125.79112220554161,120.0188875600834,122.9050048828125
2021-06-15,126.36683654785156,127.30260492232892,126.12314857125716,126.6592650944716,62746300,57.551939594160565,0.1927165285968755,-0.41489206103269444,126.32691258163473,119.81158839492778,123.06925048828126
2021-06-16,126.8639678955078,127.58528973592168,125.21664949570912,127.07841452715692,91815000,58.80164414189561,0.4010349845752046,-0.2517066519111147,126.91214548550371,119.74297536410566,123.32756042480469
2021-06-17,128.46255493164062,129.20337594415264,126.37658632134162,126.52280804022224,96721700,62.61332206775964,0.6871998633998544,-0.06392534884892087,127.7974484723311,119.54974467342086,123.67359657287598
2021-06-18,127.16612243652344,128.1895998960208,126.95167585727803,127.40981037898122,108953300,57.93215340271621,0.8001526621459902,0.10889025335006136,128.2220939173014,119.43214573723961,123.82711982727051
2021-06-21,128.959716796875,129.0669401319559,125.94773612079096,127.01021243070468,79663300,62.14844180559744,1.0226086481757761,0.29163393231520435,129.0247520677722,119.2991462476575,124.16194915771484
2021-06-22,130.59725952148438,130.69474066397615,128.29684436989922,128.7939773736595,74783600,65.54390607294877,1.3158740551687913,0.4964819568859218,130.10663702738916,118.88789117085304,124.4972640991211
2021-06-23,130.32432556152344,130.92868185123652,129.8661909803765,130.39256533356104,60214200,64.50527749074595,1.508872174324054,0.6989600003735483,130.96775499034928,118.68960279773665,124.82867889404297
2021-06-24,130.04165649414062,131.240597184488,129.5737648661965,131.05539194095186,68711000,63.385014630170616,1.6203373030524943,0.8832354609093376,131.66263303309202,118.6341633841443,125.14839820861816
2021-06-25,129.7491912841797,130.50949637284592,129.4567628177243,130.09036030729925,70783700,62.18173073029779,1.6658715916827163,1.0397626870640133,132.18194628306878,118.87807645252694,125.53001136779785
2021-06-28,131.37705993652344,131.835194519561,129.98317185834844,130.04165459260284,62111300,66.04548001261497,1.8124207804924168,1.1942943057496942,132.86645890551088,119.18488615674495,126.02567253112792
2021-06-29,132.88790893554688,133.043872786454,130.95790461954863,131.39653993588485,64556100,69.19151806613512,2.0271077200176535,1.360856988603286,133.6886283200394,119.53728949612268,126.61295890808105
2021-06-30,133.50205993652344,133.94069542579433,132.4395687976653,132.73199741502498,63261400,70.39242140735357,2.2212008981279325,1.5329257705082153,134.52600045130282,119.85987601354094,127.19293823242188
2021-07-01,133.80419921875,133.86268195374564,132.3323143115352,133.15111722207564,52485800,70.9914945100683,2.372057651091353,1.700752146624843,135.04208957094247,120.68212231260244,127.86210594177246
2021-07-02,136.42625427246094,136.46523779604922,134.272046474327,134.41825327969627,78852600,75.60469633320228,2.6723850526995534,1.8950787278397851,136.23122925546988,120.86445708486212,128.547843170166
2021-07-06,138.43429565429688,139.5357553993497,136.53353205806397,136.53353205806397,108181800,78.43332437529708,3.0374154057561498,2.123546063423058,137.6595993872762,121.00738974846603,129.3334945678711
2021-07-07,140.91989135742188,141.23180423568894,139.0581116318865,139.91588320227137,104911600,81.32052402831039,3.487074565742006,2.396251763886848,139.49977431693762,120.90519852241786,130.20248641967774
2021-07-08,139.62347412109375,140.42276298269945,137.11835448019005,138.0053823208354,105575500,75.63323527095173,3.696214987724801,2.656244408654439,140.67430025698735,121.30100110409667,130.987650680542
2021-07-09,141.44625854492188,141.97261806281588,139.04836216143113,139.1458433075578,99890800,77.96649893073716,3.9633566400369205,2.9176668549309355,141.8775745442156,121.94975699875314,131.91366577148438
2021-07-12,140.85166931152344,142.62572515772004,140.36429329314447,142.51850183873523,76299700,75.42919871310882,4.080057578186597,3.150144999582068,142.76749439764032,122.73153819513315,132.74951629638673
2021-07-13,141.96286010742188,143.7369156295679,140.00361422588887,140.39350901995925,100827100,76.93958234517032,4.213635555290779,3.3628431107238104,143.92686354164243,123.04989274497865,133.48837814331054
2021-07-14,145.3842315673828,145.79364043052715,143.95134516697595,144.3607540301203,127050800,80.84409550024151,4.543201943784766,3.598914877336002,145.5524994021102,123.32599638646404,134.43924789428712
2021-07-15,144.73114013671875,146.21276700697837,143.37623575739534,145.47196100861444,106820300,78.1248564132689,4.697536385386229,3.8186391789460474,146.7352218384171,123.9299911742782,135.33260650634764
2021-07-16,142.6938934326172,145.97880173322068,142.19677544564345,144.71163648718607,93251400,70.19345337909733,4.602405098161228,3.975392362789084,147.41925645395935,124.66909040883358,136.04417343139647
2021-07-19,138.8533935546875,140.43250161447835,138.09308832622733,140.1205738932986,121434600,58.19843521396963,4.169058314794967,4.014125553190261,147.2981656760179,125.95890829859151,136.6285369873047
2021-07-20,142.4599609375,143.3859869898834,139.350515378791,139.83789124908492,96350000,64.35808849047191,4.069734349079425,4.025247312368094,147.6504014147555,126.95669697391638,137.30354919433594
2021-07-21,141.72891235351562,142.44049190950972,140.97836414159778,141.8556348529318,74993500,62.35244343446425,3.887220422242791,3.997641934343034,147.89706949173464,127.82319418014035,137.8601318359375
2021-07-22,143.0936279296875,144.45827507929783,142.1286178837598,142.25534043105876,77338200,64.57205747676056,3.8087925719971167,3.9598720618738508,148.1541543027448,128.84303960594664,138.49859695434571
2021-07-23,144.80911254882812,144.96507639303513,143.2105203295334,143.82461867014172,71447400,67.19064852422966,3.8407889829099133,3.9360554460810633,148.44074958653619,130.033189927624,139.2369697570801
2021-07-26,145.228271484375,146.04705940106285,143.97083337261068,144.52644902049065,72434100,67.8165852771574,3.8555249010429122,3.9199493370734335,148.4660461859549,131.5558013482248,140.01092376708985
2021-07-27,143.0643768310547,145.44277445035308,141.87517802140547,145.3550354532032,104818600,61.31334385224578,3.6505141534344716,3.8660623003456416,148.15036443274818,133.04021479088465,140.5952896118164
2021-07-28,141.3195343017578,143.25929604709813,138.94113715127986,141.15382825419624,118931200,56.600139519046,3.3091021790003765,3.7546702760765887,147.69462463293272,134.3391171273212,141.01687088012696
2021-07-29,141.96286010742188,142.8498878684949,140.92962551695572,141.03684881635502,56699500,57.8855786655428,3.0552230361890054,3.614780828099072,147.16363749009196,135.7161842872518,141.43991088867188
2021-07-30,142.17730712890625,142.63544169374407,140.47149137109437,140.73467853831747,70440600,58.3286508426232,2.838604404233706,3.459545543325999,146.3871299581098,137.33000261024958,141.8585662841797
2021-08-02,141.8459014892578,143.2397895751834,141.582714310116,142.6646895204393,62880000,57.32493274499493,2.6101032665847015,3.28965708797774,145.9126944934065,138.34640279663256,142.12954864501953
2021-08-03,143.6394500732422,144.30227426975748,141.51448305654833,142.12858155366985,64786600,61.214791957913896,2.544408492885964,3.1406073689593845,145.82000136281727,138.95961136911632,142.3898063659668
2021-08-04,143.2397918701172,144.058579914417,142.58670986762564,143.5517196242508,56368300,59.90446660605179,2.432060554349789,2.9988980060374657,145.88585810377577,139.12574467942733,142.50580139160155
2021-08-05,143.3470001220703,144.10730535100612,142.47947159810346,143.2690181917266,46397700,60.150880765408296,2.324875100617163,2.8640934249534054,145.81705335164335,139.5669020316574,142.69197769165038
2021-08-06,142.66368103027344,143.61060825982952,142.16581806356817,142.86869219057516,54126800,57.71617099197186,2.1598938050352388,2.723253500969772,145.82548182480562,139.6802158070303,142.75284881591796
2021-08-09,142.61483764648438,143.210327688173,142.0584044347056,142.72222158501236,48908700,57.53689649495905,2.0021244424960116,2.57902768927502,145.78904025427954,139.8929742110525,142.84100723266602
2021-08-10,142.13653564453125,144.196344465899,141.84366893661831,142.9565505100319,69023100,55.711948521373536,1.8175445891542665,2.4267310692508697,145.78833434167066,139.9110476773723,142.84969100952148
2021-08-11,142.39035034179688,143.22989365517753,142.06819844175104,142.57583309295842,48493500,56.500424247764364,1.6724653113703027,2.2758779176747566,145.40247932331363,139.99751457317075,142.6999969482422
2021-08-12,145.3482666015625,145.50446416374157,142.37081574173467,142.71249604702388,72282600,64.44478347753306,1.77569890862776,2.1758421158653576,145.53748121935283,139.9242253236159,142.73085327148436
2021-08-13,145.55328369140625,145.88519235268876,144.74302556240244,145.42637130499,59375000,64.92295719157681,1.852698686767127,2.1112134300457113,145.93786403746824,139.8097815313794,142.87382278442382
2021-08-16,147.5251922607422,147.59353426907154,142.9858112009547,145.0065628373872,103296000,69.21186877206095,2.049216020620861,2.0988139481607413,146.42680773080752,140.1880177086456,143.30741271972656
2021-08-17,146.6173095703125,148.07185618392833,145.54347021491796,146.65635150331968,92229700,65.25573944412025,2.1074060131999772,2.1005323611685887,146.92192634465957,140.10863395807482,143.5152801513672
2021-08-18,142.87843322753906,147.134719463398,142.67342208980006,146.23660593235846,86326000,52.05863313952108,1.8307224984102106,2.0465703886169133,146.8946407690584,140.25087162107832,143.57275619506837
2021-08-19,143.2103271484375,144.4794059910355,141.06266328178802,141.58005455752308,86960300,52.96791209129913,1.6195605987644512,1.961168430646421,146.89749746978868,140.25968484222307,143.57859115600587
2021-08-20,144.6648712158203,144.9674945787487,143.2884086013903,143.9327121522913,60549600,56.832113716465706,1.5516958383344388,1.8792739121840247,146.88016970800714,140.2625884707038,143.57137908935547
2021-08-23,146.14874267578125,146.6173203855108,144.3720292286724,144.78203658666283,60131800,60.40606227728717,1.5992138110048586,1.8232618919481918,147.0407233782071,140.19408191964445,143.61740264892578
2021-08-24,146.06089782714844,147.2714065930409,145.60207679709836,145.89494350289067,48606400,60.088896411171135,1.61121076678441,1.7808516669154355,147.33966479485312,140.1947926026078,143.76722869873046
2021-08-25,144.83084106445312,146.7442235104866,144.28416462153382,146.24634576040117,58991300,55.68029363196994,1.5041245286555522,1.725506239263459,147.35849595444702,140.52709211928342,143.94279403686522
2021-08-26,144.0303497314453,145.57276688380205,144.00106455542348,144.82109417148567,48597200,52.95728738319637,1.3392271755949423,1.6482504265297557,147.33885434930752,140.75348268682527,144.0461685180664
2021-08-27,145.06515502929688,145.21158091727293,143.33725507209095,143.97178711441077,55802400,55.955907691734076,1.2773208153265898,1.5740645042891228,147.39485825445948,140.98626357171239,144.19056091308593
2021-08-30,149.47760009765625,149.8388087234133,145.07488865020937,145.45561079403902,90956700,65.92881374369358,1.5662522386284365,1.5725020511569858,148.33727058520122,140.8070211018105,144.57214584350587
2021-08-31,148.2183380126953,149.16526528048843,147.69117494824357,149.02859613337498,86453100,61.63925200797035,1.6743200280147619,1.5928656465285411,148.85713034874473,140.7450501322123,144.80109024047852
2021-09-01,148.8821258544922,151.293371319359,148.71617155840954,149.1945209265185,80313700,63.00563087378733,1.7928596905204017,1.6328644553269134,149.43941421762415,140.7269996617704,145.08320693969728
2021-09-02,149.9949951171875,151.03954929712242,148.77472989529102,150.20976298790652,71115500,65.24100789101095,1.9540770916099746,1.6971069825835257,150.18601896420503,140.6451944147012,145.4156066894531
2021-09-03,150.6295623779297,150.9517142276546,149.44833892893834,150.1023993889916,57808700,66.484599455915,2.1087390865785665,1.779433403382534,150.91730436934824,140.71049714432365,145.81390075683595
2021-09-07,152.96273803710938,153.5191714127496,150.7174463222015,151.2836513561049,82278300,70.6434227692732,2.3920040744050084,1.9019475375870292,152.08875284893176,140.57383870380264,146.3312957763672
2021-09-08,151.42025756835938,153.30433974824393,150.31713314223805,153.2457694062931,74420200,64.90902200682153,2.46362915198236,2.0142838604660955,152.62186504964,140.96909869547716,146.79548187255858
2021-09-09,150.405029296875,152.39649574316758,150.2878736971047,151.7912489116524,57305700,61.37755921248361,2.4106832492025205,2.0935637382133807,152.855643344335,141.53678829628998,147.1962158203125
2021-09-10,145.42636108398438,151.7814983871202,145.1627795675759,151.31292061025323,140893200,47.67811834690537,1.9445705249227672,2.063765095555258,152.85454826142728,141.5456928274399,147.2001205444336
2021-09-13,145.9925537109375,147.81806596111582,145.21158088499752,147.04686479158386,102404300,49.070312942758164,1.602388508620919,1.9714897781683902,152.8541220808446,141.5900460099757,147.22208404541016
2021-09-14,144.5965576171875,147.4763957492906,143.4153491043727,146.7735217186003,109296300,45.83220015216546,1.2046748358503123,1.8181267897047748,152.8197263300644,141.3315782964004,147.0756523132324
2021-09-15,145.4849090576172,145.88515965134906,142.88818092204215,145.02608811276684,83281300,48.175839140958345,0.9502129582910754,1.644544023422035,152.80225286169758,141.23581171349775,147.01903228759767
2021-09-16,145.25059509277344,145.42632102057476,143.71794980690362,144.9089297875281,68034100,47.59095215602004,0.721327889409082,1.4599007966194446,152.6680952081516,141.60718555356715,147.13764038085938
2021-09-17,142.58560180664062,145.27995796165817,142.29273506424897,145.27995796165817,129868800,41.43009390280928,0.32118966287947615,1.232158569871451,152.73148019950537,141.48132802803372,147.10640411376954
2021-09-20,139.53981018066406,141.39460787991925,137.909537174392,140.37935348466607,123478900,35.73614826240153,-0.23893836126444512,0.9379391836442718,153.30284589715805,140.3974562268654,146.85015106201172
2021-09-21,140.0181427001953,141.16032435989862,139.38361057442205,140.50624891873463,75834000,37.19596831700506,-0.6369045796338071,0.6229704309886561,153.64983672146067,139.43740540500417,146.54362106323242
2021-09-22,142.38059997558594,142.94679012081193,140.28173414994058,141.0138935295288,76404300,43.966170199595936,-0.7529851722893568,0.34777931033305354,153.69325462345,139.0259577178586,146.3596061706543
2021-09-23,143.33724975585938,143.5813028239796,142.17555476827644,143.1615238009879,64838200,46.48203546380428,-0.7590365353761683,0.12641614119120917,153.709183779437,138.86066943101218,146.2849266052246
2021-09-24,143.42515563964844,143.96207555718027,142.09750588712538,142.19513310697567,53477900,46.71876964523945,-0.7481152076304909,-0.04849012857313084,153.7202523839784,138.78908141729113,146.25466690063476
2021-09-27,141.91197204589844,142.48794860245857,140.39885495340664,142.00959923062172,74150700,43.178116090661696,-0.8517428847371207,-0.20914067980592882,153.7862439295064,138.40777157342328,146.09700775146484
2021-09-28,138.53428649902344,141.30672576458994,138.31951860844126,139.84240736288436,108972300,36.52410014953127,-1.1926711895173696,-0.405846781748217,153.74008391794547,137.35960022512091,145.5498420715332
2021-09-29,139.4324493408203,141.0139090076542,138.65147627104002,139.0810122042103,74602000,39.20693972958033,-1.3745402478825497,-0.5995854749750835,153.61751347494226,136.60358180093664,145.11054763793945
2021-09-30,138.13401794433594,140.94551367693097,137.91925008166186,140.2426397437822,89056700,36.786350215051485,-1.6049445474849904,-0.8006572894770649,153.41071444184706,135.7355700430162,144.57314224243163
2021-10-01,139.25669860839844,139.52028013802934,135.80091312494108,138.52453927839463,94639600,40.22284255291352,-1.6776121987869317,-0.9760482713390384,152.79540483981242,135.27704999417193,144.03622741699218
2021-10-04,135.83021545410156,138.82719517325862,134.98091529074117,138.38788760314102,98322000,34.12526195829234,-1.988765143610891,-1.178591645793409,152.20166829930562,134.39085184229592,143.29626007080077
2021-10-05,137.7533416748047,138.85646652806082,136.04496985928344,136.17188224652747,80861100,39.6545963902106,-2.056470172307314,-1.35416735109619,150.56384530690468,134.50773519846643,142.53579025268556
2021-10-06,138.62216186523438,138.76858776803195,135.07850605934124,136.15234566592073,83221100,42.02227068084497,-2.016772271652826,-1.4866883352075173,148.97319434532085,134.81857658973775,141.8958854675293
2021-10-07,139.88148498535156,140.7893703718494,139.32505159657362,139.6569602773058,61732700,45.36818885328035,-1.8622279436474685,-1.5617962568955077,147.31204005198938,135.42737645191684,141.3697082519531
2021-10-08,139.500732421875,140.7502829805711,139.16882381318146,140.60385709315267,58773200,44.531409610315016,-1.7502976581810117,-1.5994965371526086,146.76267142266528,135.38418221503002,141.07342681884765
2021-10-11,139.41285705566406,141.36528138783962,138.43664488957629,138.8857090401355,64452200,44.328197994662304,-1.6496665787448421,-1.6095305454710553,146.00243747798936,135.4864464941786,140.74444198608398
2021-10-12,138.14378356933594,139.84239816609858,137.68496264197734,139.82286975119803,73035900,41.390626833303514,-1.653261577198606,-1.6182767518165655,145.48293552231283,135.36067104507,140.42180328369142
2021-10-13,137.55810546875,138.03644005527403,135.88877555756454,137.8802573777795,78762700,40.070869795987726,-1.683958343815135,-1.6314130702162795,144.66225751471268,135.38866869378342,140.02546310424805
2021-10-14,140.34027099609375,140.45742659800283,138.14379338196727,138.7295267040612,69907100,48.47543049243259,-1.4668789782272427,-1.5985062518184723,143.75715314498683,135.80274065384128,139.77994689941406
2021-10-15,141.39459228515625,141.45316264244676,140.0962280805495,140.35005282323274,67940300,51.2647297808553,-1.1959805806678787,-1.5180011175883537,143.5611073647765,135.8796854819032,139.72039642333985
2021-10-18,143.06393432617188,143.347029376178,139.75457479053856,140.03766984054468,85589200,55.383202354008226,-0.836941951608253,-1.3817892843923336,144.00223204509822,135.79097321613224,139.89660263061523
2021-10-19,145.22132873535156,145.62157933226283,143.06390800766076,143.51295730034732,76378900,60.078552467325515,-0.37400624148042994,-1.180232675809953,144.87407564467722,135.4394482200689,140.15676193237306
2021-10-20,145.70945739746094,146.18780683574556,144.59657585778285,145.16278083703227,58418800,61.07664161739944,0.03189389467377168,-0.9378073617132081,145.55002314735964,135.09638645957398,140.3232048034668
2021-10-21,145.92422485351562,146.0804224119474,144.35252229936606,145.27016433537898,61421000,61.53234018957733,0.3666758053097965,-0.6769107283086073,146.0837254899902,134.82138162670904,140.45255355834962
2021-10-22,145.15301513671875,146.6075619891813,145.1042015405824,146.12922747617256,58883400,58.86714488945988,0.5632696803336046,-0.42887464658016494,146.39828416833538,134.67960889807088,140.53894653320313
2021-10-25,145.1042022705078,145.8168331110648,144.10846150842693,145.14324421012236,50720600,58.69385837504637,0.7069832890410339,-0.20170305945592518,146.86469187059274,134.53242421827443,140.69855804443358
2021-10-26,145.76805114746094,147.25188335627817,145.46541277347194,145.77780790953028,60893400,60.40109820393942,0.8644792371694336,0.011533399869146588,147.51788289190966,134.6026096618013,141.06024627685548
2021-10-27,145.3092041015625,146.16826078037482,144.95776708428832,145.80706700277705,56094900,58.598295155678365,0.9414187001365804,0.19751045992263333,148.02015423153028,134.68801379825487,141.35408401489258
2021-10-28,148.9407196044922,149.52643805425132,146.1585085567286,146.256135746264,100077900,66.99467547379004,1.2806640323230454,0.41414117440271575,149.154328666177,134.63450952962378,141.8944190979004
2021-10-29,146.2366180419922,146.373287179863,142.92725865743117,143.7179883048137,124953200,57.623514470120696,1.316148267285996,0.5945425929793718,149.63249611152477,134.85433402763536,142.24341506958007
2021-11-01,145.4166259765625,146.13901372017423,144.2842158593394,145.44591116098886,74588300,55.10626963256671,1.2635379929658654,0.7283416729766705,149.61240566093983,135.8330655304664,142.7227355957031
2021-11-02,146.4513397216797,147.96447141770574,145.11391904923408,145.12369070330908,69122000,57.62198541406295,1.2904610911236603,0.8407655566060684,149.83240324419523,136.48286775189854,143.1576354980469
2021-11-03,147.8864288330078,148.35500663634056,146.25615583539988,146.8125891838913,54511500,60.895024786568804,1.4113286203147766,0.9548781693478101,150.2580509005158,136.98364679235527,143.62084884643554
2021-11-04,147.36900329589844,148.80402155525002,147.05660823548425,147.97425010568048,60394600,59.12200552191718,1.448665774181535,1.0536356903145552,150.59105569827935,137.39939382564646,143.9952247619629
2021-11-05,147.8969268798828,148.79635114627666,146.7042085245969,148.49328605752575,65463900,60.389227914203744,1.5035230806436743,1.1436131683803792,150.88068128399146,137.94938768573508,144.41503448486327
2021-11-08,147.07571411132812,148.18044870579655,146.80197694204415,148.0240232040466,55020900,57.407935990509394,1.4638584351592385,1.207662221736151,150.93241585247623,138.66393882281673,144.79817733764648
2021-11-09,147.43740844726562,148.04353851031115,146.70418082227025,146.84104938223388,56787900,58.382459093598335,1.444953107972367,1.2551203989833941,150.67599855833595,139.84971860474997,145.26285858154296
2021-11-10,144.61207580566406,146.7726603269792,144.54364896685252,146.66511965093986,65187100,48.959032671702836,1.1882918789890766,1.2417546949845306,149.74067030552268,141.49044389125467,145.61555709838868
2021-11-11,144.56324768066406,146.08835974457867,144.3774941748553,145.6288838585832,41000000,48.81239629098867,0.9697671126461955,1.1873571785168637,149.21698113985337,142.436430725381,145.8267059326172
2021-11-12,146.63580322265625,147.03662312152338,144.18192440007093,145.11067671997742,63804000,54.97648793778805,0.9528388390875193,1.140453510630995,148.8130029721695,143.3645299868149,146.0887664794922
2021-11-15,146.64556884765625,148.483531417499,146.08830852560698,147.00728981052836,59222800,55.00398313934862,0.9294964086459743,1.0982620902339908,148.6184369135003,143.9172594976325,146.2678482055664
2021-11-16,147.6232147216797,148.1022623119589,146.0003334167105,146.5869216938867,59256200,57.783479958521234,0.978604472653501,1.0743305667178928,148.75773992011594,144.01814508964966,146.3879425048828
2021-11-17,150.05751037597656,151.53373689410836,147.61341784542643,147.62318884522813,88807000,63.7825794204344,1.2001160909776445,1.0994876715698432,149.4387108919582,143.771979415659,146.6053451538086
2021-11-18,154.33953857421875,155.12165110785514,149.62733629184328,150.27258025090998,137827700,71.46422388912833,1.7015748380602815,1.2199051048679308,151.40681294750988,142.6454087321776,147.02611083984374
2021-11-19,156.95962524414062,157.41911583313842,153.02952027938457,154.12446895909494,117305600,74.96337917758899,2.2840742194086943,1.4327389277760836,153.68520025583942,141.54768243459026,147.61644134521484
2021-11-22,157.41915893554688,161.99449424357113,157.3996020130381,158.064388202726,117467900,75.53012925284874,2.751077001039903,1.6964065424288473,155.53079442441148,140.9335839325221,148.2321891784668
2021-11-23,157.80043029785156,158.18170822428823,155.50297681960475,157.5169071447605,96041900,76.01525299310711,3.116025875937197,1.9803304091305174,157.1354772110887,140.53213906088394,148.83380813598632
2021-11-24,158.31854248046875,158.5140669022848,156.0699743356913,157.1551520319611,69463600,76.69150624028333,3.407775101596144,2.265819347623643,158.58002961291788,140.38852049694538,149.48427505493163
2021-11-26,153.3032684326172,156.8618668141861,152.8633347292546,156.001556326016,76959800,59.27065114884639,3.1974396694308496,2.4521434119850842,158.94362991668476,140.46117507599104,149.7024024963379
2021-11-29,156.65658569335938,157.5853380225465,155.23899986098183,155.80603121042097,88748200,64.99602924145262,3.2637099850365416,2.614456726595376,159.79337096176263,140.6534307960499,150.22340087890626
2021-11-30,161.60342407226562,161.8185054389282,156.34373142534065,156.41217318635103,174048100,71.38617040075201,3.6730574820758477,2.8261768776914704,161.53246323929824,140.53301832808455,151.0327407836914
2021-12-01,161.0852508544922,166.49158221025922,160.85061260681175,163.73463874085127,152052500,69.94575932235385,3.9105773728446422,3.043056976722105,162.90514559517095,140.6237270854931,151.76443634033203
2021-12-02,160.09783935546875,160.52800204808736,154.27113083970096,155.19011206164845,136739200,67.16463176601664,3.9733356021819475,3.2291127018140733,163.92946704201233,140.8205466908978,152.37500686645507
2021-12-03,158.22079467773438,161.271032766341,156.14820866843905,160.3520514474846,118023100,62.10900285665964,3.8274892195108805,3.348788005353435,164.49993509679334,141.3352577743004,152.91759643554687
2021-12-06,161.6229705810547,164.12571914002814,160.6062196554979,160.61599065605895,107497000,66.96302412088164,3.941002647375228,3.467230933757794,165.53628351852763,141.6715137226833,153.60389862060546
2021-12-07,167.35186767578125,167.74293136363414,164.57538262102042,165.2988392553825,120405400,73.19097990761992,4.442031994171657,3.662191145840567,167.5617581122847,141.67365448537154,154.61770629882812
2021-12-08,171.16468811035156,172.02501344578044,166.8826332677211,168.280661937793,116998900,76.38212188060245,5.088111522833458,3.9473752212391457,170.16957846352938,141.4385621004355,155.80407028198243
2021-12-09,170.65631103515625,172.7973384356804,170.03062395661755,170.9984899495763,108923700,75.09854758107261,5.495760714244284,4.257052319840174,171.89311626967532,142.31944781723877,157.10628204345704
2021-12-10,175.43699645996094,175.61297891700764,170.78344865474102,171.29182418696914,115402700,78.7200500729612,6.133879451211641,4.632417746114467,174.29784661625166,143.0020923485921,158.64996948242188
2021-12-13,171.8099365234375,178.0570365302883,171.6046261840087,177.06961358561998,153237000,70.35947849254822,6.27459015388547,4.960852227668668,175.53837855159017,144.2789737433317,159.90867614746094
2021-12-14,170.43148803710938,173.76523433574428,168.3589020297747,171.33091243496327,139380400,67.42848727987243,6.203366578394196,5.2093550978137735,176.11775268750563,146.07819152636154,161.09797210693358
2021-12-15,175.29034423828125,175.4858686850592,168.45665517933287,171.19404218690133,131063300,71.87582301067121,6.464472060044159,5.460378490259851,177.37797169979797,147.58468546572936,162.48132858276367
2021-12-16,168.40774536132812,177.08916675225177,166.9315188519041,175.27076132354634,150185800,59.485651795943205,6.04633345793269,5.577569483794418,177.35222330232557,149.44545736173694,163.39884033203126
2021-12-17,167.31280517578125,169.59070130648584,165.8952344280195,166.12985777423478,195432700,57.779220624357244,5.562482248224143,5.574552036680364,177.45136408902925,150.64364323518947,164.04750366210936
2021-12-20,165.95388793945312,166.76532847471316,163.71510567618958,164.51676029378936,107499100,55.64570657063044,5.011602777341153,5.461962184812522,177.5177299526237,151.47670364112628,164.497216796875
2021-12-21,169.1214599609375,169.3267554134747,165.33799395674112,167.72343104614094,91185900,59.408236177203705,4.775573577909171,5.324684463431852,177.8267921622006,152.33787153408844,165.08233184814452
2021-12-22,171.712158203125,171.92723953166936,168.30019977990446,169.17029609354066,92135300,62.230275695125094,4.742893311885837,5.20832623312265,178.37441015287465,153.18142633394177,165.7779182434082
2021-12-23,172.33787536621094,172.8951357013555,171.35046721642092,171.9174985527305,68356600,62.90113540018004,4.7131538080751625,5.109291748113153,178.8959836476995,154.0617861276911,166.4788848876953
2021-12-27,176.2973175048828,176.38530127238838,173.11022561335014,173.12976761664484,74919600,66.9067398600155,4.951995406658,5.077832479822122,179.18099093128524,156.07618375133194,167.6285873413086
2021-12-28,175.28053283691406,177.27492068975482,174.5375340801528,176.1310871789595,79144300,64.96684196709315,5.001577991502785,5.062581582158256,179.4051986866506,157.71437071032207,168.55978469848634
2021-12-29,175.36851501464844,176.59056116138325,174.15623986676752,175.31963018526795,62348900,65.06124085574271,4.990445227522343,5.048154311231073,179.98683798472834,158.5092405064826,169.24803924560547
2021-12-30,174.21493530273438,176.53194546765312,174.10739462067014,175.45653864701077,59773000,62.67655965254742,4.8328283530542535,5.005089119595709,180.16150648677745,159.6475404492577,169.90452346801757
2021-12-31,173.5989990234375,175.22186501048878,173.29591904054473,174.10735949284833,64062300,61.382876034534625,4.60512986384839,4.925097268446246,179.90044550967713,161.25871739315488,170.579581451416
2022-01-03,177.93971252441406,178.79026689432098,173.73588518068755,173.8531968520303,104487900,66.61298296179909,4.720521242880693,4.884182063333135,179.52018216724923,163.61087252025078,171.56552734375
2022-01-04,175.68138122558594,178.84893075193062,175.1143499260673,178.54586564233023,99310400,61.914735594833765,4.576980695573525,4.8227417897812135,178.97048546927294,165.56641028268018,172.26844787597656
2022-01-05,171.0082550048828,176.1408490374331,170.7345178498846,175.5933747274367,94537600,53.50510768202797,4.039575830982471,4.666108598021465,178.79687054396527,166.105663940898,172.45126724243164
2022-01-06,168.15359497070312,171.37980064842037,167.80164498917833,168.83793801323478,96904000,49.11636106063017,3.344774913479597,4.401841861113091,178.89911804888462,165.70230712201382,172.30071258544922
2022-01-07,168.3197784423828,170.24572473108867,167.2052727402814,169.02367835082143,86709100,49.376684913491225,2.775554928407871,4.076584474572048,178.9745499036796,165.39322200794152,172.18388595581055
2022-01-10,168.33934020996094,168.64240533418686,164.40923476090865,165.29888813158135,106765600,49.409495180494,2.29951508192309,3.7211705960422563,178.64434689241082,165.0136593942103,171.82900314331056
2022-01-11,171.16468811035156,171.26244286002324,166.99995985190662,168.46641535499305,76138300,54.042513064256674,2.1257279682476735,3.40208207048334,178.6182462125506,164.9752352327619,171.79674072265624
2022-01-12,171.6046600341797,173.2177554801649,170.91054596180936,172.18146241376857,74805200,54.73764907209501,2.0004426284569377,3.12175418207806,178.64905591100538,165.06174273401413,171.85539932250975
2022-01-13,168.33934020996094,172.6702655459411,167.94827640647682,171.84905393496263,84505800,48.83399123513545,1.6190061782164946,2.8212045813057474,178.27419010378918,164.74150813839833,171.50784912109376
2022-01-14,169.19964599609375,169.89375992557677,167.2639139583208,167.5083232130091,80440800,50.353270071801504,1.3703381254607336,2.5310312901367444,178.2497221907039,164.8451661149602,171.54744415283204
2022-01-18,166.0027618408203,168.68147761318977,165.62148401611884,167.6745127192973,90956700,45.00541689883762,0.9048742412518038,2.205799880359756,178.37147286246304,164.59241110970495,171.481941986084
2022-01-19,162.51260375976562,167.25414945182573,162.22909557704548,166.19829964047344,94815000,40.009473456036226,0.2514654338672244,1.8149329910612497,178.88121455891374,163.7385409952855,171.30987777709962
2022-01-20,160.83108520507812,165.88546757565922,160.50846314939517,163.24585020445963,91420500,37.83057535780132,-0.3974684786612386,1.3724526971167523,179.70677332837494,162.08394475023835,170.89535903930664
2022-01-21,158.778076171875,162.61041256635795,158.67053547305397,160.74312175844747,122848900,35.30269875371505,-1.0651357292605894,0.8849350118412841,180.5053792509327,159.99193062455558,170.24865493774413
2022-01-24,158.00567626953125,158.67047714081284,151.24043048620277,156.44146612794097,162294600,34.37211552741762,-1.6377144992417811,0.380405109624671,181.0321063419466,158.0319836238737,169.53204498291015
2022-01-25,156.20687866210938,159.12023349113454,153.5086052215586,155.42476587834437,115798400,32.2406612158364,-2.2111465127907195,-0.13790521485840707,180.96027748090825,156.09476860063472,168.52752304077148
2022-01-26,156.11888122558594,160.71377291639465,154.29070450112417,159.84367643647036,108275300,32.135675647588315,-2.6422380965441334,-0.6387717911955524,180.70625682194796,154.43262409846218,167.56944046020507
2022-01-27,155.65940856933594,160.17608801928634,154.74042714136695,158.81717279980649,121954600,31.55783616357948,-2.986530026803422,-1.1083234383171263,180.18163620349415,152.98633407238478,166.58398513793946
2022-01-28,166.52088928222656,166.54044619647436,159.15928486994983,162.00421173203972,179935700,53.049636096479844,-2.355796980516118,-1.3578181467569248,179.33924658088262,153.0593190929455,166.19928283691405
2022-01-31,170.87139892578125,171.0864802658057,165.71924760028926,166.3547206203823,115541600,58.650500952310665,-1.487737021340621,-1.3838019216736641,178.9469558818767,153.1788497821858,166.06290283203126
2022-02-01,170.70523071289062,170.93008309016165,168.45666218750117,170.11864243059435,86213900,58.36411314888832,-0.8039343806064494,-1.2678284134602211,177.5996645971127,153.80269288579743,165.70117874145507
2022-02-02,171.9076690673828,171.94678289724823,169.45380581653876,170.84204842565634,84914300,59.89038143193649,-0.16310891721582266,-1.0468845142113414,176.87976073535106,154.1452255317388,165.51249313354492
2022-02-03,169.0334014892578,172.29871983009215,168.27084595729548,170.57806946664553,89418100,54.72613567517462,0.1115348033362693,-0.8152006507018192,176.62153577367536,154.205965141852,165.41375045776368
2022-02-04,168.74957275390625,170.42346859121156,167.0756769166009,168.05455952783922,82465400,54.22886348233143,0.3027988470645937,-0.5916007511485367,176.68343779297416,154.20366090087347,165.44354934692382
2022-02-07,168.0349884033203,170.27662295458384,167.3399751947351,169.20964451994723,77251200,52.9249708209174,0.39219501464469886,-0.3948415979898896,176.65529994565594,154.20331974428547,165.4293098449707
2022-02-08,171.1380615234375,171.64708470161528,167.8098514342005,168.10351922686326,74829200,57.68321962986208,0.7053038846995037,-0.17481250145201097,177.0046662846852,154.13382553660387,165.56924591064453
2022-02-09,172.55743408203125,172.91961588647231,171.20657123174874,172.3322952525055,71285000,59.69025787432481,1.055805751841632,0.0713111492067176,177.22571201694365,154.05205440151337,165.6388832092285
2022-02-10,168.48529052734375,171.7743370940817,167.92733513885554,170.462637822063,90865900,52.06123594316933,0.9935401419427023,0.25575694775391455,176.82573649291984,154.14009297485362,165.48291473388673
2022-02-11,165.07879638671875,169.42503845048873,164.49146072642745,168.69087634340775,98670700,46.685735929174854,0.6616910273344843,0.33694376367002854,176.58727956681753,154.0524955186317,165.31988754272462
2022-02-14,165.31369018554688,165.99890498473425,163.04267549502603,163.83556797241158,86185500,47.09141177950723,0.41289261064102334,0.3521335330642275,176.2518029017431,153.99937660265144,165.12558975219727
2022-02-15,169.14111328125,169.29773807776493,166.654758116967,167.35955476472148,62527400,53.32375360517628,0.5185812478103173,0.3854230760134455,176.5415093323611,154.0235053160764,165.28250732421876
2022-02-16,168.90618896484375,169.67949961629867,166.4589825612284,168.22097415914394,61177400,52.91176658317704,0.5767355765024433,0.42368557611124513,176.8914774159135,154.31289575303182,165.60218658447266
2022-02-17,165.31369018554688,168.27970312361404,164.91234475439344,167.41828169802858,69589300,46.93931166795712,0.32914450033158005,0.40477736095531214,176.90382171332763,154.74881195366456,165.8263168334961
2022-02-18,163.76705932617188,166.93862933962222,162.68049906023276,166.23384762062662,82772700,44.604999762106964,0.008033993178230503,0.32542868739989583,176.72352556048284,155.42800642193905,166.07576599121094
2022-02-22,160.8499755859375,163.16992227378196,158.72578746937097,161.4960266681506,91162800,40.5127613913413,-0.4763417053016781,0.16507460885958108,176.50050938674082,155.93545252732167,166.21798095703124
2022-02-23,156.6897735595703,162.64136771002168,156.3765239008277,162.04424861753867,90009200,35.50930860350492,-1.1822779075781682,-0.10439589442796876,176.43236477873137,156.0518866250772,166.24212570190429
2022-02-24,159.30335998535156,159.4110376690062,148.79015546543386,149.35790916683425,141147500,40.48244287975359,-1.5133973493840358,-0.38619618541918216,176.0384052888737,156.76429399091145,166.40134963989257
2022-02-25,161.36883544921875,161.63312305071847,157.472871153436,160.3801542624622,91974200,44.1479980052184,-1.5908074465657762,-0.6271184376485011,175.32014283887372,158.05349912889972,166.68682098388672
2022-02-28,161.63308715820312,161.92675492011216,158.99989062280463,159.61659142915732,95056600,44.61794209797042,-1.6122476149052432,-0.8241442730998495,175.35297960411137,157.53188215125974,166.44243087768555
2022-03-01,159.75367736816406,163.08188800417662,158.54965565066482,161.2220016361372,83474400,41.916586705822894,-1.7605967030956151,-1.0114347590990027,175.0072122308482,156.76587736876115,165.88654479980468
2022-03-02,163.0426788330078,163.82578787806702,159.50891214996344,160.91850544375748,79724800,47.865340507000816,-1.5943903538772304,-1.1280258780546484,174.42378689076227,156.5830475208588,165.50341720581054
2022-03-03,162.71966552734375,165.34307890598984,162.0540324670775,164.91236813214016,76678400,47.35241180919547,-1.4717694567490867,-1.1967745937935361,173.5337618733767,156.55427218424046,165.04401702880858
2022-03-04,159.72427368164062,162.05401907314567,158.67687705595137,161.01640589639365,83737200,42.77477347034501,-1.5978752890637793,-1.2769947328475848,173.1626194162891,155.9945018605664,164.57856063842775
2022-03-07,155.93603515625,161.53524604361925,155.68151606537282,159.91029698865853,96418800,37.79811464779285,-1.9806624156769317,-1.417728269413454,173.07590206519313,154.79986545189672,163.93788375854493
2022-03-08,154.11526489257812,159.4403881412621,152.50989817230385,155.4661275372027,131148300,35.65114384847102,-2.4032418388642043,-1.614830983303604,173.11637511499117,153.36742005102445,163.2418975830078
2022-03-09,159.5088653564453,159.95915777963944,156.04362863956564,158.0699072025435,91454900,45.52258951347442,-2.276676485681179,-1.7472000837791193,171.95937047797543,153.36150507134096,162.6604377746582
2022-03-10,155.1724853515625,157.0029911685478,152.6861150001443,156.81700107101284,105342000,40.18508708238155,-2.497492616930913,-1.897258590409478,170.45557514686124,153.12680552940827,161.79119033813475
2022-03-11,151.46249389648438,155.91641251914996,151.23735509056115,155.57379764949783,96970100,36.26717151163201,-2.9379889883500994,-2.1054046699976023,170.13504950770397,151.74505150547964,160.9400505065918
2022-03-14,147.43930053710938,150.86538982544317,146.9302923114544,148.2517749321591,108732100,32.559888447420505,-3.5705643736759782,-2.3984366107332775,170.75689316969084,149.35925825853184,160.05807571411134
2022-03-15,151.81492614746094,152.28480063427574,147.204396636905,147.71340492610565,92964300,39.77099158941195,-3.6764289217673536,-2.654035072940093,170.36986290712863,148.39641211728545,159.38313751220704
2022-03-16,156.21990966796875,156.62125521924412,151.1982508293672,153.73355381345266,102300200,46.02766454213127,-3.3660799088438296,-2.79644404012084,168.8363913544023,148.63776330868362,158.73707733154296
2022-03-17,157.22808837890625,157.60006847550426,154.30123952375973,155.26054010615638,75615400,47.3750968866659,-3.0041445752381435,-2.837984147144301,167.12008964596575,149.18625495852646,158.1531723022461
2022-03-18,160.51719665527344,161.00663805311925,156.3863100625295,157.12047215929823,123511700,51.618734701810304,-2.4239627325578113,-2.755179864227003,166.34179126048303,149.48490399098182,157.91334762573243
2022-03-21,161.8876190185547,162.83713639325782,159.56765695852218,160.05709828830467,95811400,53.30819734280652,-1.8324593597965588,-2.5706357633409143,166.02358901761113,149.61516220309198,157.81937561035156
2022-03-22,165.25497436523438,165.84229498697945,161.42753966012307,162.01486028186812,81532000,57.257750309763935,-1.07952712431063,-2.2724140355348577,166.776661432024,149.3025896666088,158.0396255493164
2022-03-23,166.61563110351562,168.99430889731204,164.1096788423283,164.44251031244588,98062700,58.77518607765537,-0.36877822992957476,-1.8916868744138011,168.00670106102598,149.06513579200134,158.53591842651366
2022-03-24,170.3941192626953,170.46263328488442,166.61563143205333,167.4476727675763,90131400,62.731979998877115,0.4936967767129943,-1.4146101441884422,169.88264182252095,148.29827095824078,159.09045639038087
2022-03-25,171.03036499023438,171.578536843318,169.10196511927478,170.20810721060892,80546200,63.369536442297,1.214553529108855,-0.8887774095289829,171.53229100188685,147.61477473297646,159.57353286743165
2022-03-28,171.8917999267578,172.0190445148475,168.36781639958284,168.53422465828777,90371900,64.26100682342657,1.8342047285820229,-0.3441809819067818,173.180706633195,146.99223037852377,160.0864685058594
2022-03-29,175.1808624267578,175.22979461470234,172.61617948078282,172.95879441578631,100589400,67.51203913232416,2.5611591757067913,0.23688704961593282,175.5079160631862,146.2077394543919,160.85782775878906
2022-03-30,174.0159454345703,175.8170856417981,172.96853399467147,174.77947258625517,92633200,65.24815223092003,3.008595530337118,0.7912287457601699,177.12569777489884,145.68728440283556,161.4064910888672
2022-03-31,170.92271423339844,174.27049138056103,170.7171422878286,174.0845012718467,103049300,59.53893403330879,3.0781116037535696,1.2486053173588498,178.0704853446003,145.56280170373955,161.81664352416993
2022-04-01,170.62905883789062,171.18702920461877,168.3091113767006,170.35497284823808,78751300,59.011033704746865,3.074072067287176,1.613698667344515,179.02484653250548,145.69891903145935,162.36188278198242
2022-04-04,174.67184448242188,174.720791608407,170.75631338866327,170.88357292891146,76468400,63.77323592961201,3.3583764469152584,1.962634223258664,180.50892552161952,146.0884209749625,163.298673248291
2022-04-05,171.3632049560547,174.53479031608524,170.73672061862993,173.7516811601631,73401800,57.84952215595923,3.2789128909944054,2.2258899568058124,181.1716024440456,147.1505380588841,164.16107025146485
2022-04-06,168.20140075683594,169.963392443072,166.5373033062765,168.72020734548278,89058800,52.802021725235996,2.927064893785456,2.366124944201741,181.5526677356017,147.63872630736705,164.59569702148437
2022-04-07,168.50482177734375,169.69905954306716,166.26318757309542,167.54552117320154,77594700,53.22381222061763,2.6422481694738167,2.421349589256156,181.72615942908388,148.798468256463,165.26231384277344
2022-04-08,166.4981689453125,168.15248323813117,165.6269638660641,168.15248323813117,76575500,50.03893488034183,2.2289152032046786,2.3828627120458608,181.21330670967302,150.81488848075668,166.01409759521485
2022-04-11,162.24978637695312,165.46052001953282,162.0050657338506,165.1472853633742,72246700,44.03153407221933,1.540775777418645,2.2144453251204177,179.50812507011844,154.00111870429564,166.75462188720704
2022-04-12,164.11947631835938,166.28279871101802,163.12101178667447,164.47187468621496,79265200,47.04467107313642,1.1332255584971165,1.9982013717957574,178.22746057694715,156.51223821455673,167.36984939575194
2022-04-13,166.80160522460938,167.42808955183875,163.24827119923606,163.85517369033073,70618900,51.11081728406662,1.014964581111343,1.8015540136588746,177.48894704398455,158.30892130318344,167.898934173584
2022-04-14,161.7994842529297,167.653212444084,161.55476362429968,167.0169298477089,75329400,44.2818054165993,0.5117138280840834,1.5435859765439166,176.86973698432567,159.38527095024463,168.12750396728515
2022-04-18,161.58413696289062,163.08182595142617,160.1158132536157,160.4584131571765,69023900,44.00918506582077,0.09441885225524516,1.2537525516861823,176.74794088427328,159.61376108105875,168.18085098266602
2022-04-19,163.86492919921875,164.2760730051198,160.4486387361769,161.53519893963082,67723800,47.682917074957295,-0.05165411396916397,0.992671218555113,176.59599055428637,159.96344242911206,168.27971649169922
2022-04-20,163.69850158691406,165.31366652875272,162.59237461814482,165.1961904824443,67929800,47.43832388591067,-0.17878637152003307,0.7583797005400837,176.65788961386386,159.74589609170255,168.2018928527832
2022-04-21,162.90567016601562,167.90776176039836,162.40644532626558,165.3430936610523,87227800,46.22194215885533,-0.3395997764362164,0.5387838051448238,176.76127861325276,159.27151099856363,168.0163948059082
2022-04-22,158.37344360351562,164.32505289369502,158.08957416008516,162.94483948037262,84882400,39.92034948130107,-0.8232682408128653,0.266373395953286,177.0327730049114,157.79794904098702,167.4153610229492
2022-04-25,159.44039916992188,159.72426854560663,155.113739965227,157.71755627231695,96046400,41.92755416066479,-1.1077155310719604,-0.00844438945176329,176.89855087816872,156.77317458569846,166.8358627319336
2022-04-26,153.48883056640625,158.9118348666905,153.4105181477024,158.82373899686115,95623200,34.9194378560274,-1.7927185612582832,-0.3652992238130673,177.24651976297585,154.58490876485618,165.91571426391602
2022-04-27,153.263671875,156.41566043489684,152.09879906936447,152.61760570667977,88063200,34.68324678616143,-2.326933382955133,-0.7576260556414804,176.5854725300102,153.05423694264604,164.81985473632812
2022-04-28,160.18435668945312,161.04577820352466,155.57381282317428,155.88706244158715,130216800,46.63199110174456,-2.1668825784825003,-1.0394773602096845,175.25933927325397,152.99721132489057,164.12827529907227
2022-04-29,154.3208465576172,162.69029635210208,153.92929946524063,158.42236732431553,131747600,39.96182978270409,-2.484537228475432,-1.328489333862834,174.75019556840863,151.8461682621578,163.2981819152832
2022-05-02,154.6243133544922,154.88860092145774,150.0333512355366,153.4007100151784,123055300,40.43669390437224,-2.680889962155362,-1.59896945952134,174.02556129862668,150.9703279835999,162.4979446411133
2022-05-03,156.1121826171875,157.31621889046943,153.01892515604405,154.8102670522691,88966500,42.82445302483002,-2.685485695938496,-1.8162727068047713,171.9601568863937,151.17976620930943,161.56996154785156
2022-05-04,162.5140838623047,162.9643614673084,155.89682831665468,156.29817374379095,108256500,51.781316382744045,-2.147789539651683,-1.8825760733741537,170.5173851425638,151.7376258437643,161.12750549316405
2022-05-05,153.4594268798828,160.61505617925764,151.6778534074066,160.38991736716943,130525300,41.805902204654885,-2.424350207373408,-1.9909309001740045,169.75782207653864,151.02299152209415,160.3904067993164
2022-05-06,154.1848907470703,156.302387766656,151.14588956385867,152.93987884779835,116124600,42.757395436199786,-2.5555291091191066,-2.103850541963025,168.63157523102313,150.71724526458235,159.67441024780274
2022-05-09,149.06759643554688,152.76341048572758,148.50882129057032,151.8811126841976,131577900,38.03347994555805,-3.037398973125505,-2.2905602281955213,168.3097590935798,149.29600415104912,158.80288162231446
2022-05-10,151.46939086914062,153.6555174482576,149.92048190900607,152.45952464307155,115366700,41.31087385588727,-3.1887219718965127,-2.4701925769357196,168.14304889993943,148.3846747939082,158.26386184692382
2022-05-11,143.6170196533203,152.3908891933398,142.94059580220576,150.4792663261752,142689800,34.82570707437509,-3.8973411480145046,-2.755622291151477,168.61604900402995,145.8614290233138,157.23873901367188
2022-05-12,139.75450134277344,143.32286770290355,136.0685012982066,139.96037524904284,182602000,32.1519696033334,-4.71623408686267,-3.1477446502937156,168.73075051029667,143.0420171288635,155.8863838195801
2022-05-13,144.2150115966797,145.18553469561974,140.2937279042498,141.74459868206603,113990900,38.065540971884715,-4.948246436510573,-3.507845007537087,168.50296892376917,141.51135144976598,155.00716018676758
2022-05-16,142.67591857910156,144.61696502202452,141.3426813570236,142.68573136301794,86643800,36.871369010480436,-5.196408872121168,-3.8455577804539036,168.21527269659867,139.9082258385576,154.06174926757814
2022-05-17,146.3031005859375,146.8226694807634,143.7934664467187,145.9305738468132,78336300,41.52700847447459,-5.042271943668254,-4.0849006130967735,166.96977062232284,139.39754505150526,153.18365783691405
2022-05-18,138.04876708984375,144.46005783667513,137.14685888931075,143.96009966859182,109742900,35.170373209986664,-5.522512954469988,-4.372423081371417,166.29486461658115,137.50747760753995,151.90117111206055
2022-05-19,134.6470947265625,138.87227582415818,133.91185397987616,137.1273056487035,136095600,32.93307399705323,-6.107194015223428,-4.71937726814182,165.80208484747408,135.17439983270168,150.48824234008788
2022-05-20,134.8823699951172,137.93116906609265,130.00037534307543,136.3528515735585,137426100,33.24935350093227,-6.476911417294019,-5.07088409797226,165.6007644403239,133.02661287901205,149.31368865966797
2022-05-23,140.29371643066406,140.4407585737006,134.941158046499,135.07840236616943,117726300,40.2309212069001,-6.261090732692651,-5.308925424916339,164.39894812649482,132.31376091891536,148.3563545227051
2022-05-24,137.5978546142578,139.17617200488684,134.62748321427134,138.03899606760518,104132700,38.093335896038866,-6.235703495265966,-5.494281038986264,164.07604746843595,131.04756398175937,147.56180572509766
2022-05-25,137.75469970703125,138.99969650386015,135.61759232548434,135.7058176181396,92482700,38.29874301073394,-6.132239202186014,-5.621872671626214,163.6104026572934,129.962311576105,146.7863571166992
2022-05-26,140.95054626464844,141.49952360823443,134.44121569632296,134.68629593603174,90601500,42.486195063503374,-5.726355039738706,-5.642769145248713,161.6442485389648,130.00508465195315,145.82466659545898
2022-05-27,146.69522094726562,146.73442720207444,142.40141055796454,142.5288570634857,90978500,49.16478398793688,-4.884832373228022,-5.491181790844575,160.78588281025867,130.10088781962412,145.4433853149414
2022-05-31,145.91094970703125,147.69514080945274,143.9503080341332,146.1364342695409,103718400,48.339505828250736,-4.232415085316944,-5.239428449739049,159.76640398783962,130.2490302772971,145.00771713256836
2022-06-01,145.78353881835938,148.75391017683245,144.773794451972,146.95010821381516,74286600,48.19795911012546,-3.683193120547685,-4.928181383900776,158.35528789929626,130.62728198595764,144.49128494262695
2022-06-02,148.23431396484375,148.29313081917098,143.96991252402043,144.920824891666,72348100,51.16041034671701,-3.015413870133756,-4.5456278811473725,155.09141403472003,132.4631788607878,143.7772964477539
2022-06-03,142.51905822753906,145.05808578629097,141.6171647882395,144.0091352358549,88570300,44.735416587300634,-2.9137791444931906,-4.2192581338165365,153.64086122896364,132.8196948013098,143.23027801513672
2022-06-06,143.2640838623047,145.6462712304333,142.0484806619193,144.13656879270374,71598400,45.69286593306093,-2.74151309348872,-3.9237091257509737,151.80493518630834,133.5635401554885,142.68423767089843
2022-06-07,145.78353881835938,146.06782531945106,141.26425852389363,141.50933876771822,67808200,48.91596856655242,-2.374322338019425,-3.613831768204664,151.28650229526386,133.75356728481427,142.52003479003906
2022-06-08,145.0482940673828,146.92069570984725,144.5581335933167,145.65608826850138,53950200,48.02029027321999,-2.1182314716980954,-3.3147117089033507,150.05384289129978,134.34411700860255,142.19897994995117
2022-06-09,139.8330078125,145.0385107098106,139.72517188798733,144.1856360986281,69473000,42.127773822930045,-2.3094853207338986,-3.1136664312694604,149.9011088962218,134.1184498195985,142.00977935791016
2022-06-10,134.43141174316406,137.9899664897166,134.36278209908923,137.51941663931075,91437900,37.05596589930794,-2.863905711455601,-3.0637142873066887,150.25589862876208,133.23135112709727,141.74362487792968
2022-06-13,129.2847137451172,132.53937106937602,128.85337019356888,130.25522177759234,122207100,32.981623016004846,-3.676206362589369,-3.186212702363225,150.9997601007004,130.99445987000271,140.99710998535156
2022-06-14,130.14743041992188,131.25519810555883,128.89262054526836,130.5101594170188,84784300,34.285936401376475,-4.201909458648913,-3.389352053620363,151.39170226598137,129.3496688888038,140.37068557739258
2022-06-15,132.76483154296875,134.63724775917188,129.5591934714462,131.6472664900923,91533000,38.214734728863085,-4.357104564450822,-3.582902555786455,150.8365300924274,128.5510141580609,139.69377212524415
2022-06-16,127.50052642822266,129.78467578709342,126.50059498012912,129.48077871917013,108123900,33.83343507149671,-4.848987125848566,-3.8361194697988776,151.50500836160327,126.82771182272288,139.16636009216307
2022-06-17,128.97100830078125,130.4611001773296,127.2554468176956,127.51033981148552,134520300,36.03934765782392,-5.061802691231321,-4.081256114085367,151.86809962882984,125.89701191291823,138.88255577087403
2022-06-21,133.1961669921875,134.36275100339577,130.696361206463,130.7943843000857,81000500,42.020591698129316,-4.833804475721223,-4.231765786412538,151.9078841627158,125.68860707873927,138.79824562072753
2022-06-22,132.68643188476562,135.04899374439103,131.27476747959807,132.1374396483602,73409200,41.51618335243682,-4.640749933953856,-4.313562615920802,151.77106385155494,125.0646989353103,138.41788139343262
2022-06-23,135.5489959716797,135.86269092971577,132.96094899420544,134.1275334387869,72433800,45.47453891548325,-4.208257645761734,-4.292501621888988,151.72353733741025,124.90733958519715,138.3154384613037
2022-06-24,138.87228393554688,139.1173641987572,137.01947774401722,137.14690930909833,89116800,49.72854394929948,-3.55634746677552,-4.145270790866295,151.77891832730973,124.96371701814928,138.3713176727295
2022-06-27,138.87228393554688,140.666273257268,138.1958600157244,139.8918112487565,70207900,49.72854394929948,-3.005063452278904,-3.9172293231488173,151.62555835771855,124.90925075483028,138.2674045562744
2022-06-28,134.7353057861328,140.59762053174873,134.61767206581916,139.3330131628478,67083400,44.694287968601174,-2.8689153907060074,-3.7075665366602557,150.52629037178673,124.81252722464882,137.66940879821777
2022-06-29,136.4901123046875,137.90177718278738,133.98049250296057,134.75495460399418,66242400,47.138827359174634,-2.5895679234270688,-3.483966814013619,149.49086182363604,124.90587203256516,137.1983669281006
2022-06-30,134.0294647216797,135.64698810352084,131.1375212724895,134.5490335635321,98964500,44.18932160103628,-2.537486177355305,-3.2946706866819566,148.31498725927045,124.90633918726277,136.6106632232666
2022-07-01,136.1959686279297,136.3038045198631,132.9903302157903,133.36284196732555,71051600,47.31505373104843,-2.2949376467166758,-3.094724078688901,146.42769631450963,125.5897955983322,136.0087459564209
2022-07-05,138.7742462158203,138.82326526029516,134.23535494237336,135.05883599741875,73353800,50.843399791641254,-1.873079045652787,-2.8503950720816786,145.89459105773085,125.7484196539391,135.82150535583497
2022-07-06,140.10745239257812,141.28383440664965,138.30366564043456,138.56835645511603,74064300,52.61072716636528,-1.4148647880334124,-2.5632890152720256,145.35711928798509,125.9702282767122,135.66367378234864
2022-07-07,143.469970703125,143.66603189279604,140.4603783389641,140.47017616296918,66253700,56.82674096794764,-0.7715061193930239,-2.2049324360962252,144.80081551155956,126.29517524161429,135.54799537658693
2022-07-08,144.14639282226562,144.64636610420064,142.1465445700594,142.40142264422445,64547800,57.64310511000547,-0.20469849064770074,-1.8048856470065204,144.57714402251406,126.42865660614804,135.50290031433104
2022-07-11,142.01905822753906,143.75423009408246,140.95051223046443,142.80331779694055,63141600,54.17366053239642,0.072012401703347,-1.429506037264547,144.9415226019342,126.28288306823178,135.612202835083
2022-07-12,142.98960876464844,145.52863633565593,142.19555121961218,142.89157069008422,77588800,55.489909664085,0.365410865603053,-1.070522656691027,145.88440799252328,126.19581737979115,136.04011268615722
2022-07-13,142.62686157226562,143.56796105129766,139.32317069836506,140.17605986446435,71185600,54.8557253720889,0.5621801326209379,-0.7439820988286341,146.43758441805886,126.97685573697045,136.70722007751465
2022-07-14,145.54823303222656,146.0187828364424,140.43095716603992,141.24462523992875,78140700,58.926956462190205,0.9429813542116392,-0.40658940822057943,147.4439385380152,127.51058187824455,137.47726020812988
2022-07-15,147.2147674560547,147.89119117713278,145.28353435270415,146.83244295612025,76259900,61.08308040525116,1.3635265803876848,-0.052566210498926624,148.7718468231299,127.6276671844385,138.19975700378419
2022-07-18,144.17579650878906,148.58724039251226,143.81306761767442,147.77357228115997,81420900,55.37455392152919,1.435049783673776,0.2449569883356139,148.6894171247499,129.37762389087513,139.0335205078125
2022-07-19,148.02847290039062,148.25394254490203,144.01896354895925,145.0090823866063,82982400,60.42412286151792,1.7820686461633102,0.5523793199011532,149.23493271608282,130.73785475950314,139.98639373779298
2022-07-20,150.02830505371094,150.6949310490213,147.41085002655058,148.14609070693865,64823400,62.77852688411557,2.1931718167984684,0.8805378192806163,150.5052329538669,131.15076832787136,140.82800064086913
2022-07-21,152.2928466796875,152.50851845862235,148.94994906470606,151.45956799212024,65086600,65.29619770913993,2.6709149797181624,1.2386132513681254,151.949140913834,131.6675018473965,141.80832138061524
2022-07-22,151.05763244628906,153.2045374479934,150.3910214648786,152.3320525114364,66675400,62.800924577190415,2.9162417926779653,1.5741389596300934,153.05777644640622,132.10972996228517,142.5837532043457
2022-07-25,149.94009399414062,151.98896129458768,149.28328071900498,150.97923186102722,53623900,60.54655804455955,2.986067518413222,1.8565246713867194,153.93289971678044,132.34138769777033,143.13714370727538
2022-07-26,148.61663818359375,150.0773065915356,147.83237855759032,149.2636385384265,55138700,57.89599192092846,2.901170201627565,2.0654537774348887,154.48557634197573,132.76314649737975,143.62436141967774
2022-07-27,153.70449829101562,154.23387992265205,149.16562296270044,149.57735592146827,78620700,64.35616316995497,3.2074626235228436,2.29385554665248,155.47632767367227,133.6693144161715,144.57282104492188
2022-07-28,154.2534942626953,154.53778073211737,151.37134852302864,153.8907653704556,81378700,64.9805427348725,3.454677588577397,2.5260199550374636,156.4795258936066,134.44245439203792,145.46099014282225
2022-07-29,159.3119659423828,160.4099356728857,156.36120501340108,158.06696899861157,101786900,70.16623913007349,4.012519788198318,2.8233199216696345,158.00563083217506,135.4445995755398,146.72511520385743
2022-08-01,158.3316192626953,160.3706884793457,157.72382510643268,157.84145882480365,67829400,68.0626939086303,4.325644627832816,3.123784862902271,159.10663783550766,136.55715763568375,147.8318977355957
2022-08-02,156.86114501953125,159.21392420256825,156.48863324172908,156.94938527079637,59907000,64.91887817630875,4.404372472788822,3.3799023848795815,159.86034517123488,137.61214018032763,148.73624267578126
2022-08-03,162.86070251464844,163.3116417148104,157.58657171952115,157.67479700322565,82507500,70.83748403025446,4.89445873300258,3.6828136545041814,161.85628479596124,137.8915255678083,149.87390518188477
2022-08-04,162.54701232910156,163.89986001020398,161.19416464799912,162.74307352499065,55474100,70.17087797879927,5.197628423690503,3.985776608341446,163.6284423868463,138.0270721395209,150.8277572631836
2022-08-05,162.32122802734375,162.81206933981915,160.01426786699392,160.22042780912037,56697000,69.66273707740413,5.357911018548606,4.260203490382878,165.07989218899658,138.3931058578784,151.7364990234375
2022-08-08,161.84999084472656,164.7361398246356,161.19226535966965,163.32251461167718,60276900,68.54703963454908,5.384838164983108,4.485130425302924,165.98264087729447,139.47345043129926,152.72804565429686
2022-08-09,161.8991241455078,162.78264764526216,160.25971568153318,161.0156156250441,63135500,68.60350058775518,5.348488720628183,4.657802084367976,166.71050352556648,140.63653932111322,153.67352142333985
2022-08-10,166.13998413085938,166.23814341245296,163.8428352480907,164.60854654925055,70170500,73.09314807922203,5.5973605938752655,4.845713786269434,167.93011913525916,141.76823596727988,154.84917755126952
2022-08-11,165.4036865234375,167.85789272456063,165.10917878344554,166.94492022851418,57149200,71.18973721873569,5.669822103161977,5.010535449647943,168.96241746330998,142.7214829883502,155.8419502258301
2022-08-12,168.9475860595703,169.01629605421468,166.29703098384925,166.70935086886797,68039400,74.61605534657738,5.944684820121864,5.197365323742727,170.59934051724974,143.257841794762,156.92859115600587
2022-08-15,170.017578125,170.2139116101504,168.2112860947607,168.3781703061028,54091700,75.56108665067154,6.177642899083423,5.393420838810867,171.7095264824755,144.73183399115732,158.2206802368164
2022-08-16,169.86053466796875,170.52808660786044,168.51563433427114,169.61511402434292,56377100,75.11904710296572,6.277231740454454,5.570183019139584,172.85863368190547,145.76593296848517,159.31228332519532
2022-08-17,171.35269165039062,172.92337473871223,169.40896440067246,169.6052979143018,79542000,76.52431936985812,6.402754247357649,5.7366972647831975,174.1883596190931,146.56864569096552,160.3785026550293
2022-08-18,170.9600067138672,171.69626861182405,169.94887490568271,170.5673396933382,62290100,75.31869870238967,6.396806937347094,5.8687191992959775,175.33133282403497,147.29238848944158,161.31186065673828
2022-08-19,168.37818908691406,170.5575254675204,168.1720291679761,169.8605242913159,70346300,67.759944026091,6.1132923175266285,5.917633822942108,175.68723130344495,148.6685456740941,162.17788848876953
2022-08-22,164.50054931640625,166.74859572706774,164.0784180378036,166.58171149389958,69026800,58.29711322367905,5.512170940617921,5.83654124647727,175.21479026712427,150.59703224264138,162.90591125488282
2022-08-23,164.16676330566406,165.61966421752064,163.59738564765863,164.01951691966545,54147100,57.55204820413044,4.951763331748538,5.659585663531524,174.10319309506176,153.26364192691088,163.68341751098632
2022-08-24,164.46128845214844,165.03066617037743,163.2047358944321,164.25514348994625,53841500,58.06137930988266,4.47976207344513,5.423620945514246,173.5818066160094,154.86070742207656,164.22125701904298
2022-08-25,166.91546630859375,167.02345197761028,165.2662469773801,165.6883632421721,51218200,62.138127484847956,4.2546839698931365,5.189833550390024,173.07610283602227,156.63260840665353,164.8543556213379
2022-08-26,160.6229248046875,167.91683533755338,160.5640262370915,167.44563181749547,78961000,48.988853920867065,3.5278851765434354,4.8574438756207075,172.98323574236358,156.8565713865427,164.91990356445314
2022-08-29,158.42396545410156,159.9161124345619,156.89254277561915,158.19816763869952,73314000,45.37526636266626,2.7428365420882983,4.434522408914226,172.9728489557856,156.8761927922613,164.92452087402344
2022-08-30,155.9991912841797,159.58232691391927,154.83098655063566,159.1602105704912,77906200,41.72073237207581,1.903083273138634,3.9282345817591082,173.10923279203942,156.65361358247227,164.88142318725585
2022-08-31,154.34014892578125,157.6386032608909,154.2616125155062,157.37354474862363,87991100,39.3835198370943,1.0911241047942895,3.360812486366145,173.85634667042083,155.0544443452042,164.4553955078125
2022-09-01,155.0665740966797,155.51813965771387,151.83683028732435,153.77074600824525,74229900,40.943545513957766,0.500487743174034,2.7887475377277227,174.31464880146797,153.84809839091486,164.0813735961914
2022-09-02,152.95596313476562,157.42262194968552,152.13135334781393,156.82379496598037,76957800,37.892190541943314,-0.13633293304209815,2.2037314435737585,174.9258539915546,152.30036671157043,163.6131103515625
2022-09-06,151.69940185546875,154.21250676362826,150.8747921160952,153.60386838160778,73714800,36.164181189246804,-0.7339513662261368,1.6161948816137797,175.54396488245635,150.66719692174286,163.1055809020996
2022-09-07,153.10321044921875,153.80019664109167,150.7962505650505,151.98409298992328,87449600,39.484442914481704,-1.0818220871255733,1.076591487865909,175.84372475347587,149.48784568109446,162.66578521728516
2022-09-08,151.6306915283203,153.49588236025656,149.88328282837716,151.80738719524012,84923800,37.2932729984721,-1.4595078127210002,0.5693716277485272,175.85051618707226,148.03012498724414,161.9403205871582
2022-09-09,154.48739624023438,154.92916542303703,151.91539245059826,152.62220516793604,68028800,43.8082347154564,-1.510897588659077,0.1533177844670064,175.57238049883762,147.21663164715847,161.39450607299804
2022-09-12,160.4363555908203,161.25115382171967,156.3820172588061,156.66669857838036,104956000,54.42683472922379,-1.0593811676104394,-0.08922200594848279,174.7189089061159,147.2189801930052,160.96894454956055
2022-09-13,151.0220489501953,157.59931943362142,150.56065692569356,156.97104316313002,122656600,41.168438294688734,-1.4445550863531196,-0.36028862202941014,173.76201390297493,146.27632227866567,160.0191680908203
2022-09-14,152.46510314941406,154.22232317214238,150.79624593389804,151.95462406702927,87965400,43.44272586941486,-1.6147519231927276,-0.6111812822620737,172.48664063975298,145.81215239003217,159.14939651489257
2022-09-15,149.5789794921875,152.3964188629796,148.60712326254628,151.81721471946022,90481100,40.10358192641005,-1.9599273785786409,-0.8809305015253872,170.77588410279557,145.34553771116927,158.06071090698242
2022-09-16,147.93959045410156,148.577693242223,145.65226780231728,148.44025825358446,162278800,38.302644560357734,-2.3388061073057997,-1.1725056226814696,168.89239776519435,144.9269824227939,156.90969009399413
2022-09-19,151.65032958984375,151.72886599832884,146.36888718799335,146.5750321533895,81474200,44.39003487096888,-2.3129819767358697,-1.4006008934923497,167.02838502624147,145.11820921203977,156.07329711914062
2022-09-20,154.02598571777344,155.1843789131033,150.2759661753886,150.5900968013731,107689800,47.93199275202727,-2.076879596691157,-1.5358566341321112,165.823388438405,145.275749440013,155.549568939209
2022-09-21,150.9042510986328,155.83230196535132,150.78645397951445,154.4579373320565,101696800,43.96890652670783,-2.1172582190184244,-1.6521369511093738,164.5434103796341,145.2294762780807,154.8864433288574
2022-09-22,149.94219970703125,151.6405063427645,148.14571882351763,149.58879338602387,86652500,42.79459339941631,-2.201510433345362,-1.7620116475565717,162.97539390591083,145.3455838772923,154.16048889160157
2022-09-23,147.67449951171875,148.6954577569954,145.83875792782328,148.42058784002563,96029900,40.07746276728416,-2.423330725867544,-1.8942754632187662,160.26074359284195,146.13613751067368,153.1984405517578
2022-09-26,148.00833129882812,150.95337992464147,146.89902485639834,146.9186627081055,93339400,40.67462024417508,-2.542874792822147,-2.0239953291394426,159.098231382366,146.03719037056368,152.56771087646484
2022-09-27,148.98011779785156,151.8859043349913,147.20327502469917,149.94217734892632,84442700,42.471863424679626,-2.5300346141001455,-2.1252031861315834,158.21686285387068,145.97417413343402,152.09551849365235
2022-09-28,147.09532165527344,147.8806707549768,142.1869085062377,144.93562286555536,146691400,39.944314906964415,-2.6414964499612097,-2.2284618388975086,157.86568737220648,145.43496265220756,151.65032501220702
2022-09-29,139.8701171875,144.03245634378814,138.103085707034,143.4238179924611,128138200,32.06629011134423,-3.275091162666655,-2.437787703651338,158.85427823894418,142.99936861164178,150.92682342529298
2022-09-30,135.66851806640625,140.4787712884576,135.47218456289696,138.69210195416497,124925300,28.541102271114625,-4.069344600655114,-2.764099083052093,160.06718092733746,139.84666032022113,149.9569206237793
2022-10-03,139.84068298339844,140.44933637961338,135.1678792129988,135.67835835777296,114311700,36.05819603364072,-4.312426365237513,-3.0737645394891775,160.217477391729,138.38483584069286,149.30115661621093
2022-10-04,143.42381286621094,143.541609967603,141.61750576224773,142.3734054478465,87830100,41.72765858064532,-4.167896858344221,-3.2925910032601866,160.03365562228763,137.74109871120848,148.88737716674805
2022-10-05,143.7183074951172,144.6803670999918,140.39040452379436,141.43100052371705,79471000,42.18141623736647,-3.983671640570975,-3.4308071307223447,159.6050871711281,137.2311768669578,148.41813201904296
2022-10-06,142.76611328125,144.83746445591814,142.55996829483985,143.13915751475955,68402200,41.06789929518414,-3.8698961891133195,-3.51862494240054,159.31893737771156,136.63086883566734,147.97490310668945
2022-10-07,137.52389526367188,140.47876912027488,136.89561907456743,139.9290143479333,85925600,35.51011181588082,-4.154837130950597,-3.6458673801105514,158.92383403824383,135.32962207747883,147.12672805786133
2022-10-10,137.84783935546875,139.2909136665795,136.03173592220895,137.84783935546875,74899000,36.085733209952416,-4.304891193375454,-3.7776721427635325,156.76111276803664,135.23349172415084,145.99730224609374
2022-10-11,136.43421936035156,138.76081689569904,135.68814610919395,137.337365394685,77033700,34.6330101112122,-4.486163735417108,-3.919370461294248,156.5361166663314,133.99970486687175,145.26791076660157
2022-10-12,135.8059539794922,137.78895683135124,135.6292583188671,136.5814915458878,70433700,33.978307336150124,-4.627180045342612,-4.060932378103921,155.91288871902464,132.9570178971863,144.43495330810546
2022-10-13,140.3708038330078,140.9598044199806,131.90868942611982,132.5173428390662,113224000,42.485723092836594,-4.320783946054007,-4.112902691693938,155.32823808372964,132.62085096656332,143.97454452514648
2022-10-14,135.84524536132812,141.87277603175662,135.65872326737428,141.66661609125816,88598000,37.34760453827004,-4.392503530437068,-4.168822859442564,155.09656631958748,131.64308822142814,143.3698272705078
2022-10-17,139.8014373779297,140.282452315822,137.7006369919499,138.48598615048115,85250900,43.751734101128946,-4.08304340257024,-4.151666968068099,153.9552976627962,131.59946765702804,142.77738265991212
2022-10-18,141.1168670654297,144.0128276023933,138.03438444661543,142.82500010106065,99136600,45.737804996225684,-3.689123915323364,-4.059158357519152,152.05788152394484,132.20597193064498,142.1319267272949
2022-10-19,141.224853515625,142.2948839097448,138.9080820775627,139.09460416043055,61758300,45.90666069045551,-3.329841934526627,-3.9132950729206475,150.7232801281446,132.57263356814445,141.64795684814453
2022-10-20,140.76345825195312,143.21766459219867,140.0370077826972,140.40024050696854,64522000,45.25861126910769,-3.0472127462804792,-3.740078607592614,149.43017104947936,132.94786850130188,141.18901977539062
2022-10-21,144.57241821289062,145.14179598739213,140.03703386545854,140.2530052619691,86548600,51.36268755064868,-2.487204892550949,-3.489503864584281,148.88869341283393,133.17913800806448,141.0339157104492
2022-10-24,146.71246337890625,147.47817461798252,143.3256613631015,144.49386606815804,75981900,54.43679883877165,-1.8493922315986424,-3.1614815379871537,148.61120489591775,133.3270397329885,140.96912231445313
2022-10-25,149.54953002929688,149.69679141311283,146.62411995147127,147.34074408565283,74732300,58.2079582297935,-1.1022870552475865,-2.7496426414392405,148.76210536806678,133.233080483984,140.9975929260254
2022-10-26,146.61428833007812,149.20592954793565,145.32827166402765,148.19479776463467,88194300,53.293310732279565,-0.7385369010042666,-2.347421493352246,148.66498675806426,133.282095761467,140.97354125976562
2022-10-27,142.14764404296875,146.31979510961392,141.48991849585923,145.35775035197634,109180200,46.81558383421272,-0.8014445933636125,-2.0382261133545194,148.77758386211877,133.39725134295935,141.08741760253906
2022-10-28,152.8872528076172,154.61500878306214,145.11232844918345,145.4853576495381,164762400,59.547350737190314,0.015122951892209358,-1.6275563003051738,150.788497809926,133.1082108692732,141.9483543395996
2022-10-31,150.53118896484375,151.4147121907347,149.1372016307876,150.35449330723716,97943200,56.35980071637283,0.4667633950264758,-1.208692361238844,152.01439692220382,132.95136235513993,142.48287963867188
2022-11-01,147.8905029296875,152.6025832094668,146.39835590820144,152.2393653788708,80379300,52.93931871219498,0.6046404870419622,-0.8460257915826828,152.5205768511002,132.89185143259118,142.7062141418457
2022-11-02,142.37342834472656,149.3826416112209,142.34397906464244,146.22162239502856,93604600,46.578923808385,0.2656648459513349,-0.6236876640758793,152.4430974313441,132.83484293730825,142.63897018432618
2022-11-03,136.33607482910156,140.18426855678922,136.20845130657773,139.45781809061094,97918500,40.80184875908588,-0.48455412590405444,-0.5958609564415143,152.4983091910881,132.13662733234938,142.31746826171874
2022-11-04,136.0706024169922,140.28900066971147,132.13735779737468,139.71867839937045,140814800,40.56360988424487,-1.0879878247521333,-0.6942863301036382,152.58102147636814,131.90858576240137,142.24480361938475
2022-11-07,136.60157775878906,136.8277351131925,133.40581664759068,134.82178704829124,83374600,41.30184865874754,-1.506007785760346,-0.8566306212349798,152.6383218590804,131.72665922002113,142.18249053955077
2022-11-08,137.17190551757812,139.069688836373,135.19545550623369,138.06672226567505,89908500,42.13324554274058,-1.7708575888604514,-1.0394760147600741,152.59875994077635,131.83998975404785,142.2193748474121
2022-11-09,132.61920166015625,136.23779535819637,132.343875672757,136.18862678813056,74917800,37.55986287320533,-2.3213589378772213,-1.2958525993835037,152.91528262766514,131.20479183522548,142.0600372314453
2022-11-10,144.41891479492188,144.41891479492188,137.1719158689749,138.88288280173376,118854000,52.07860035327446,-1.7849215232181734,-1.3936663841504378,153.135098359737,131.38978719934502,142.262442779541
2022-11-11,147.20167541503906,147.5064994693465,141.9606252113591,143.3864383750097,93979700,54.75077728700695,-1.1223082112882992,-1.3393947495780103,153.48709653175396,132.17343203269914,142.83026428222655
2022-11-14,145.8053436279297,147.77196548965426,144.9695233350431,146.4838305708861,73374100,53.14926441261608,-0.7017651811264329,-1.2118688358876948,153.76733252013966,132.4935866693135,143.13045959472657
2022-11-15,147.53598022460938,151.02673737922098,146.08068410249945,149.67960607049233,89868300,54.90971978915345,-0.22622609643681812,-1.0147402879975196,154.21254098018903,132.69028952518204,143.45141525268554
2022-11-16,146.3068389892578,147.36881668355312,144.83187247009243,146.6411761367448,64218300,53.37569375939006,0.05087418300917079,-0.8016173937961816,154.4843240463876,132.92670500634677,143.70551452636718
2022-11-17,148.20465087890625,148.95196191687904,143.71091192910288,143.98623783804743,80389400,55.445415480181765,0.41878818023357667,-0.55753627899023,154.93788390242983,133.21726441299987,144.07757415771485
2022-11-18,148.76512145996094,150.15159363499748,147.4671586821555,149.76810292744864,74829600,56.065695331208275,0.7469772764879963,-0.2966335678945847,155.33782857693996,133.2365900631968,144.28720932006837
2022-11-21,145.5398406982422,147.86045501907074,145.25468713947097,147.65396813268248,58724100,51.61270941362659,0.7383055700375678,-0.08964574030815423,155.23947647567368,133.21767989639662,144.22857818603515
2022-11-22,147.67364501953125,147.9096450709946,144.47788413446048,145.65786938764137,51804100,54.20421056687833,0.8933157678782209,0.10694656132912081,154.9936919420112,133.27587592908253,144.13478393554686
2022-11-23,148.54879760742188,149.29610855403772,146.8476588015229,146.95582360996656,58301400,55.262502922604625,1.074395009461142,0.30043625095552506,155.2108342767466,133.2521845220815,144.23150939941405
2022-11-25,145.63818359375,146.3953372169929,144.66470036386627,145.8348427804778,35195900,51.038146791266634,0.9718366590755352,0.43471633257952713,155.35825001582546,133.4538227380808,144.40603637695312
2022-11-28,141.8131103515625,144.19272111621666,140.9871327315936,142.7177546502144,69246000,46.055591153282634,0.5752755657034356,0.46282817920430885,154.13255609629783,133.57210241200295,143.8523292541504
2022-11-29,138.81402587890625,142.39327767480953,138.007718580844,141.8819517027843,83763800,42.54829045345124,0.018780499679223794,0.37401864329929185,153.28972464305792,133.24321755664909,143.2664710998535
2022-11-30,145.55955505371094,146.23804217919428,138.20439151332914,139.04019702693043,111380900,51.495449108911714,0.12067096047448445,0.32334910673433037,153.00824968679703,133.29159772531236,143.1499237060547
2022-12-01,145.83485412597656,146.64117635966434,144.1632284025417,145.7365320270306,71250400,51.82519210533199,0.2210856809880113,0.3028964215850666,153.24206540120463,133.40392458902977,143.3229949951172
2022-12-02,145.3432159423828,145.53004745802463,143.2192602974079,143.5240993516398,65447400,51.1563582422303,0.25801968747416026,0.2939210747628853,153.18767728759306,134.35902681396945,143.77335205078126
2022-12-05,144.1829376220703,148.40133640660238,143.33728932207632,145.30391187981684,68826400,49.531700710250654,0.1914583771181526,0.2734285352339388,152.90470668949277,135.45323093257755,144.17896881103516
2022-12-06,140.5249786376953,144.84171332835018,139.55149534602168,144.61555599946504,64727200,44.71072184930081,-0.15467565541425188,0.18780769710430067,152.5709627052486,136.17931500471232,144.37513885498046
2022-12-07,138.58786010742188,140.97729872796708,137.6635453309665,139.81699890501977,69721100,42.359442291937775,-0.5786285761333545,0.034520442456769634,152.41291118392977,136.47896198501556,144.44593658447266
2022-12-08,140.26934814453125,141.12483916127653,138.745227663254,139.98419447504244,62128300,45.06029665287972,-0.7700555671708287,-0.12639475946875003,151.02536921576035,138.63151860162247,144.8284439086914
2022-12-09,139.78749084472656,143.14058484738695,138.5485094221092,139.96447961702353,76097000,44.417991723624866,-0.9496971758920836,-0.29105524275341677,151.1722876123831,138.0214578099802,144.59687271118165
2022-12-12,142.07861328125,142.0884409898644,138.7058487137347,140.31847817047847,70462700,48.1989372248217,-0.89685166441663,-0.41221452708605943,150.8893797844648,137.79205942451958,144.3407196044922
2022-12-13,143.04226684570312,147.4671667934874,141.83279839446703,147.00500937638787,93886200,49.74733520650983,-0.7683553051058141,-0.48344268269001034,150.73837294024992,137.6667585905118,144.20256576538085
2022-12-14,140.8199462890625,144.2123655486997,138.8041561479606,142.9242308011848,82291200,46.309504285546495,-0.8362044662312655,-0.5539950393982614,150.37305462634464,137.3604735108624,143.86676406860352
2022-12-15,134.22198486328125,139.43353745953314,133.7598273780729,138.75505030022137,98931900,37.92894178222953,-1.4061663504661794,-0.724429301611845,150.8969787686626,135.62806395594677,143.26252136230468
2022-12-16,132.26516723632812,135.35276341025192,131.49818579850947,134.40879318099954,160156900,35.85643749103775,-1.9927924083505673,-0.9781019229595895,151.1285546962887,133.80253966406286,142.46554718017578
2022-12-19,130.16085815429688,132.94362978303496,129.12839371956332,132.85513540362356,79592600,33.722469300237265,-2.5975549456202884,-1.3019925274917292,151.22711714681296,131.8435508829722,141.53533401489258
2022-12-20,130.09205627441406,131.0261987808424,127.72227301817315,129.19723960857664,77432800,33.65195024262336,-3.0472584516129473,-1.651045712315973,151.46466550459039,130.06122408281195,140.76294479370117
2022-12-21,133.1894989013672,134.52680273214906,130.53456166494178,130.7607190395491,85928000,39.759453210251905,-3.1177742259343972,-1.944391415039658,150.73213649375535,129.34533848183057,140.03873748779296
2022-12-22,130.0232391357422,132.31435609146064,128.12545567267372,132.10786913644063,77852100,36.10111314763823,-3.3900705634619612,-2.233527244724119,149.9057276482459,128.3191914801721,139.112459564209
2022-12-23,129.65940856933594,130.21006041152802,127.4764566205478,128.7350936895975,63814900,35.694684288094564,-3.5937983880363333,-2.505581473386562,149.41741396906065,127.20962765691591,138.3135208129883
2022-12-27,127.85992431640624,129.21689825725943,126.57178934548487,129.18740012847,69007800,33.67534387916575,-3.8560078389988064,-2.775666746509011,149.4799097145684,125.75181330789253,137.61586151123046
2022-12-28,123.93653869628906,128.8432592520272,123.76937760067857,127.50595548300566,85438400,29.726681116915287,-4.330476115414683,-3.086628620290145,150.1264165433303,123.61755776086895,136.87198715209962
2022-12-29,127.44693756103516,128.30241331797103,125.59831560715068,125.8539710621533,75703700,36.86045892768533,-4.372828546582241,-3.3438686055485647,149.19778757239928,122.73492498253238,135.96635627746582
2022-12-30,127.7615966796875,127.78126710171549,125.30332657301084,126.26697469654856,77034200,37.47318164686611,-4.33107683450956,-3.541310251340764,147.93865992497433,122.18672688532841,135.06269340515138
2023-01-03,122.98270416259766,128.71540148347327,122.09772277878758,128.10575347623433,112117500,32.34012679082373,-4.63023057331435,-3.7590943157354815,146.93843510057206,120.95090053175215,133.9446678161621
2023-01-04,124.25120544433594,126.51282423450829,122.99256829233606,124.77235918676688,89113600,34.889620218289,-4.710653137386714,-3.949406080065728,145.7032157652658,120.19294664928493,132.94808120727538
2023-01-05,122.93353271484376,125.63763785036863,122.67787726715528,125.0083194371755,80962700,33.47841885737952,-4.825093106036661,-4.124543485259915,145.03674816182175,119.10026966044389,132.06850891113282
2023-01-06,127.45677947998048,128.115596113896,122.80572219640976,123.907033324828,87754700,42.13135441105178,-4.498938432335123,-4.199422474674956,144.26693200121744,118.75697775830403,131.51195487976074
2023-01-09,127.9779281616211,131.18353181246084,127.72227268810084,128.2925949020793,70790800,43.050505330865256,-4.150561075972718,-4.189650194934509,143.07679819030423,118.71796957092623,130.89738388061522
2023-01-10,128.5482635498047,129.06941726347972,125.98182082594904,128.08610610497774,63896200,44.0969880833995,-3.7848191723468005,-4.108683990416967,141.8407171024604,118.8301279292779,130.33542251586914
2023-01-11,131.26222229003906,131.2818777117784,128.2827904454057,129.05959971999454,69458900,48.90816478509091,-3.238639272309541,-3.9346750467954825,139.9824950975276,119.60671083508959,129.7946029663086
2023-01-12,131.1835479736328,132.019353473187,129.2464237509339,131.6457054280313,71379600,48.777111894934684,-2.7800889909987063,-3.7037578356361274,137.42800083181334,120.9753332135968,129.20166702270507
2023-01-13,132.510986328125,132.6683196907436,129.46273119909978,129.82655147153693,57809700,51.15531330164529,-2.283251505955235,-3.4196565696999492,135.2804946588906,122.29194339042581,128.7862190246582
2023-01-17,133.6713104248047,134.99877137842552,131.89151977321038,132.5798345273993,63646600,53.20069157436945,-1.7754099415170401,-3.0908072440633676,135.16461202235124,122.35275858311749,128.75868530273436
2023-01-18,132.9534912109375,136.29674271738915,132.7764874230637,134.53662257229425,69672800,51.75676896242222,-1.4145577136016811,-2.7555573379710303,135.28088659728425,122.30531640564543,128.79310150146483
2023-01-19,133.01248168945312,133.97612225756075,131.53751520588366,131.8423392118264,58280400,51.87237289627875,-1.1110126226342345,-2.4266483949036712,135.6585183941656,122.21284696227971,128.93568267822266
2023-01-20,135.569091796875,135.71659745917918,131.98001240951498,133.02231973826562,80223600,56.71359503204698,-0.6565851767242918,-2.0726357512677955,136.51908466011798,121.89998424857346,129.20953445434571
2023-01-23,138.7550048828125,140.92812862349226,135.5985702195713,135.81489982286553,81760300,61.86199874666494,-0.03892291251239044,-1.6658931835167146,137.7446222971691,121.23099720966684,129.48780975341796
2023-01-24,140.1513214111328,140.77081216801105,137.95854199183503,137.9683697007518,66435100,63.88918214058968,0.5568311533032784,-1.2213483161527159,139.47229026100433,120.51613747337069,129.9942138671875
2023-01-25,139.4925079345703,140.0529874380773,136.49340619294276,138.53869500355867,65799300,62.20901790707903,0.9646894614011217,-0.7841407606419484,140.82454054976358,120.14719712113487,130.48586883544922
2023-01-26,141.55743408203125,141.84258762170543,139.53180116313032,140.7806101218581,54105100,65.29010802711203,1.4379664101481353,-0.33971932648393166,142.49102301098088,119.85046563648008,131.17074432373047
2023-01-27,143.49456787109375,144.77287517943125,140.69214050710963,140.77080718806803,70555800,67.93151006933084,1.946909547921905,0.11760644839723566,144.15831370703376,120.13897785790768,132.1486457824707
2023-01-30,140.6134796142578,143.12092578303154,140.46598895897412,142.54077586673455,64015300,60.55103303378654,2.093636765883957,0.51281251189458,145.15233702240766,120.46160874785603,132.80697288513184
2023-01-31,141.88194274902344,141.93111130163894,139.9054929686203,140.31848180314623,65874500,62.483624296950104,2.2859228218653698,0.867434573888738,146.23281822776536,120.79316214943188,133.51299018859862
2023-02-01,143.00296020507812,144.1632753821904,138.96156502338928,141.56733405871813,77663600,64.15491942293284,2.4999497816288,1.1939376154367505,146.90837430397468,122.11963167747062,134.51400299072264
2023-02-02,148.30300903320312,148.6569866770964,145.69722523392414,146.41503824093917,118339000,70.78215775084008,3.0619411833265815,1.5675383290147167,148.5539559259768,122.87923041435523,135.71659317016602
2023-02-03,151.92156982421875,154.75351068440185,145.36288637728777,145.55954560277002,154357300,74.27868474947742,3.7560140405403217,2.005233471319838,150.4413009098894,123.89068914138012,137.16599502563477
2023-02-06,149.19778442382812,150.54493079230497,148.26364190831887,150.02377712562708,69858300,67.71020903356612,4.0397177110835685,2.4121303192725843,151.72917421562602,124.77691633002826,138.25304527282714
2023-02-07,152.06903076171875,152.63935290701122,148.12595929659778,148.12595929659778,83322600,70.65600019383258,4.445001289476721,2.8187045133134117,153.3451100324996,125.57009077316447,139.45760040283204
2023-02-08,149.38462829589844,152.00023955919008,148.64714493246836,151.3119247541495,64120100,64.71194250450137,4.497735505594221,3.154510711769574,154.07983959087187,126.91899768940158,140.49941864013672
2023-02-09,148.3521270751953,151.75438976697808,147.9096401221254,151.21356571138807,56007100,62.532878359238545,4.405430472062164,3.404694663828092,154.64959104961287,128.05823670917619,141.35391387939453
2023-02-10,148.71652221679688,149.04151212756338,146.95371454850684,147.19007494553122,57450700,63.00633436800955,4.3119759360373,3.586150918269934,155.03116067645215,129.42996450665333,142.23056259155274
2023-02-13,151.51339721679688,151.91715888947925,148.62788900472555,148.65743217523777,62199000,66.50494170614732,4.412729778911995,3.7514666903983462,155.77371955787916,130.5876467140935,143.18068313598633
2023-02-14,150.8732452392578,151.4345954776921,148.56878800441328,149.80964612462722,61707600,64.98995510923403,4.390314201429931,3.879236192604663,156.26268517743915,131.81887457597884,144.040779876709
2023-02-15,152.9709014892578,153.1383177826238,150.55811427879885,150.78461690781828,65573800,67.5949311563051,4.490054470337952,4.001399848151321,156.73488871235872,133.34841206889126,145.041650390625
2023-02-16,151.3755340576172,153.95573796607766,151.02100096105386,151.17855953849067,68167900,63.712137366593524,4.389764065729452,4.079072691666948,156.56372879429074,135.35587722377568,145.9598030090332
2023-02-17,150.23312377929688,150.6762863218937,148.55894582557343,150.03616431892533,59144100,61.00958373427445,4.170030717230247,4.097264296779608,156.30298805775777,137.08302115855082,146.6930046081543
2023-02-21,146.22496032714844,149.00213887625634,146.15603126407484,147.9188390818426,58867200,52.58209739731396,3.630613707639469,4.00393417895158,155.96791938667633,138.16508537406588,147.0665023803711
2023-02-22,146.64840698242188,147.67260518894304,144.92498541296462,146.60900607426132,51011300,53.315779746716174,3.200398248607115,3.843226992882687,155.7150648887948,139.06764842907626,147.39135665893554
2023-02-23,147.13096618652344,148.05669224456878,145.00378282832062,147.81048914517564,48394200,54.185747030048034,2.865357831189783,3.6476531605441065,155.27233662270316,140.27422252036325,147.7732795715332
2023-02-24,144.4818572998047,144.9545631210652,143.5068874555982,144.87577631301392,55469600,48.80847576379471,2.3588832017235006,3.3898991687799853,155.03214294396528,140.80685852087848,147.91950073242188
2023-02-27,145.67347717285156,146.90449291595675,145.2106140512802,145.46667494315656,44998500,51.156519052837695,2.030248730313815,3.1179690810867515,154.93026631777897,141.12662607724056,148.02844619750977
2023-02-28,145.1711883544922,146.81582313308783,144.5999954030627,144.8166553166064,50547000,50.11309764405386,1.7095662189947802,2.8362885086683574,154.425920962272,142.08674230677096,148.25633163452147
2023-03-01,143.10308837890625,144.9939263960711,142.8076416515582,144.60000744430354,55479000,45.95675962380435,1.2738603648491278,2.523802879904512,154.2531733615793,142.38160447045198,148.31738891601563
2023-03-02,143.69400024414062,144.48185327566276,141.7145174362223,142.1872382713636,52238100,47.30166693247632,0.9651167206243656,2.212065648048483,154.17046957033068,142.53341226560684,148.35194091796876
2023-03-03,148.73622131347656,148.81500811176437,145.09241829817535,145.79162671403117,70732300,57.10992040326202,1.1144535322970341,1.9925432248981931,154.1944652452267,142.55273781873814,148.37360153198242
2023-03-06,151.4936981201172,153.92618602775224,151.1293223291666,151.4542972077173,87558000,61.346877395884626,1.4387246424586522,1.881779508410285,154.1236902840567,142.58072560949802,148.35220794677736
2023-03-07,149.2975616455078,151.69064849711955,148.83469862838186,151.3656586110283,56182000,56.55505439273493,1.5011971080870126,1.8056630283456305,154.1317658499648,142.58262776575785,148.35719680786133
2023-03-08,150.54824829101562,151.13914166926784,149.52405013269365,150.48916195859897,47204800,58.54114684802806,1.6328049875447448,1.7710914201854535,153.89605918737612,142.6662561812762,148.28115768432616
2023-03-09,148.3029327392578,152.19293968514444,147.94839958565268,151.22782749973814,53833600,53.78721635271528,1.5381956184606338,1.7245122598404896,153.81920877650506,142.6349370364832,148.22707290649413
2023-03-10,146.24461364746094,148.6475578517863,145.36813137887097,147.92864914378464,68572400,49.79514236904292,1.282345779308855,1.6360789637341628,153.77947671949048,142.4639177507244,148.12169723510743
2023-03-13,148.18472290039062,150.81417020284252,145.4567883472071,145.56511831219402,84457100,53.31251334386078,1.2220465491038794,1.5532724808081064,153.74644973669297,142.44376480188123,148.0951072692871
2023-03-14,150.27252197265625,151.07021762009597,147.82034869008896,148.98242012042218,73695900,56.818552997471016,1.3274251802168635,1.508103020689858,153.55878153238956,142.50734548177059,148.03306350708007
2023-03-15,150.66647338867188,150.92251923505987,147.64309172837056,148.89380784086055,77167900,57.46759811378818,1.426285757093325,1.4917395679705516,153.52788387826675,142.51756595083484,148.0227249145508
2023-03-16,153.48304748535156,154.0837837636838,149.33697988783769,149.84908663995225,76161100,61.87925996121371,1.7121706297989476,1.535825780336231,153.64925057772342,142.44741385098752,148.04833221435547
2023-03-17,152.6459197998047,154.35949876084172,151.93685367986137,153.70951897971963,98944600,59.89088517559535,1.8498631719059233,1.5986332586501695,153.88832582528792,142.3353771776418,148.11185150146486
2023-03-20,155.00946044921875,155.4230948668754,151.80882025865256,152.71486085947325,73641400,63.460877659159024,2.12520543565347,1.7039476940508296,154.81247646564927,141.88886020427262,148.35066833496094
2023-03-21,156.8609161376953,156.9790888157361,154.1625247817563,154.93069227015488,73938300,66.0128387363051,2.464405036979116,1.856039162636487,156.24486148187086,141.52007076910573,148.8824661254883
2023-03-22,155.4329376220703,159.6774765177441,155.41323716716616,156.88061300312046,75701800,62.39334965487224,2.5881625064353386,2.0024638313962573,157.13301245073592,141.51037286420546,149.3216926574707
2023-03-23,156.51620483398438,159.09642316640492,155.2851895124044,156.41773262448348,67622100,64.00567081675852,2.7420432358037488,2.1503797122777555,158.12931380886624,141.45259537082126,149.79095458984375
2023-03-24,157.81617736816406,157.90480687220796,155.45263376473136,156.44728881765926,59196500,65.89533219743976,2.9350582175420072,2.307315413330606,159.117562675148,141.79777851137544,150.45767059326172
2023-03-27,155.87611389160156,158.32830230982592,155.47233717929535,157.5109061704178,52390300,60.7680017774906,2.89806992627166,2.425466315918817,159.64230513128274,142.2932997271157,150.96780242919922
2023-03-28,155.25567626953125,156.0829301456233,153.6110412861723,155.57082346557496,45992200,59.18203737929676,2.7865704584015702,2.4976871444153677,159.9092688880468,143.03478476185555,151.47202682495117
2023-03-29,158.32830810546875,158.60405440029712,156.92987617396892,156.94956160428092,51305700,64.16938687166177,2.912567768681839,2.580663269268662,160.2497005333655,144.21687508919308,152.2332878112793
2023-03-30,159.89413452148438,160.0024644815908,158.82069266127598,159.07673846378026,49501700,66.4210497455397,3.1030011843535874,2.6851308522856474,160.71090546059304,145.37568358969992,153.04329452514648
2023-03-31,162.3955535888672,162.4940408365555,159.45097422374334,159.9729235769942,68749800,69.697170039691,3.416382718424927,2.8313812255135034,162.13514084219017,145.31738143564186,153.72626113891602
2023-04-03,163.6462860107422,163.76445869825218,161.7259047034759,161.77514833228696,56976200,71.2096919415106,3.7227499514973204,3.009654970710267,163.71029256752675,144.95748849936777,154.33389053344726
2023-04-04,163.11447143554688,164.3060859426903,162.6023648150906,164.0697406002056,46278300,69.61849611194364,3.877932803871829,3.1833105373425794,164.84077614131635,145.20869590458207,155.0247360229492
2023-04-05,161.2729034423828,162.54332009164784,159.34267919173706,162.23803059475318,51511700,64.26347785177914,3.808416135435664,3.3083316569611965,165.51107390868881,145.61086365234635,155.56096878051758
2023-04-06,162.15921020507812,162.45465692468338,159.5396056660462,159.9630677767464,45390100,65.63357591327626,3.7812532892641286,3.402915983421783,166.0137093109958,146.4938559966214,156.2537826538086
2023-04-10,159.5691680908203,159.5691680908203,157.6487867222166,158.96843186504725,47716900,58.56713411914915,3.510267605351146,3.424386307807656,165.6172739756495,148.22274677630364,156.92001037597657
2023-04-11,158.35784912109375,159.89415417908276,158.07224508795338,159.88431146406083,47644200,55.55460561775475,3.161324401220611,3.3717739264902473,165.15911917999932,149.6982141940241,157.4286666870117
2023-04-12,157.66847229003906,159.59869619161648,157.35332510698044,158.77145737665472,50133100,53.856752176063175,2.796916338513171,3.256802408894832,164.79720086361152,150.7997275421502,157.79846420288087
2023-04-13,163.04554748535156,163.28190788405584,158.96842452673738,159.1752417539843,68445600,63.28269908233097,2.908478227032134,3.1871375725222926,164.9583060806764,151.8765297347533,158.41741790771485
2023-04-14,162.7008819580078,163.79402444901268,161.3319931654023,162.09028798128088,49386500,62.40275112315351,2.9352445280833024,3.136758963634495,165.26059322960205,152.49602603309327,158.87830963134766
2023-04-17,162.72055053710938,162.8781241294329,161.53877864877254,162.5826774005875,41516200,62.434852001827096,2.9243342001390715,3.0942740109354103,165.28988244203987,153.4741998943859,159.38204116821288
2023-04-18,163.94171142578125,164.86743742961687,163.13415809407996,163.57733566867122,49923000,64.4635591735584,2.97987502036014,3.0713942128203566,165.69712571445035,153.9601817196317,159.82865371704102
2023-04-19,165.08412170410156,165.60607111909823,163.02585218946157,163.2819130529251,47720200,66.29727957557267,3.0805636621616372,3.073228102688613,166.3655994936574,154.11402849706522,160.23981399536132
2023-04-20,164.11898803710938,165.32046042282218,163.04554607797024,163.56749547193866,52456400,63.324380374227054,3.047353916210028,3.068053265392896,166.60363246673037,154.7446005654962,160.6741165161133
2023-04-21,162.5137481689453,163.9220227028112,161.991798793606,162.5432913390932,58337300,58.61633848744095,2.8585538817082465,3.026153388655966,166.63249676763724,155.31549059808543,160.97399368286133
2023-04-24,162.81903076171875,163.08493430890758,161.40089854610392,162.49404087672,41949600,59.23703868456661,2.7024105414884048,2.961404819222454,166.74272705385425,155.70554565122387,161.22413635253906
2023-04-25,161.28273010253906,163.78414697340926,161.24332919160244,162.68116189989732,48714100,54.783913710807795,2.4267254156096385,2.854468938499891,166.43844796170237,156.55048636446952,161.49446716308594
2023-04-26,161.2729034423828,162.76982277852977,160.327491776325,160.58353763858076,45498800,54.75555972159253,2.182293912009982,2.7200339332019094,165.83342109649163,157.7572359469654,161.79532852172852
2023-04-27,165.85226440429688,165.9999802574992,162.6811671878293,162.6811671878293,64902300,64.0844035470993,2.3312234498893645,2.6422718365394005,166.24924531867345,158.0938073546664,162.17152633666993
2023-04-28,167.1029510498047,167.2703823718156,165.33030085507357,165.93103698503495,55275900,66.1379483788617,2.5211093621157943,2.618039341654679,166.99678619447906,158.06714813169282,162.53196716308594
2023-05-01,167.01434326171875,167.86128258741087,166.07877442017465,166.70905380019818,52472900,65.85067893834477,2.634081357407524,2.6212477448052485,167.6348563763483,157.89095691710872,162.7629066467285
2023-05-02,165.98025512695312,167.76277797719564,164.99544284655173,167.50671716698386,48425700,62.44200178268534,2.6100827975846244,2.619014755361124,167.93881595780846,157.8203942472697,162.87960510253907
2023-05-03,164.90682983398438,168.32412999077732,164.62124085601573,166.9256982160475,65136000,59.02637300746089,2.475906605719217,2.5903931254327426,168.1048227513409,157.83362329358098,162.96922302246094
2023-05-04,163.27203369140625,164.50304913491388,161.8145156138655,162.38570858289833,81235400,54.16674477448295,2.2121562604825726,2.5147457524427086,168.14631043675422,157.99204863307,163.0691795349121
2023-05-05,170.93389892578125,171.65280778469676,168.1665634032941,168.38322333782398,113453200,67.62135687635191,2.5915074188315828,2.5300980857204833,169.60811560336586,157.40771233852868,163.50791397094727
2023-05-08,170.8649444580078,171.20963479482143,169.49605587870553,169.86043164324718,55962800,67.42951073353218,2.853686375449797,2.5948157436663464,170.6801947503045,157.46521082830878,164.07270278930665
2023-05-09,169.16122436523438,170.90433143409618,168.9938080662103,170.42178299192224,45326900,62.69654542989073,2.8906673012918134,2.65398605519144,171.02680331946326,158.1989397835641,164.61287155151368
2023-05-10,170.92405700683594,171.38692008917508,169.28926463206565,170.3922648627901,53724500,65.40252918811063,3.0273237097426033,2.728653586101673,171.41590254211172,159.13539903259533,165.27565078735353
2023-05-11,171.11114501953125,171.9383837832071,169.55513971049686,171.2096322648924,49514700,65.68701083133615,3.114815680798074,2.8058860050409535,172.22630261128018,159.13155871684484,165.6789306640625
2023-05-12,170.1841583251953,171.653548851867,168.6358569767775,171.21962961924467,45533100,62.92609662686865,3.0739193898455426,2.8594926820018713,172.7309493475665,159.37523961727723,166.05309448242187
2023-05-15,169.69107055664062,170.81530899814229,169.09935977781652,170.7659972586019,37266700,61.4466242759185,2.967513079045375,2.8810967614105722,173.0749755811239,159.72826538567296,166.40162048339843
2023-05-16,169.69107055664062,170.74626955321972,169.42479920138675,169.61217478294208,42110300,61.446624275918495,2.850328498457827,2.8749431088200237,173.40898299258905,159.96919388729376,166.6890884399414
2023-05-17,170.30252075195312,170.53919306240596,168.06389984598047,169.33607370599472,57951600,62.7075884673554,2.7748114950770457,2.854916786071428,173.80426698699938,160.0957497976686,166.95000839233398
2023-05-18,172.62986755371094,172.81724313624747,170.19401507639674,170.60820660461047,65496700,67.11624660968485,2.8696812629949875,2.85786968145614,174.5243798908673,160.2267248454608,167.37555236816405
2023-05-19,172.73838806152344,173.95137889764786,172.5214283935553,173.95137889764786,55809500,67.31030490998724,2.919963414972784,2.8702884281594687,175.03415280582956,160.7394159197564,167.88678436279298
2023-05-22,171.7915802001953,172.29453878279668,171.0519493884426,171.57462062492166,43570900,63.77415803319726,2.850553494792763,2.8663414414861275,175.27752030551832,161.3933033639153,168.3354118347168
2023-05-23,169.1881103515625,170.9829553293692,168.9119826700276,170.7364116817252,50747300,55.18851502218587,2.5560033586377813,2.8042738249164585,174.87602662105286,162.5853350732831,168.73068084716797
2023-05-24,169.46424865722656,170.03623176135926,168.16250594092847,168.72461766792532,45143500,55.867169412379695,2.3181303434851372,2.7070451286301944,174.24693283470137,164.03356338111897,169.14024810791017
2023-05-25,170.59832763671875,171.4957349715106,169.31629781123684,170.02634463618594,56058300,58.63771426689576,2.1958129955787626,2.604798702019908,174.2883566568584,164.46674588220407,169.37755126953124
2023-05-26,173.00462341308594,173.33993425328168,170.71670589408566,170.92380920574092,54835000,63.82669422746897,2.266912024301604,2.5372213664762473,174.70891143097214,164.6363583444185,169.67263488769532
2023-05-30,174.8487548828125,176.51539231960112,174.12885165758402,174.51345913931758,55964400,67.22064416155925,2.443892838985107,2.518555660978019,175.42116815288364,164.70754278461635,170.06435546875
2023-05-31,174.79945373535156,176.87042648421155,174.3162227478627,174.87834951174753,99625300,67.03955261772654,2.550769535717677,2.5249984359259505,175.89659683222945,165.11403396611038,170.50531539916992
2023-06-01,177.60018920898438,177.62977324467488,174.4838737017158,175.24323239604442,68901800,71.70326332193764,2.8288567343510067,2.585770095610962,176.73046997634162,165.5494967594982,171.1399833679199
2023-06-02,178.4482879638672,179.2668146743205,176.78165050926717,178.52718373632618,61996900,72.9513455180185,3.08214823812159,2.6850457241130874,177.1191112418102,166.67848092127574,171.89879608154297
2023-06-05,177.0972442626953,182.3929972823034,175.57852688511534,180.10507993454968,121946500,67.81954944952028,3.13769623513474,2.775575826317418,177.87180134336086,166.5421253534165,172.20696334838868
2023-06-06,176.7323455810547,177.62975297431,174.97694105936182,177.4818328127375,64848400,66.45972696899831,3.1163507968217345,2.843730820418281,178.45698846252537,166.54367834655665,172.500333404541
2023-06-07,175.36158752441406,178.70471906299082,174.86850018805862,175.9730110061888,61944600,61.47332572962003,2.9547649725787153,2.8659376508503684,178.684423373363,166.936279751637,172.8103515625
2023-06-08,178.07354736328125,178.3398036598064,175.00654388250445,175.44044804834044,50214900,66.7832985932717,3.0108325336360906,2.894916627407513,179.39857178953977,166.93708037110477,173.16782608032227
2023-06-09,178.4581756591797,179.71060666093933,178.13273621096323,178.99070336218668,48900000,67.46812814658966,3.051131227201296,2.9261595473662694,180.09520625834523,166.97514896626416,173.5351776123047
2023-06-12,181.2490234375,181.34764691680863,178.468018885392,178.7638742754878,54274900,71.98194180334012,3.270565283083357,2.995040694509687,181.26229575307073,166.9145459827691,174.08842086791992
2023-06-13,180.7756805419922,181.60406367252176,179.91771337450308,180.27273686584888,54929100,70.20278865171095,3.367455605479421,3.069523676703634,182.0798783719384,167.20542436243662,174.6426513671875
2023-06-14,181.4068145751953,181.84073380664427,179.50350482104812,180.83483150172444,57462900,71.2240794564606,3.4553381387178206,3.146686569106471,182.8564729949745,167.60040414125595,175.22843856811522
2023-06-15,183.4383544921875,183.9413132306641,181.2391890770768,181.4167083517838,65433200,74.27994434262808,3.6468750668131804,3.2467242686478133,183.95300681168754,167.81745369856634,175.88523025512694
2023-06-16,182.3634033203125,184.4047919439357,181.722395856144,184.14837692000424,101256200,70.04148217377869,3.669628691162103,3.3313051531506717,184.76329961980193,167.98051446711216,176.37190704345704
2023-06-20,182.45217895507807,183.5271208328433,181.86048315364172,181.86048315364172,49799100,70.19275062996023,3.652718291460502,3.395587780812638,185.47300959625764,168.24218358001187,176.85759658813475
2023-06-21,181.41668701171875,182.84663717983523,180.0656175699355,182.3436785005217,49515700,66.00625388177743,3.5152396376205104,3.419518152174213,185.84314914710052,168.83455471032136,177.33885192871094
2023-06-22,184.41465759277344,184.46396933431623,181.13069423738705,181.1997336851132,51245300,71.33655981421585,3.6066230789682265,3.456939137533016,186.26908872088785,169.9312698606551,178.10017929077148
2023-06-23,184.0990753173828,184.96691381940127,182.45216546765664,182.98470820219737,53117000,70.09065983764367,3.6119440201186706,3.487940114050147,186.37319312182984,171.29064812572875,178.8319206237793
2023-06-26,182.7085723876953,185.4501365723536,182.6691169769034,184.24700235631448,48088700,64.72655226413309,3.464027782810007,3.4831576478021193,186.13455804270163,172.7403076799546,179.43743286132812
2023-06-27,185.45997619628903,185.78541559077308,183.10301971608257,183.31997931240525,50730800,69.67241704697713,3.5281480969111385,3.4921557376239236,186.56236365825845,173.55803734271814,180.0602005004883
2023-06-28,186.633544921875,187.274552399172,185.00636283468697,185.33178721386028,51216800,71.50753199898125,3.631796012314453,3.52008379256203,187.29016671409366,174.00871329078913,180.6494400024414
2023-06-29,186.9688415527344,187.4422162021352,186.32783407243755,186.4658979165552,46347300,72.02830634605338,3.6983609648806066,3.5557392270257453,187.87310482399084,174.64271396263024,181.25790939331054
2023-06-30,191.28829956054688,191.79124321876165,188.61575961709715,188.98065447297637,85213200,77.68643924181711,4.052938578313444,3.6551790972832854,189.64511498152274,174.23951484025463,181.94231491088868
2023-07-03,189.79917907714844,191.19954526937025,189.10884478636748,191.10092178559267,31458200,72.2597366648608,4.1657639795830335,3.757296073743235,190.75298506802287,174.2667338650826,182.50985946655274
2023-07-05,188.6847686767578,190.311950580781,187.98457816150727,188.9214559737077,46920300,68.40849440694349,4.117788020095475,3.8293944630136827,191.35803442365017,174.82043695086156,183.08923568725587
2023-07-06,189.15814208984372,189.36524537083605,186.5842258571581,187.2153769807983,45094300,69.16038863217914,4.071035640115241,3.8777226984339945,191.84153670285042,175.5795143225402,183.7105255126953
2023-07-07,188.0437774658203,190.0062704618662,187.60987325439865,188.76369580404943,46815000,65.22482032477967,3.89911753034977,3.8820016648171496,191.71480630687583,176.97446371265542,184.34463500976562
2023-07-10,186.0023956298828,187.36332142042107,184.4540942539423,186.6434031135775,59922200,58.641612764349574,3.557144192135638,3.817030170280847,191.55100287064232,177.93115197554908,184.7410774230957
2023-07-11,185.47972106933597,186.68285528837708,184.02018687082852,186.5447914459214,46638100,57.053793799462625,3.206984270560895,3.695020990336857,191.26436755236784,178.91994183483916,185.0921546936035
2023-07-12,187.14637756347656,189.0496875169185,185.86434744027207,187.05761040387253,60750200,60.707273232121324,3.029048277172393,3.561826447703964,191.35681791285904,179.41722688694566,185.38702239990235
2023-07-13,187.90570068359372,188.54672319895087,187.1562134087189,187.8662603208446,41342300,62.281618972157034,2.915693451168835,3.432599848396938,191.4132623698947,180.07378444407016,185.74352340698243
2023-07-14,188.05360412597656,188.5368199651974,187.00826163970996,187.59995726794867,41616200,62.595989954322185,2.8054539794624986,3.3071706746100507,191.4619586580438,180.68976711099916,186.07586288452148
2023-07-17,191.30799865722656,191.6334380513428,189.15813040004863,189.24688249449068,50520200,68.76490562772634,2.9467228576331763,3.2350811112146762,192.16798295928055,180.77070722626632,186.46934509277344
2023-07-18,191.05162048339844,191.6433313227349,189.75973403360663,190.67688432979497,48288200,67.81601002362969,3.0033708952377935,3.1887390680193,192.60878183537352,181.19873006648197,186.90375595092775
2023-07-19,192.4026641845703,195.4893803490621,189.9865244553515,190.4303150490968,80507300,70.15334161425702,3.1213023778392994,3.1752517299833,193.20140862318613,181.60115180161858,187.40128021240236
2023-07-20,190.45989990234372,193.75371936128715,189.83860510668907,192.39279363664537,59581200,63.061190119145,3.0231500937985913,3.1448314027463584,193.10050215958046,182.60637955428672,187.8534408569336
2023-07-21,189.28634643554688,192.2744541324422,188.58615588066945,191.4164870851642,71951700,59.16986368838559,2.818181502468917,3.0795014226908703,193.13090217517845,183.0631484229661,188.09702529907227
2023-07-24,190.0851593017578,192.21530010696893,189.592071988394,190.73603816687745,45377800,60.93683610853387,2.6892005099571747,3.0014412401441315,193.14768708748852,183.6449719090935,188.396329498291
2023-07-25,190.94309997558597,191.75177028050072,190.2527808420176,190.6571159944749,37283200,62.79892872131381,2.6259405780102725,2.92634110771736,192.89760552005998,184.7185062353111,188.80805587768555
2023-07-26,191.8109436035156,192.935181951258,190.64726489612823,190.99241694846552,47471900,64.63534925313135,2.615682395630188,2.8642093652999256,193.11090321243586,185.14030528365788,189.12560424804687
2023-07-27,190.5486297607422,194.47359988570312,189.8878946803769,193.3099212495509,47460200,59.99607465384503,2.4771396112007835,2.786795414480097,193.18040724940346,185.46230973057703,189.32135848999025
2023-07-28,193.12255859375,193.91150122150717,191.45592124266815,191.9785925358936,48291400,65.44276666398713,2.5456928395806813,2.738574899500214,193.66594070571807,185.59214797836398,189.62904434204103
2023-07-31,193.73399353027344,193.77344894031904,192.56044337061044,193.34938604539337,38824100,66.60592290213012,2.6191673258165906,2.7146933847634895,194.11667141572536,185.3859866653293,189.75132904052734
2023-08-01,192.90560913085935,194.0101198390568,192.58016971551623,193.5269039281353,35175100,63.48805674621936,2.5808027994006864,2.6879152676909293,194.48367508196787,185.3296260044579,189.9066505432129
2023-08-02,189.91749572753903,192.48154051645844,189.19759252290805,192.3434766820384,50389300,53.719575688802095,2.2829662431187785,2.6069254627764993,194.51090529630446,185.42566849519946,189.96828689575196
2023-08-03,188.5269775390625,189.7103839306254,188.05361799200307,188.92145636813592,61235200,49.87390033294021,1.9126772766591387,2.468075825553027,194.51008693727127,185.3633703991545,189.93672866821288
2023-08-04,179.47389221191406,184.789371855198,179.40485277798012,182.9550867901928,115956800,33.20650243498609,0.8785845016072926,2.1501775607638804,195.93930842280562,183.07716038822954,189.50823440551758
2023-08-07,176.37733459472656,180.5981607115797,174.89807268327343,179.6119861039443,97576100,29.56679888339849,-0.18863334576292345,1.68241537945852,197.5392207700703,180.51474193744923,189.02698135375977
2023-08-08,177.31419372558594,177.77769698523286,175.12488493894773,177.205713919119,67823000,31.995425861289206,-0.9478878157905228,1.1563547404087116,198.45296800990178,178.78444196324273,188.61870498657225
2023-08-09,175.7264404296875,178.42854898853972,174.56274666920834,178.3693809248903,60378500,30.101081621697247,-1.65860154878078,0.5933634825708132,199.3710083132839,176.7244079464817,188.0477081298828
2023-08-10,175.50950622558594,178.25107058876787,175.14462641506705,176.9986245515979,54686900,29.841116094443763,-2.2138323980458665,0.031924306447477235,200.00238602471967,174.85341078924517,187.42789840698242
2023-08-11,175.56875610351562,176.38838822312198,174.34425781198718,175.10464195853916,52036700,30.01888615561296,-2.6188869774580894,-0.49823795033363616,200.3907297987188,173.21658221299995,186.80365600585938
2023-08-14,177.21788024902344,177.44500246999712,175.09473274674426,175.74649049543365,43675600,34.95875448763029,-2.774838502684048,-0.9535580608037186,200.13278321136926,172.0655169595292,186.09915008544922
2023-08-15,175.23301696777344,177.23765386072782,174.8380204140677,176.6451590301692,43622600,32.02832868266064,-3.023737326904552,-1.3675939140238853,199.90786900540903,170.7085708139269,185.30821990966797
2023-08-16,174.364013671875,176.30938743269644,174.29488099061055,174.91701484938284,46964900,30.810600247214396,-3.2536071834235827,-1.7447965679038249,199.3657234267693,169.44685134129708,184.4062873840332
2023-08-17,171.8260955810547,175.29223725703497,171.31258808782235,174.9268647491592,66062900,27.519794693189112,-3.599081509212766,-2.115653556165613,199.11542644065915,167.83376789527833,183.47459716796874
2023-08-18,172.3099822998047,172.91236175457905,169.81159252872837,170.14734105941557,61172200,29.075225898658402,-3.7901364534582456,-2.4505501356241397,198.74806199013895,166.50349593222435,182.62577896118165
2023-08-21,173.6431121826172,173.92949746098708,171.56935789788312,172.88274314562352,46311900,33.32078890434275,-3.790284394013611,-2.718496987302034,197.99731086097447,165.61004234947475,181.8036766052246
2023-08-22,175.01573181152344,175.46010661888187,174.04797988711957,174.84785755399471,42038900,37.471099027216106,-3.637709455174047,-2.902339480876437,196.8883159370418,165.12630045700115,181.00730819702147
2023-08-23,178.85714721679688,179.2817827873095,176.10201110060572,176.28963972003098,52722800,47.348191919439856,-3.1702776108741944,-2.9559271068759885,195.46290706853648,165.2563296868346,180.35961837768554
2023-08-24,174.1763458251953,178.83737622633825,173.810958290209,178.41274073112407,54945800,39.218827809459654,-3.141324822665922,-2.9930066500339754,194.11194079340464,164.97006756841176,179.5410041809082
2023-08-25,176.37850952148438,176.91175631972774,173.62337343895007,175.16388093182096,51449600,44.083022329233295,-2.9071712627114152,-2.9758395725694635,191.91807856760767,165.48952488698217,178.70380172729492
2023-08-28,177.93875122070312,178.33374768816518,176.31924159506977,177.83999456976295,43820700,47.3009174312584,-2.566123736738575,-2.893896405403286,189.18603779070685,166.64204143292596,177.9140396118164
2023-08-29,181.81967163085935,182.5899254092932,177.25739693272806,177.45489519701718,53003900,54.33965706899756,-1.9600885912290096,-2.707134842568431,186.52109219020733,168.19839328342547,177.3597427368164
2023-08-30,185.30555725097656,185.50307057198083,182.4319252754348,182.62942352828824,60813900,59.563908781275416,-1.184861193099863,-2.4026801126747173,185.17932504487607,169.07896658110047,177.12914581298827
2023-08-31,185.5228271484375,186.75721017905872,185.13770024560975,185.4932031611548,60794500,59.872087469977124,-0.5466545367271465,-2.031474997485203,184.24693665138582,169.71093993552822,176.97893829345702
2023-09-01,187.0929718017578,187.54721631397277,185.9277063979524,187.12259578872167,45766500,62.11896822013318,0.08484830926252585,-1.6082103361356572,185.81312077709205,168.9066637688064,177.35989227294922
2023-09-05,187.32997131347656,187.60647191514923,185.2660864409368,185.92771395695013,45280000,62.46064286860905,0.5975545079469669,-1.1670573673191325,187.3914516143556,168.42359660341785,177.90752410888672
2023-09-06,180.6248016357422,186.49059214043663,179.20278998997966,186.0462022000218,81755800,48.99590883901192,0.45755233025428765,-0.8421354278044485,187.6251009303957,168.52100807839335,178.07305450439452
2023-09-07,175.34161376953125,175.98350189646143,171.37183427986267,172.99134398653018,112488800,41.41944477922064,-0.07880114108593261,-0.6894685704607453,187.6262185213178,168.4814078214556,178.0538131713867
2023-09-08,175.95387268066406,177.98814840122637,175.56874581023814,176.12176201867752,65551300,42.52857480025928,-0.44928191186227195,-0.6414312387410507,187.62674979246518,168.5253131958161,178.07603149414064
2023-09-11,177.11912536621094,178.0473836718388,175.1243584797436,177.82026144859472,58953100,44.67549639361104,-0.6414699720353099,-0.6414389853999026,187.64660170347858,168.66049821107222,178.1535499572754
2023-09-12,174.0973358154297,177.87948614675489,172.63583094462646,177.24748281871987,90370200,40.45498526047555,-1.0257889010419206,-0.7183089685283063,187.64822905963152,168.3468164115599,177.9975227355957
2023-09-13,172.03347778320312,175.08486860955094,171.8063404869434,174.30473020059844,84267900,37.826576030948615,-1.4798418206287636,-0.8706155389483978,187.7682673037093,167.90682424902508,177.8375457763672
2023-09-14,173.5443572998047,173.89986015970092,171.4113401404273,171.82609096561458,60895800,40.85604159907233,-1.6981909919650207,-1.0361306295517223,187.7908473288832,167.80227858664418,177.79656295776368
2023-09-15,172.82347106933594,174.29486087176767,171.6483512368518,174.27510652680778,109259500,39.85811281862539,-1.9074162700354975,-1.2103877576484774,187.73039879803935,167.96246466631612,177.84643173217773
2023-09-18,175.7465057373047,177.13889330258442,173.96899129951683,174.27511585610648,67257600,45.65451666422586,-1.8164257164346793,-1.3315953494057178,187.62690980736448,168.409606000741,178.01825790405275
2023-09-19,176.83277893066406,177.38578010579235,174.91701409671836,175.3021409914078,51826900,47.67287484401159,-1.637782541163972,-1.3928327877573687,187.5945954785074,168.76088700440275,178.17774124145507
2023-09-20,173.29750061035156,177.45489404541186,173.20861358406935,177.0203888259045,58436200,42.18211592869345,-1.7611722551373248,-1.4665006812333599,187.65275586737778,168.5309034954152,178.0918296813965
2023-09-21,171.75697326660156,174.09737357666756,171.68785565712008,172.36923745366522,63149100,40.019104169228505,-1.9606658390322593,-1.56533371279314,187.67745093403417,167.7961910337393,177.73682098388673
2023-09-22,172.60621643066406,174.86761425499944,171.87547142547365,172.48772049861157,56725400,41.79111800855678,-2.026874567297881,-1.657641883694088,187.73406236172914,167.5825666665912,177.65831451416017
2023-09-25,173.88009643554688,174.75897636563758,171.97420160197885,172.02357992644104,46172700,44.44253320740103,-1.9540291595119186,-1.7169193388576542,187.73073077762606,167.3360569421005,177.53339385986328
2023-09-26,169.8115692138672,173.01107959102313,169.51531434646242,172.63583748924898,64588900,38.422876233160196,-2.199243286086954,-1.8133841283035141,187.86098191773644,166.39308760130652,177.12703475952148
2023-09-27,168.30067443847656,170.87806622328196,166.93792612877573,170.46331542744704,66921800,36.44848119419873,-2.48682723302349,-1.9480727492475096,187.61203234564414,165.29013745416057,176.45108489990236
2023-09-28,168.5574493408203,169.88070413963854,165.52579782856736,167.22430983558627,56294400,37.04059857083136,-2.6633189116840015,-2.0911219817348083,186.5014394689438,164.72591953984525,175.61367950439453
2023-09-29,169.07095336914062,170.90771561508154,168.21181267677895,169.870831028669,51861100,38.27908204049235,-2.730281370920295,-2.2189538595719056,185.0263135699568,164.55585806090255,174.79108581542968
2023-10-02,171.5792236328125,172.12235512412923,168.79444856905252,169.0808338409062,52164500,44.06688561420454,-2.5515405829530096,-2.2854712042481267,182.6263829811441,165.40441383282075,174.01539840698243
2023-10-03,170.24609375,171.46073744550782,168.6858469308082,170.1078434596355,49594600,41.82212359530736,-2.4887706618588084,-2.326131095770263,179.37541628842646,166.9469927691907,173.16120452880858
2023-10-04,171.4903564453125,172.03348795172127,168.8339619515459,168.9524578917983,53020300,44.65582549807003,-2.311972466938329,-2.323299370003876,177.91978065123064,167.48918388734356,172.7044822692871
2023-10-05,172.72476196289062,173.25800883188634,170.52261166431626,171.61874445939648,48527900,47.39340623729977,-2.0486370026560508,-2.268366896534311,177.64710474951607,167.5001746083941,172.5736396789551
2023-10-06,175.27249145507812,175.76624458491796,171.016326818613,171.6285909459562,57266700,52.60432041983944,-1.615736072543541,-2.137840731736157,177.53025896410503,167.54888227124655,172.5395706176758
2023-10-09,176.75376892089844,176.81301689163445,173.60362121945622,174.6009972191987,42390800,55.372198859179115,-1.139991146292573,-1.9382708146474403,177.44705801128052,167.59554757953978,172.52130279541015
2023-10-10,176.16127014160156,177.47465549196244,175.72676490471198,175.87489990900735,43698000,54.01342952023228,-0.8015300252558859,-1.7109226567691294,177.7600192164688,167.48897980696867,172.62449951171874
2023-10-11,177.5536346435547,177.60301297187604,175.3811238107674,175.9736185461729,47551100,56.70229462619636,-0.4161478758519195,-1.4519677005856875,178.45552802194462,167.34548668752805,172.90050735473633
2023-10-12,178.45225524902344,180.06188013769966,176.80310660532254,177.82025187235598,56743100,58.39316676624795,-0.0377830338501326,-1.1691307672385767,179.20386002493743,167.0879444794571,173.14590225219726
2023-10-13,176.61550903320312,179.6570151987734,175.91437292525092,179.1533924067404,51427100,53.770942621886995,0.11256616741175662,-0.91279138030851,179.5758485901257,167.09515971065554,173.33550415039062
2023-10-16,176.48712158203125,176.84262444155877,174.3047260977915,174.5417330268598,52517000,53.452438831401814,0.2188365863421211,-0.6864657869783839,179.67811710170645,167.06695278354744,173.37253494262694
2023-10-17,174.93673706054688,176.19087429527403,172.61610626933813,174.44298390478113,57549400,49.62940979935287,0.1759256241168714,-0.5139875047593329,179.4274567924344,167.12800890580777,173.2777328491211
2023-10-18,173.6431121826172,175.36137864838344,172.9222367694585,173.3863659573123,54764400,46.6324434827114,0.03710592699306403,-0.4037688184088535,179.44680441605354,167.1432224394152,173.29501342773438
2023-10-19,173.26783752441406,175.6180919396984,173.00120664203897,173.84057783744473,59302900,45.7689886397681,-0.10201524351035118,-0.343418103429153,179.48191814641095,167.25919513483908,173.370556640625
2023-10-20,170.72010803222656,173.2283676109075,170.48310107616433,173.11974130623128,64244000,40.31176191479891,-0.4130884249794349,-0.3573521677392094,179.48924548911634,167.06325695228992,173.27625122070313
2023-10-23,170.83859252929688,171.8359684831129,167.80694090892598,168.77470794688867,55980100,40.66608267728494,-0.6426474143985672,-0.414411217071081,179.4189596189447,166.82939243183654,173.12417602539062
2023-10-24,171.27310180664062,171.50022404547477,169.30795876796012,170.88797493724758,43816600,42.025237799157686,-0.78051599749557,-0.4876321731559788,179.36925088004477,167.02525443001383,173.1972526550293
2023-10-25,168.9623260498047,170.8978298690587,168.51793618108192,169.7325797223047,57157000,37.15126558359911,-1.0639733124616555,-0.6029004010171142,179.30329244647828,167.15737802471313,173.2303352355957
2023-10-26,164.80494689941406,169.23885617849143,163.6001878537521,168.24146504420852,70625300,30.33478367627974,-1.605572983620533,-0.8034349175377979,179.86695056543346,166.21846966161735,173.0427101135254
2023-10-27,166.11830139160156,166.8490614359056,164.745668316651,164.82467062426355,58499100,34.42788839957137,-1.9068370629736933,-1.024115346624977,180.1695254738266,165.6206295554703,172.89507751464845
2023-10-30,168.16244506835938,169.03145545417337,166.7601878982554,166.90832288755587,51131000,40.30654041603346,-1.9580742442301187,-1.2109071261460054,180.26970855455045,165.1787686183011,172.72423858642577
2023-10-31,168.63644409179688,168.764809656098,165.8022909489589,167.23418704526227,44846000,41.61367538667442,-1.938091210647059,-1.356343943046216,180.32633247603889,164.96117973099234,172.6437561035156
2023-11-01,171.79647827148438,172.05322449399938,167.99457285522465,168.86358325166134,56934900,49.54580784206148,-1.6482659795667587,-1.4147283503503247,180.33360142558917,164.9845229640593,172.65906219482423
2023-11-02,175.3514862060547,175.55885407348563,173.2678474852133,173.32709544733643,77334800,56.67655843971746,-1.1188208951413685,-1.3555468593085336,180.5543227833142,165.02647403065066,172.79039840698243
2023-11-03,174.4429931640625,174.61088250590672,171.18423421755685,172.06311427874405,79829200,54.554608433819794,-0.7637357765608215,-1.2371846427589914,180.46810076423952,165.02974622062374,172.74892349243163
2023-11-06,176.99075317382812,177.18825142381783,174.00849494223715,174.17636920813592,63841300,59.171185035571405,-0.27359152872796244,-1.0444660199527858,180.50519021488785,165.0163551952684,172.76077270507812
2023-11-07,179.5484161376953,180.1606652677133,176.7340169447808,176.94138484513783,70530000,63.21147096572263,0.3175725660219655,-0.7720583027578356,181.10099404100336,164.75926596876226,172.9301300048828
2023-11-08,180.60501098632807,181.1580120556029,179.3212498937122,180.07176426042716,49340300,64.76277486809484,0.8614030262893664,-0.44536603694839527,181.6952077891008,164.47018985494216,173.08269882202148
2023-11-09,180.13101196289062,181.81963914926845,179.5385022077218,180.67414339377052,53763500,63.46975579704103,1.2398525756116499,-0.10832231443638624,182.01629455216343,164.31697876326623,173.16663665771483
2023-11-10,184.31370544433597,184.4818159908332,181.4758328478929,181.910910546582,66133400,69.29542531261731,1.8558914167559806,0.28452043180208714,183.561357013101,163.54173594344198,173.5515464782715
2023-11-13,182.73159790039065,183.94782669363863,182.1482051958573,183.74018560328048,43627500,65.06846221190858,2.1911851615343494,0.6658533777485396,184.58466207999095,163.14287850838798,173.86377029418946
2023-11-14,185.34202575683597,186.0045247766197,184.214786141562,185.5991101996175,60108400,68.48439926451599,2.637148179051053,1.0601123380090423,186.21512252815185,162.55294692985595,174.3840347290039
2023-11-15,185.9056396484375,187.3789678351275,185.67821821290843,185.7474419604177,53790500,69.18506059447876,3.0014570852212614,1.448381287451486,187.83891431019458,162.15540789439524,174.9971611022949
2023-11-16,187.58663940429688,188.8226485285232,186.5384909930313,187.4482069859036,54412900,71.23886563425285,3.3867764983835684,1.8360603296379026,189.64009747530633,161.7861049172718,175.71310119628907
2023-11-17,187.56686401367188,188.24914348244,186.4594046371221,188.12059370194677,50922700,71.17876342449063,3.6484916598895722,2.198546595688237,191.19235929724366,161.918518693479,176.55543899536133
2023-11-20,189.30712890625,189.76198684131356,187.75470950144611,187.7645921414258,46505100,73.31257054623468,3.950785448398932,2.5489943662303762,192.8676026037563,162.09012902466165,177.47886581420897
2023-11-21,188.50621032714844,189.3763655204944,187.61628985249988,189.2675961213261,38134500,70.71762695630855,4.078711174414991,2.8549377278672994,194.16649936808022,162.51454311238854,178.34052124023438
2023-11-22,189.1687164306641,190.77057938008176,188.6940931656517,189.3467095850447,39617700,71.61270256212428,4.185306333546578,3.121011449003155,195.23285746973534,163.46882404881933,179.35084075927733
2023-11-24,187.84371948242188,188.76330300712377,187.13177703645837,188.73363999587545,24048300,67.18923519834462,4.115427498436105,3.319894658889745,195.30277251459765,165.70278626225783,180.50277938842774
2023-11-27,187.6657257080078,188.53588093642716,186.78568783853885,187.79427548166112,40552600,66.59414414184423,3.9995807311064198,3.4558318733330804,195.11808989112495,168.04221131737114,181.58015060424805
2023-11-28,188.26889038085935,188.9412871423915,187.28008315178343,187.6558347269926,38415400,67.64008438764972,3.911354027117085,3.5469363040898814,194.92135517696403,170.2495905627821,182.58547286987306
2023-11-29,187.2504425048828,189.93999969621768,186.85492560121705,188.76331653900837,43014200,63.9965059163103,3.716413000812622,3.5808316434344296,194.20010888608542,172.83223669496928,183.51617279052735
2023-11-30,187.82391357421875,188.18978247653797,186.0836184362666,187.7151441850968,48794400,65.13535613582167,3.56707612247763,3.57808053924307,193.68871213916682,174.9463769721613,184.31754455566406
2023-12-01,189.09950256347656,189.4159130354433,187.11199034893104,188.1996843513192,45704800,67.59103227062931,3.5111802411875885,3.564700479631974,193.63188494399867,176.37800580307163,185.00494537353515
2023-12-04,187.3097381591797,187.9228088748552,185.3519041538941,187.85358512953687,43389500,61.089412156881444,3.284600492925989,3.508680482290777,192.8260261507967,178.4705390957853,185.648282623291
2023-12-05,191.25511169433597,192.22413865175915,188.0513705178724,188.08104861869373,66628400,68.32299647458098,3.3843800548653746,3.483820396805697,192.7475812033133,179.97541989531953,186.36150054931642
2023-12-06,190.16741943359372,192.5800964734148,189.95976327032972,192.27356863697855,41089700,64.74925504393137,3.337219017865607,3.454500121017679,192.66027297906842,181.12462844915424,186.89245071411133
2023-12-07,192.09559631347656,192.817421410012,191.42319951100376,191.46276025185608,47477700,67.94972328088372,3.4160531813708417,3.4468107330883115,192.8942816422586,182.0396783186789,187.46697998046875
2023-12-08,193.51950073242188,193.79636559429088,191.50232520965804,192.0263919187675,53406400,70.10805432042791,3.552476275299398,3.4679438415305293,193.05843683983878,183.21437199805186,188.13640441894532
2023-12-11,191.01780700683597,191.32434997590968,189.27751140798415,190.948598334338,60943700,62.184720649213276,3.4193110941391183,3.4582172920522476,193.21659043057548,183.72662856356516,188.47160949707032
2023-12-12,192.5306854248047,192.54056806660665,189.57414602172835,190.9189246189266,52696900,64.77721764504594,3.3966983491461917,3.445913503471037,193.23477060215814,184.68835714442392,188.96156387329103
2023-12-13,195.74429321289065,195.7838388648497,192.66910200901864,192.9064060967763,70404200,69.55228195711322,3.5966291747780303,3.4760566377324356,194.35600758870706,184.60734690348042,189.48167724609374
2023-12-14,195.89260864257807,197.38570218691584,193.96443748585023,195.80361960949875,66831600,69.75606684830811,3.7241143382563564,3.52566817783722,195.31245140438352,184.64959998721804,189.98102569580078
2023-12-15,195.3586578369141,196.17935458626624,194.79503045579116,195.3190970971854,128538400,67.99176399453486,3.73896146089146,3.568326834448068,196.06675095585064,184.67250227901263,190.36962661743163
2023-12-18,193.69747924804688,194.42920214917604,192.21426816132805,193.89523770867532,55751900,62.680212755449965,3.5754689036060086,3.569755248279656,196.39675230271368,184.9555624555871,190.6761573791504
2023-12-19,194.73570251464844,194.74558515548247,193.69745188302565,193.96443406555755,40714100,64.54447948034081,3.489451589067329,3.553694516437191,196.8933110544542,185.00186106468644,190.9475860595703
2023-12-20,192.6493377685547,195.46742966263125,192.6493377685547,194.69616113684165,52242800,58.24752535053128,3.2158596211327506,3.486127537376303,197.03412329592078,185.27536156736045,191.1547424316406
2023-12-21,192.50100708007807,194.8741537657828,191.3342216528088,193.9051267903215,46482500,57.8156659086103,2.9530263192983455,3.379507293760712,197.15485536412461,185.48785856409802,191.32135696411132
2023-12-22,191.4330902099609,193.22282892375424,190.81013681243016,192.9953923922105,37149600,54.672789581516625,2.628260120879702,3.2292578591845102,197.11193698874047,185.88971401223608,191.50082550048828
2023-12-26,190.8892517089844,191.719846217368,190.6717128965979,191.4429813812401,28919300,53.090040739071235,2.300478858554982,3.043502059058605,197.00183956508016,186.32216403599404,191.6620018005371
2023-12-27,190.98809814453125,191.33418668795235,188.95115779593849,190.33549688162287,48087700,53.354359250868704,2.025339079699677,2.8398694631868193,196.91930133480994,186.67662304263146,191.7979621887207
2023-12-28,191.41331481933597,192.4812284908812,191.00790021395272,191.967044481322,34049900,54.540992283131324,1.8206133571655414,2.6360182419825637,196.69102023855822,187.3211913703285,192.00610580444337
2023-12-29,190.37506103515625,192.2241257878035,189.58401220758475,191.72972215657148,42672100,51.12131365036509,1.5566443170442312,2.4201434569948974,196.48306023444846,187.784266120532,192.13366317749023
2024-01-02,183.5621795654297,186.3308429174033,181.8317668564464,185.0552730997862,82488700,35.4253395024468,0.788613706064524,2.093837506808823,197.4660282971353,186.2475657580405,191.8567970275879
2024-01-03,182.187744140625,183.79950485996184,181.37691491631995,182.1580811288092,58414500,33.21003326416782,0.06825169826336719,1.6887203450997321,198.36561381421788,184.83578083910245,191.60069732666017
2024-01-04,179.87393188476562,181.04071720671112,178.85546161628733,180.11123597031312,71983600,29.82831844469831,-0.6814899031681136,1.2146782954461632,199.51387284160774,182.54940383075552,191.03163833618163
2024-01-05,179.152099609375,180.7144169560074,178.15340966673114,179.953046197359,62379700,28.84162935819026,-1.318710086905753,0.7080006189757799,200.42120647953405,180.54053821040733,190.4808723449707
2024-01-08,183.48306274414065,183.5226234816637,179.46850790157933,180.0519005320401,59144500,41.372608304417824,-1.4574386977512859,0.27491275563036677,200.41079036767366,179.68970096533417,190.0502456665039
2024-01-09,183.0677795410156,183.07766218215255,180.68475037086023,181.8614334502317,42841800,40.63370102025928,-1.5826482216231454,-0.09659943982033567,200.18562950004863,178.86968971381853,189.52765960693358
2024-01-10,184.1060333251953,184.31367440860305,181.8614365329183,182.2866315170422,46792900,43.35742967189653,-1.579887310572559,-0.3932570139707804,200.07010538924467,178.29403645645843,189.18207092285155
2024-01-11,183.51272583007807,184.9563909902637,181.5647744262664,184.45208965863696,49128400,42.16685651677255,-1.6070491626582566,-0.6360154437082757,199.77298934842176,177.68935653780872,188.73117294311524
2024-01-12,183.83908081054688,184.6499101684802,183.11725559073133,183.9775132511691,40477800,43.09252812506086,-1.5839818498941725,-0.8256087249454551,198.88086977326688,177.39095487272922,188.13591232299805
2024-01-16,181.5746917724609,182.1976301200088,178.90489995610474,180.12114381484557,65603000,38.48927025641356,-1.7284931167224045,-1.0061856033008452,197.9071866715322,176.93284628745215,187.42001647949218
2024-01-17,180.6353302001953,180.88253205239923,178.28197882705663,179.2411232206481,47317400,36.736104952683945,-1.8969510937432403,-1.1843387013893243,196.90221411207526,176.46548608323727,186.68385009765626
2024-01-18,186.51873779296875,187.0230241166397,183.7500741577492,184.00715864056133,78005800,51.60462858113862,-1.537984503168019,-1.2550678617450632,196.02372086324903,176.62610518655566,186.32491302490234
2024-01-19,189.4159393310547,189.8015736058004,186.70661676571424,187.2109030979192,68903000,56.96800035095976,-1.0081001912384693,-1.2056743276437445,195.08923424241513,177.02861548903016,186.05892486572264
2024-01-22,191.7198181152344,193.1437028283241,190.10805762916755,190.147618364531,60133900,60.698043430269976,-0.39767514137346893,-1.0440744903896895,194.91527323274656,177.1096245333667,186.01244888305663
2024-01-23,192.9954071044922,193.55903452389103,191.66052626402544,192.83720939883852,42355600,62.629508884697096,0.1868663998731961,-0.7978863123371124,195.01435667872758,177.05998108982712,186.03716888427735
2024-01-24,192.32302856445312,194.18199120084623,192.16481576816375,193.23272951111284,53631300,60.92974004246122,0.5890739757200549,-0.520494254725679,195.17348596010325,176.98984564390068,186.08166580200196
2024-01-25,191.9967193603516,194.07322080915367,190.94858599423333,193.03497008475264,54822100,60.07757557820255,0.8714504137262225,-0.24210532103529875,195.357881023052,176.91619734608864,186.1370391845703
2024-01-26,190.26629638671875,192.5801018175765,189.7916731135176,192.09559590318423,44594000,55.63391054295078,0.9447150163902336,-0.0047412535501922815,195.25093885810642,176.95095933525297,186.1009490966797
2024-01-29,189.583984375,190.04872492717024,187.45805510800795,189.86084916080364,47145600,53.93975487824775,0.9369206270424115,0.1835911225683285,194.98004048193008,177.03892466699568,186.00948257446288
2024-01-30,185.93533325195312,189.65325866018404,185.37172089064356,188.80288370915284,55859400,45.89184273723557,0.6290762651502746,0.2726881510847177,194.5318224548586,177.04316991574686,185.78749618530273
2024-01-31,182.3360595703125,185.0058513431809,182.2866312758536,184.94651023142663,55467800,39.6130049726996,0.09359715498825949,0.2368699518654261,194.5489042994544,176.90347607163935,185.72619018554687
2024-02-01,184.76852416992188,184.857513201702,181.7625567551165,181.93065217781276,64885400,45.08162541018264,-0.13296163454290877,0.16290363458375912,194.5415969455791,177.16886142844436,185.85522918701173
2024-02-02,183.7698516845703,185.23328233515724,177.2437171517322,177.84689023760967,102551700,43.34604369407669,-0.3886159085393217,0.052599725959142946,194.35759878836285,177.74245156564103,186.05002517700194
2024-02-05,185.57933044433597,187.13176501057416,183.75992879401903,186.04407104136263,69668800,47.30457005008811,-0.4401402858653114,-0.04594827640574792,194.0610370115194,178.68173642598057,186.37138671875
2024-02-06,187.18121337890625,187.19109601961685,184.67953227102765,184.76852130142623,43490800,50.59559332712466,-0.34770701080324784,-0.1063000232852479,194.1363100295849,178.97627847139168,186.5562942504883
2024-02-07,187.2899932861328,188.91163664571195,186.49894443287428,188.50622203381667,53439000,50.82021271552394,-0.2626477057103216,-0.13756955977026264,194.18037223846784,179.35443763702045,186.76740493774415
2024-02-08,186.21221923828125,187.41855040104747,185.25307484073457,187.27023532431497,40962000,48.46891009668645,-0.27898894108480476,-0.16585343603317107,194.1906914450844,179.55473702171244,186.87271423339843
2024-02-09,186.9745635986328,188.10324181676,186.1329987846296,186.7765376843336,45155200,50.22322267896242,-0.22779874699304514,-0.17824249822514587,194.19962450839063,179.8919877352617,187.04580612182616
2024-02-12,185.29139709472656,186.79630612181435,184.93497167008087,186.5487888854563,41781900,46.46226377759913,-0.31936616507331905,-0.20646723159478053,194.16930826645694,180.0675356056134,187.11842193603516
2024-02-13,183.20237731933597,184.3607714461939,181.68757282391297,183.9251386304961,56529500,42.23493526821776,-0.5541129714058286,-0.2759963795569902,194.02688441014982,180.372728016608,187.1998062133789
2024-02-14,182.3211975097656,183.68749754312392,180.6281880058035,183.47959151637605,54630500,40.55862084739385,-0.8020102777414024,-0.38119915919387265,193.82032713992288,180.74787201779196,187.28409957885742
2024-02-15,182.0341033935547,182.6578517542401,179.54903541760635,181.727184392981,65434500,40.00155699036649,-1.0099941905198193,-0.506958165459062,193.98204147196134,180.1376942458121,187.05986785888672
2024-02-16,180.49951171875,183.0142959229048,179.8658680410646,181.59848912459185,49752500,37.07063000870909,-1.2838522137292898,-0.6623369751131076,194.00450659226883,179.22358636427415,186.6140464782715
2024-02-20,179.75694274902344,180.6182980286837,178.2124373755958,179.98465441119404,53665600,35.70726140469654,-1.5430188196552876,-0.8384733440215437,193.59072880270267,178.44107661721918,186.01590270996093
2024-02-21,180.5094146728516,181.07374623255757,178.8658962581704,180.13318356154335,41371400,38.188073045476635,-1.6684590688969934,-1.0044704889966338,192.61244625570785,178.17075992104995,185.3916030883789
2024-02-22,182.53903198242188,183.1231842228548,180.64801151557128,181.6578711029192,52292200,44.41789193685975,-1.585817893962286,-1.1207399699897642,191.47521169348747,178.32959482506723,184.90240325927735
2024-02-23,180.7074279785156,183.2023913936763,180.42029946099493,183.17269052734747,45119700,40.455289007835674,-1.6491093966018298,-1.2264138553121775,190.28613413474116,178.38974324562994,184.33793869018555
2024-02-26,179.36093139648438,180.94503297704767,178.85598645977296,180.4302078946742,40867400,37.786480517752686,-1.7873163194973927,-1.3385943481492206,189.45983856202264,178.125502319325,183.79267044067382
2024-02-27,180.81629943847656,182.0934817527884,177.77678047240937,179.3014951345761,54318900,42.223066025686265,-1.7591320840059836,-1.4227018953205732,188.49354343352067,178.21502895417464,183.35428619384766
2024-02-28,179.61834716796875,181.30146173701144,178.34116458472795,180.6975189384851,48953900,39.71265750526913,-1.8125664728323443,-1.5006748108229275,188.27981162739283,177.79706215190404,183.03843688964844
2024-02-29,178.95497131347656,180.75690414056305,177.74708592784262,179.4698114222519,136682600,38.35279051839951,-1.8866938658856043,-1.577878621835463,188.40056345432606,177.3382014992872,182.86938247680663
2024-03-01,177.8758087158203,178.73716395290236,175.61845249589473,177.76690051629518,73563100,36.18221670633938,-2.009357143265902,-1.664174326121551,188.38859149143502,176.66090191676813,182.52474670410157
2024-03-04,173.361083984375,175.14319605787904,172.06408093389737,174.40064432483445,81510100,28.83090362029128,-2.442711175137674,-1.8198816959247757,189.06020917194363,174.94840746623996,182.0043083190918
2024-03-05,168.43055725097656,170.33148818677603,167.93552268101038,169.06420089624305,95132400,23.27033598021187,-3.1477147722867755,-2.085448311197176,190.15453970208955,172.1391996167581,181.14686965942383
2024-03-06,167.44046020507812,169.53941670485264,167.00482743895031,169.36119643359416,68587700,22.338614233409658,-3.743178725027576,-2.416994393963256,190.52957729364596,169.7900867078189,180.15983200073242
2024-03-07,167.32168579101562,169.03450118476172,166.81675596481475,167.47019012011697,71765100,22.22365894448481,-4.176527886558489,-2.7689010924823028,190.40152534551106,167.92130790644205,179.16141662597656
2024-03-08,169.0345001220703,171.97500667784078,167.2622830078253,167.3216847390924,76267000,27.979403578701877,-4.331815939564905,-3.081484061898823,189.87652858646456,166.72853275386748,178.30253067016602
2024-03-11,171.03443908691406,172.6482565736913,170.34139373001014,171.2225546353428,60139500,34.11079980416301,-4.244575654103016,-3.314102380339662,188.7723231071114,166.2387257820488,177.5055244445801
2024-03-12,171.50965881347656,172.3017170819102,169.31170429451927,171.43045147590772,59825400,35.5156163807158,-4.089944504638112,-3.4692708051993524,187.7757945987894,165.8570804622458,176.8164375305176
2024-03-13,169.43052673339844,171.4700666239107,169.06419090034882,171.05423942259554,52488700,32.273532860592056,-4.088042379626046,-3.5930251200846914,187.12626120209174,165.12942880034964,176.1278450012207
2024-03-14,171.28195190429688,172.57893998999515,170.34138929390355,171.1928493122845,72913500,37.725160987814775,-3.8922726967714425,-3.652874635422042,186.3819700061096,164.76979543578494,175.57588272094728
2024-03-15,170.90570068359375,170.90570068359375,168.5988381717502,169.47010369924573,121752700,37.072073865007525,-3.7245498494995957,-3.667209678237553,185.58135191203195,164.4575732588665,175.01946258544922
2024-03-18,171.9947967529297,175.94517770513775,171.7967859641753,173.82643054023092,75604200,40.29410820569271,-3.4638185892740694,-3.6265314604448564,184.9215564706834,164.266897203633,174.5942268371582
2024-03-19,174.3313446044922,174.85607994565953,171.31163124958826,172.6086191723699,55215200,46.61006707546248,-3.033676963169057,-3.507960560989697,184.3749348180836,164.2709590417797,174.32294692993165
2024-03-20,176.89564514160156,176.89564514160156,173.35119593354975,173.97494430389506,53423100,52.543387045736196,-2.4575400114009085,-3.29787645107194,183.86754229458077,164.41697461215753,174.14225845336915
2024-03-21,169.66812133789062,175.72735394947048,169.14338597139206,175.29172116809335,106181300,39.290026637586166,-2.5546991131731716,-3.149240983492186,182.59964484210087,164.3977810001843,173.49871292114258
2024-03-22,170.56910705566406,171.33146450930536,168.37115239719608,170.05426688241553,71160100,41.27849276378123,-2.529834031797151,-3.0253595931531794,181.5429669626722,164.4406267873278,172.991796875
2024-03-25,169.1533203125,170.23249206020807,167.76721443821097,168.87610215909345,54288300,39.11069716392761,-2.594463078244445,-2.9391802901714326,180.6615240328973,164.30130860870426,172.48141632080078
2024-03-26,168.02462768554688,169.71763732680742,167.8959138727621,168.31174106723407,57388400,37.423367678272086,-2.705569998514278,-2.892458231840002,179.28202299886365,164.40164246744493,171.8418327331543
2024-03-27,171.58885192871094,171.87598039200594,168.42063422483255,168.7176579392829,60273300,45.429717397863655,-2.4774612927352564,-2.809458844019053,177.96949786542646,164.91121807695637,171.44035797119142
2024-03-28,169.77703857421875,170.51959037094832,168.81667037520145,170.0443614510728,65672700,42.45603282649641,-2.4150425880788475,-2.7305755928310123,176.5534238979297,165.40949877052736,170.98146133422853
2024-04-01,168.34146118164062,169.54934678777494,167.79692011211174,169.48994505423667,46240500,40.210143629515954,-2.4531361859687593,-2.675087711458562,175.19784996311782,165.81163795192126,170.50474395751954
2024-04-02,167.16326904296875,167.65830361021796,166.55932626663449,167.40089107386055,49329500,38.41411228889329,-2.54901246676269,-2.6498726625193876,174.91104554435745,165.478660876541,170.19485321044922
2024-04-03,167.9652099609375,168.98497988400436,166.90584392266877,167.11374996517486,47691700,40.36655857818014,-2.5311081409739415,-2.626119758210298,174.92679545298958,165.41637623890497,170.17158584594728
2024-04-04,167.1434783935547,170.2126836435028,167.1434783935547,168.59886612133832,53704400,39.002106659426595,-2.553787234224444,-2.611653253413128,174.94768800959486,165.36578550114734,170.1567367553711
2024-04-05,167.89590454101562,168.69785802201392,167.27215623034843,167.90579979250484,42104800,40.96967697689783,-2.4824301674953233,-2.5858086362295674,174.91457935891876,165.45631602682343,170.1854476928711
2024-04-08,166.77713012695312,167.51968192191484,166.5692240844266,167.3513719945941,37425500,38.95748387705883,-2.4874807930601435,-2.5661430675956827,175.00939180711515,165.13576657911534,170.07257919311525
2024-04-09,167.98500061035156,168.39093251447707,166.67811742351924,167.02463249925154,42373800,42.2549791696893,-2.366736135860549,-2.526261681248656,174.9166750925342,164.92353944604002,169.92010726928712
2024-04-10,166.11380004882812,167.41078821247058,165.45045553411236,167.1236748074244,49709300,38.76165622008893,-2.39443382944836,-2.4998961108885966,174.8528903471456,164.44773831496377,169.6503143310547
2024-04-11,173.3016815185547,173.7175238179071,166.49001666248702,166.66822184170525,91070300,54.367850867681355,-1.8154550524298543,-2.363007899196848,175.2820495186376,164.4056946219874,169.8438720703125
2024-04-12,174.79672241210938,176.58874526879185,172.47996408161129,172.5294554564089,101670900,56.83202883022094,-1.2218877335998286,-2.1347838660774445,175.84565285628713,164.1935683351191,170.0196105957031
2024-04-15,170.97503662109375,174.8759113224836,170.7869210734751,173.61851932570818,73531800,49.4769010039143,-1.0477812906818542,-1.9173833509983265,175.8513067117295,164.19484807342675,170.02307739257813
2024-04-16,167.69790649414062,172.0343988146065,166.59892920522176,170.04436539186383,73711200,44.19496373633183,-1.160856067290183,-1.766077894256698,175.64667212586244,163.9697936334149,169.80823287963867
2024-04-17,166.3316192626953,168.95529649982927,166.3316192626953,167.92563121825307,50901200,42.17351134507705,-1.345209861531174,-1.681904287711593,175.0450078536877,163.77148537140994,169.40824661254882
2024-04-18,165.38111877441406,166.96523521407434,164.8959946340493,166.36129252101995,43122900,40.776202118379146,-1.5501399687733795,-1.6555514239239504,173.57367611248554,164.09136447589339,168.83252029418946
2024-04-19,163.36138916015625,164.74747975255278,162.45052746983075,164.559379327856,68149400,37.90247265513159,-1.8541503642597945,-1.6952712119911193,173.80186145618495,163.23250591442053,168.51718368530274
2024-04-22,164.1930389404297,165.59893510418706,163.13367296874276,163.8762247169617,48116400,39.78430419693122,-2.004862795752871,-1.7571895287434698,173.71370840643527,162.68305215264678,168.19838027954103
2024-04-23,165.24252319335938,165.39104261951863,163.28219064755024,163.70792820716713,49537800,42.16612382465731,-2.0163753552843957,-1.809026694051655,173.64473169652754,162.36094915064044,168.002840423584
2024-04-24,167.34146118164062,167.61867928406764,164.55936979904956,164.8860792640679,48251800,46.70640301026273,-1.8349798817178566,-1.8142173315848955,173.61789970212584,162.31946449465153,167.96868209838868
2024-04-25,168.20285034179688,168.91570135131437,166.48012455092012,167.84642483703811,50558300,48.49349463887232,-1.6032346645040718,-1.7720207981687308,173.20205270122204,162.39671133686392,167.79938201904298
2024-04-26,167.6186981201172,169.63843239437367,167.49987955768665,168.19293999888993,44838400,47.33429297611042,-1.4499964560004344,-1.7076159297350715,173.0174926351264,162.36543735754938,167.69146499633788
2024-04-29,171.7769775390625,174.28185098854456,171.38095596804143,171.64826373021612,68169400,55.49069534461991,-0.9816992568751743,-1.5624325951630922,173.47593412686098,162.25054750155698,167.86324081420898
2024-04-30,168.63845825195312,173.25218351807536,168.31173366197407,171.6086653165762,65934800,49.28638510823568,-0.85397849690969,-1.4207417755124119,173.5497326492611,162.3242679000553,167.9370002746582
2024-05-01,167.6186981201172,170.99483730573115,167.43058257791944,167.8959162536964,50383100,47.43075550695907,-0.8255288123320668,-1.301699182876343,173.53409077865018,162.30525858658422,167.9196746826172
2024-05-02,171.3116455078125,171.69777183075684,169.19289835753364,170.79680537480178,94214900,54.161383694521646,-0.4992373440595941,-1.1412068151129933,173.91846549620234,162.33770058045783,168.1280830383301
2024-05-03,181.5588531494141,185.14289799826796,180.84600228009177,184.796367814728,163224100,66.84599075076237,0.5795344995757716,-0.7970585521752404,177.0409390386881,160.58152189881193,168.81123046875
2024-05-06,179.90545654296875,182.3707188474722,178.62825898838415,180.53910014061185,78569700,63.77922270416865,1.2862268472138112,-0.3804014722974301,178.94358638403602,159.99170719506552,169.46764678955077
2024-05-07,180.58859252929688,183.06376520709568,179.51933122687228,181.6281680754234,77305800,64.50382863216879,1.8797405105437406,0.07162692427080403,180.70444529995316,159.49120747104294,170.09782638549805
2024-05-08,180.92523193359372,181.25195654794928,179.6480343404535,181.03414013837892,45057100,64.87671942389477,2.350176974059025,0.5273369342284482,182.26549860334322,159.41129735612944,170.83839797973633
2024-05-09,182.737060546875,182.826163139894,180.3014839202349,180.7470119925852,48983000,66.89258805499176,2.8365032439801894,0.9891701961787964,183.8317661064478,158.7885677558569,171.31016693115234
2024-05-10,181.47796630859372,183.5004400954196,180.5658691005941,183.31206939842303,50759500,64.13768548932069,3.0847627100216073,1.4082886989473586,184.8574675904234,158.4309906615297,171.64422912597655
2024-05-13,184.68020629882807,185.4931713127623,183.03445892506747,183.84742393900163,72044800,67.77289813072353,3.499563342636577,1.8265436276852025,186.70339210404597,157.9555831156806,172.3294876098633
2024-05-14,185.82034301757807,186.6828817403559,184.6901339480471,185.89965779253163,52393600,68.97860188035173,3.8756196068063105,2.2363588235094243,188.57950824150487,157.89171063056546,173.23560943603516
2024-05-15,188.0906524658203,189.01265820085425,185.76082862824447,186.29619948475903,70400000,71.28257625031702,4.307191284214383,2.650525315650416,190.61165858834153,158.0354636040413,174.3235610961914
2024-05-16,188.20965576171875,189.458844598736,188.0312088580003,188.83425018022737,52845200,71.40247188977415,4.6057255817514715,3.0415653688706272,192.27754185566545,158.6524340354478,175.46498794555663
2024-05-17,188.23936462402344,189.17129419091543,187.5552880216136,187.88245575005936,41282900,71.43453538910443,4.789503010925898,3.391152897281682,193.4364194579674,159.9813539795326,176.70888671875
2024-05-20,189.3993377685547,190.2717851507536,187.38677266186556,187.70403175639103,44361300,72.7206029585232,4.97144041555876,3.7072104009370976,194.53232325552415,161.40608006478834,177.96920166015624
2024-05-21,190.6980743408203,191.0748005548645,189.28034753675723,189.44888573499304,42309400,74.12521707494187,5.160932292012433,3.997954779152165,195.60866236120256,162.87529607385602,179.2419792175293
2024-05-22,189.2605438232422,191.1640681663492,188.63596455316463,190.6187885434668,34648500,69.83875080438784,5.135905746042397,4.225544972530212,196.30081895134728,164.3750477478715,180.3379333496094
2024-05-23,185.2750701904297,189.35968258649527,185.02721720275105,189.3398501117122,51005900,59.55605667350112,4.739839692353883,4.328403916494946,196.26874985049875,166.1143388335833,181.19154434204103
2024-05-24,188.3484344482422,188.94328765804343,186.42509288132968,187.1984081051696,36327000,63.9624611323519,4.620684922225649,4.3868601176410875,196.24319047069136,168.21287184620317,182.22803115844727
2024-05-28,188.35836791992188,191.3425125399711,187.4760118609873,189.86530324069457,52280100,63.976122463777706,4.475465081008764,4.404581110314623,196.44913438745095,169.66506696752953,183.05710067749024
2024-05-29,188.6557464599609,190.5989202616182,187.88244645923604,187.9815936912238,53068000,64.41107911249671,4.334408905688008,4.3905466693893,195.8913570638676,172.22457311191368,184.05796508789064
2024-05-30,189.64718627929688,190.52954231443272,188.9928658858645,189.12173915319045,49889100,65.88978365217267,4.253589051287548,4.36315514576895,194.50682774218598,175.81195124951324,185.1593894958496
2024-05-31,190.59896850585935,190.9162276263297,188.27906791647348,189.79592715782172,75158300,67.29466952308564,4.217720350941306,4.334068186803421,193.28059815724725,178.96691313425663,186.12375564575194
2024-06-03,192.36366271972656,193.31542486412093,190.86663609575575,191.24336235629545,50080500,69.77991243431948,4.282326231252711,4.323719795693279,193.99015314783676,179.33783910069835,186.66399612426756
2024-06-04,192.680908203125,193.64257895328527,191.37223723797064,192.9684109970025,47471400,70.21805358963758,4.30944926742302,4.320865690039227,194.38411955448848,180.22141786006225,187.30276870727536
2024-06-05,194.18783569335935,195.20898869639487,193.19642383583025,193.7218709101011,54156800,72.2743321085283,4.401799716436415,4.337052495318665,194.96563375795515,180.99982797300183,187.9827308654785
2024-06-06,192.80978393554688,194.81244022862765,192.5024486640224,194.0093990023229,41181800,67.6728158014669,4.314061042345799,4.332454204724092,195.06131942687588,182.09259750427643,188.57695846557615
2024-06-07,195.19911193847656,195.2486855650071,192.47272888451312,192.978343568532,53103900,71.1075714993591,4.386758491171236,4.343315062013521,195.71493721288348,182.685184857429,189.20006103515624
2024-06-10,191.46145629882807,195.60556579928584,190.49978557066368,195.20899197297103,97010200,60.31212094644123,4.09556306824291,4.293764663259399,195.22585685350077,184.1726142158351,189.69923553466793
2024-06-11,205.37098693847656,205.38091074009856,191.96710777388117,191.9869251216324,172373300,75.32534331765575,4.930337610499009,4.421079252707321,199.12097235169807,182.34657678160266,190.73377456665037
2024-06-12,211.2401428222656,218.30889945026047,205.1231180281253,205.58908283581823,198134300,78.944656822941,5.996371836779701,4.736137769521797,203.96960013260002,180.03992898116945,192.00476455688474
2024-06-13,212.4001007080078,214.888539245905,209.7827737762817,212.8958066808934,97862700,79.58209422240577,6.855781368633984,5.160066489344235,207.9639709013019,178.47650303668635,193.22023696899413
2024-06-14,210.66514587402344,213.3221228300664,209.48536314811372,212.0134668282421,70122700,75.88174136012012,7.312578406907022,5.590568872856792,210.71918271329818,177.9668402359205,194.34301147460934
2024-06-17,214.8092498779297,217.069668171382,210.8931752545736,211.5375870444337,93728300,78.45827284403597,7.917717392681453,6.055998576821725,214.04109686818663,177.3019146064227,195.67150573730467
2024-06-18,212.44964599609372,216.7523850703462,211.1707313217612,215.7213082393038,79943300,73.63473830882153,8.113368226943095,6.467472506846,216.33201671780682,177.31602557955642,196.82402114868162
2024-06-20,207.87924194335935,212.4000929584359,207.05638337080816,212.0927425591543,86172500,65.26508046468493,7.809605244144308,6.735899054305662,217.54631447250313,177.81984458511403,197.68307952880858
2024-06-21,205.7080841064453,210.0702909143085,205.33134270047415,208.58317289420788,241805100,61.678502615574665,7.309418176680367,6.850602878780604,218.26742012877267,178.74349295716476,198.50545654296872
2024-06-24,206.35247802734372,210.87331399723783,204.8157865138524,205.93608683303725,80727000,62.33999444670745,6.885640152537491,6.857610333531982,218.62235812566036,180.49629574396852,199.55932693481444
2024-06-25,207.2744903564453,209.56464939365068,206.8184342324815,207.35378999494392,55549700,63.31572943846333,6.548702340473142,6.795828734920215,219.12242670274802,181.88883275770118,200.5056297302246
2024-06-26,211.4185791015625,213.01475280094436,208.8309935423844,209.68360834691896,66213200,67.40360840556266,6.540673215640339,6.74479763106424,219.97733825115444,183.3399423274588,201.65864028930662
2024-06-27,212.26129150390625,213.8872063968936,210.52632069800987,212.8462208878068,49772700,68.18012655469165,6.527069925252988,6.70125208990199,220.6902668019221,184.98756828108574,202.83891754150392
2024-06-28,208.8111724853516,214.21437951883613,208.4939285392998,213.9169529190877,82542700,61.69968759576617,6.166806343836868,6.594362940688965,220.7478483353851,186.84638536822817,203.79711685180663
2024-07-01,214.8885498046875,215.6420174745076,210.100028055994,210.26856627972688,60402900,67.55056008385964,6.2990765850807975,6.535305669567332,221.4795409393967,188.54365089409936,205.01159591674804
2024-07-02,218.3782958984375,218.48735180877676,213.2526983679821,214.293668724795,58046200,70.35137957152482,6.609307071196923,6.550105949893251,222.68808077129526,189.9365743800719,206.31232757568358
2024-07-03,219.64730834960935,219.64730834960935,217.1489461385908,218.11061688690268,37369800,71.32077736438161,6.878277168148372,6.6157401935442754,223.76327621876362,191.55801894725198,207.6606475830078
2024-07-05,224.39617919921875,224.50523511983303,219.74645469045157,219.74645469045157,60412400,74.65978213559052,7.389451104838145,6.77048237580305,225.5991346528457,192.74299486375588,209.1710647583008
2024-07-08,225.8634796142578,225.89322076278884,221.3327197032473,225.13973799267995,59085900,75.60485738735905,7.822782842135695,6.980942469069579,226.9837326236729,194.66376646079976,210.82374954223633
2024-07-09,226.7160797119141,227.4298975332092,224.4259205051531,225.97252074204383,48076100,76.16121143120743,8.14115292510624,7.212984560276912,228.30240372770527,196.49679213411116,212.39959793090821
2024-07-10,230.97915649414065,231.0783037422216,227.28119408246096,227.3307677065015,62627700,78.76851029455551,8.637886004931914,7.4979648492079125,229.16201702420008,199.58894885714759,214.37548294067383
2024-07-11,225.6156463623047,230.39424455320685,223.8311016555944,229.40283250811748,64710600,68.6023641245312,8.500768538381834,7.698525587042697,230.3408156891586,200.43461613457185,215.38771591186523
2024-07-12,228.5601043701172,230.64207551688347,226.71607753741577,226.9540218514806,53046500,70.82827023940776,8.531351007794797,7.8650906711931174,232.12372575049494,200.3837022280207,216.25371398925782
2024-07-15,232.386962890625,235.1926606193721,231.0882156126273,234.44910163171727,62631300,73.46160610787247,8.763364721844965,8.044745481323488,234.48525961754282,200.0208545792345,217.25305709838867
2024-07-16,232.8033599853516,234.24090427881208,230.33473879844303,232.98180687397965,43234300,73.7393848048223,8.878491306257388,8.211494646310268,236.5734262217292,200.14650938618095,218.35996780395507
2024-07-17,226.91436767578125,229.47221227385296,224.69359950369105,227.479464610192,57345900,63.60024585325477,8.397733644777077,8.248742446003629,237.46870338395914,200.4617440037362,218.96522369384766
2024-07-18,222.25474548339844,228.46099458072425,220.36115997030524,228.30236502251043,66034600,56.93006450087372,7.553663237731769,8.109726604349257,237.7609696765552,201.1499876598706,219.4554786682129
2024-07-19,222.3836212158203,224.85224251867805,221.36246807560823,222.8892510128404,49151500,57.064187623720045,6.816553567131848,7.851091996905776,237.72778238371308,202.63361287995878,220.18069763183593
2024-07-22,222.03662109375,225.82380677595344,221.174082433242,225.06041535891617,48201800,56.55352708893357,6.133683546899704,7.507610306904562,237.24617226918969,204.74807669321268,220.99712448120118
2024-07-23,223.0775909423828,224.9910238167192,220.76759935066607,222.44308791792704,39960300,57.774310483024074,5.611812224991695,7.128450690521989,236.6390139932775,207.02774626062876,221.83338012695313
2024-07-24,216.6631622314453,222.86941075843336,215.26528287042115,222.07627816799848,61777600,48.694645716919155,4.627294087296747,6.628219369876941,235.76681382970983,208.8388136116964,222.3028137207031
2024-07-25,215.62217712402344,218.95332167523745,212.77681471652627,217.0497975364767,51391200,47.39291929200732,3.7201737248377356,6.046610240869101,235.41010434440543,209.61588289924694,222.51299362182618
2024-07-26,216.0881500244141,217.6050090608147,214.15488466672127,216.8217851678197,41601300,48.06222218453369,3.0042433733715654,5.438136867369594,235.090831625816,210.31784146988713,222.70433654785157
2024-07-29,216.36572265625,217.4166167728476,213.89710176005343,215.0967167274064,36311800,48.48268960192308,2.431235434752523,4.836756580846179,234.14037096629204,212.02375714650094,223.0820640563965
2024-07-30,216.92092895507807,218.43778796730905,214.2639371695869,217.3075789949067,41643800,49.36568081702798,1.9988811655443612,4.269181497785816,233.97303091136015,212.39433511647186,223.183683013916
2024-07-31,220.1727752685547,221.8978375670677,218.73523091700037,219.53827220377053,50036300,54.305668235681956,1.89676933672078,3.794699065572809,233.93045115584437,212.61636280899938,223.27340698242188
2024-08-01,216.4846954345703,222.55213120715743,215.15620716620225,222.4430752969037,62501000,48.5235327381102,1.500945787931812,3.33594841004461,234.07247360361663,212.15807906972321,223.11527633666992
2024-08-02,217.9718475341797,223.6625579805,215.8403177402066,217.26793834308685,105568600,50.79843017132653,1.292356043545368,2.927229936744762,233.95695727664017,211.63116223019577,222.79405975341797
2024-08-05,207.4727935791016,211.6664621054212,194.3167520967801,197.3802115476467,119548600,38.02292523202526,0.2766719563014135,2.397118340656092,234.7699540822234,208.97909682109693,221.87452545166016
2024-08-06,205.4502868652344,208.18659343179937,199.343200967242,203.5368691310161,69660500,36.13749562476824,-0.683584453401096,1.7809777818446546,235.33820153551076,206.2842700831416,220.81123580932618
2024-08-07,208.01806640625,211.80525225793107,204.61751548926864,205.12313014700663,63516400,40.192338800785414,-1.2232948457263149,1.180123256330461,234.42178324055294,204.90457936931034,219.66318130493164
2024-08-08,211.4780731201172,212.36042911915672,207.03655197769595,211.2797937627113,47161100,45.237927904165204,-1.356192254610221,0.6728601541423245,233.86034412390774,204.0522611617368,218.95630264282227
2024-08-09,214.3829040527344,214.9182597959333,210.1495712142523,210.2784595957283,42201600,49.118896966262255,-1.2131345688875683,0.2956612095363459,232.59516425064132,203.89972100326494,218.24744262695313
2024-08-12,215.91146850585935,217.8767320905019,213.9958359256548,214.4623401059105,38028100,51.08344977729045,-0.9652906756203947,0.04347083250499775,230.23962846477616,204.60770735065353,217.42366790771484
2024-08-13,219.6236572265625,220.2390393048837,217.380462936734,217.380462936734,44155300,55.57001824384643,-0.463981508866425,-0.0580196357692868,227.5430316355375,205.9863339040133,216.7646827697754
2024-08-14,220.07028198242188,221.3705324358261,218.06530765715263,218.9288446755302,41960600,56.09181502026032,-0.030302192465086364,-0.05247614710844672,226.28587372584397,206.5590832443709,216.42247848510743
2024-08-15,223.0479736328125,223.6732909687273,221.10255033510867,222.9288713384501,46414000,59.50636617088046,0.5473570297319839,0.0674904882596394,226.42490271664434,206.49937706851193,216.46213989257814
2024-08-16,224.36805725097656,225.1422523777464,221.98590558416169,222.25390086504493,44340200,60.95596951686175,1.0990071701703243,0.2737938246417764,226.79391664742968,206.3288067412422,216.56136169433594
2024-08-19,224.20925903320312,224.30852103873067,221.38045847347976,224.0405257400108,40687800,60.674586344741975,1.5060197338233365,0.5202390064780884,227.17524708443855,206.1647400981786,216.66999359130858
2024-08-20,224.8246307373047,225.4797235950926,223.772520166148,224.09014645304697,30299000,61.41785333896063,1.856831083635626,0.787557421909596,227.5006220881703,206.01406907393908,216.7573455810547
2024-08-21,224.7154541015625,226.2836998547364,223.37550792716291,224.8345715346964,34765500,61.19686082552105,2.1018135652967658,1.05040865058703,228.4486323820832,205.87128796703792,217.15996017456055
2024-08-22,222.85939025878903,226.64103964823343,222.2340729078472,226.09512887719345,43695300,57.414586243378885,2.1217370427838773,1.2646743290263995,229.05152564036536,205.99211602223232,217.52182083129884
2024-08-23,225.15220642089844,226.5219434569281,222.66088738350675,223.9809934126029,38677300,60.64999879814261,2.296069979185262,1.470953459058172,229.94774248409144,206.00230481815467,217.97502365112305
2024-08-26,225.4896545410156,225.58891654674125,222.22414052811973,225.0727813784282,30602200,61.11820542756844,2.433408511826059,1.6634444696117496,230.81223395453645,206.05020653618618,218.43122024536132
2024-08-27,226.33331298828125,227.1472189452107,223.2166771577116,224.31841866937577,35934600,62.32515361945903,2.5805791641119242,1.8468714085117846,231.72509912317784,206.0785797708651,218.90183944702147
2024-08-28,224.8048248291016,228.149745768746,224.0008388469185,226.2241777594259,38052200,58.7659858801678,2.544544817288994,1.9864060902672265,232.20506851099992,206.06181533909773,219.13344192504883
2024-08-29,228.08023071289065,231.18694665641485,227.17701311839377,228.38793686624163,51906300,63.56733971494077,2.748601056891914,2.138845083592164,233.28262145943788,206.1438159184918,219.71321868896484
2024-08-30,227.29611206054688,228.68568922028223,225.7874174690805,228.4772602189495,52990800,61.71467062439235,2.8146003144349834,2.2739961297607283,234.11330618394794,206.24555764661847,220.1794319152832
2024-09-03,221.1124725341797,227.29611365629745,219.52437135882835,226.84946493362216,50190600,49.46987150620978,2.3409521316096686,2.2873873301305165,233.51743518638597,208.20539653968825,220.8614158630371
2024-09-04,219.20677185058597,220.12984491677884,215.8618360334932,220.01074262314265,43840200,46.41352221822591,1.7911610263560078,2.188142069375615,232.10051521466374,210.99796500994563,221.5492401123047
2024-09-05,220.72537231445312,223.8022974801588,219.8717705933337,219.9809527371486,36615400,49.11160032604951,1.4611428352965277,2.0427422225597978,230.7421675201507,213.627043295279,222.18460540771486
2024-09-06,219.177001953125,223.56411324365837,218.13481142105056,222.2837029728863,48423000,46.53866296749526,1.0624136501120631,1.846676508070251,229.7474556686831,215.39164803004738,222.56955184936524
2024-09-09,219.26629638671875,219.62361836951808,215.0975500175631,219.1769696773325,67180000,46.712046715751775,0.7450349139708976,1.6263481892503804,229.1431674871303,216.48427544499862,222.81372146606446
2024-09-10,218.4722900390625,219.83209181891957,215.1174338078889,217.29114171411047,51591000,45.305029975835694,0.4245463959393305,1.3859878305881705,228.79306112048297,217.09046396496623,222.9417625427246
2024-09-11,221.00331115722656,221.4301044903715,216.26879790334317,219.81224273641337,44587100,50.43058220927965,0.3705180861562951,1.1828938817017955,228.7350980213068,217.2863924572088,223.0107452392578
2024-09-12,221.1124725341797,221.88666769221828,218.18442519080247,220.8444772424724,37455600,50.645404228313744,0.33267381555722864,1.0128498684728822,228.69746000426022,217.42824952943118,223.0628547668457
2024-09-13,220.844482421875,222.37301734416337,220.2588759685165,221.91644846858935,36766600,50.07169515364251,0.2778544627894348,0.8658507873361927,228.66970857153268,217.23565184106496,222.95268020629882
2024-09-16,214.71047973632807,215.60377723416104,212.32832783334672,214.92882889414332,59357400,39.14206854744767,-0.2575837567479198,0.6411638785193702,229.1733705721042,215.76623208902862,222.4698013305664
2024-09-17,215.1769561767578,215.2861383219032,212.90400170360135,214.1447010142284,45519300,40.21089095118633,-0.6369394120577851,0.38554322040393907,229.37712572376557,214.6592466517227,222.01818618774413
2024-09-18,219.04795837402344,221.0529328037412,215.92138686335736,215.9313221513165,59894900,48.321874182873415,-0.6180989164410562,0.18481479303494006,229.07846925868094,214.3802358804792,221.72935256958007
2024-09-19,227.1670837402344,228.11002736409569,222.9586412306041,223.31596324984213,66781300,60.44304962174633,0.05138553431180526,0.1581289412903131,229.47294676743067,214.23092133559666,221.85193405151367
2024-09-20,226.5020904541016,231.355706137216,225.9264040870641,228.258925130642,318679900,59.21791506043308,0.522276901286375,0.2309585332895255,229.91245338046744,214.15568474209115,222.0340690612793
2024-09-23,224.78494262695312,227.742765583781,224.12984974700805,225.64846451262724,54146000,56.058174109539905,0.7482765569920957,0.33442213803003956,229.86659726110338,214.1648144820607,222.01570587158204
2024-09-24,225.67825317382807,227.64353192764617,224.050456167142,226.94872814757065,43556100,57.333624518224084,0.9880756863471163,0.46515284769345494,229.89312961310097,214.15714199334437,222.02513580322267
2024-09-25,224.6856689453125,225.59882178569197,222.35316341740716,223.25638097071695,42308700,55.40913118511533,1.0855118670559705,0.589224651565958,229.66167764991806,214.2238295522304,221.94275360107423
2024-09-26,225.8271484375,226.799852535932,223.73284722402752,225.608784129346,36636700,57.18884190242382,1.24053844257719,0.7194874097682045,229.8009659972716,214.1867735657167,221.99386978149414
2024-09-27,226.0951385498047,227.81227751628776,225.60879405182703,226.76016679177644,34026000,57.616537963668975,1.3692389486813283,0.8494377175508293,229.43561435368625,214.35361599299344,221.89461517333984
2024-09-30,231.266357421875,231.266357421875,227.9412771261621,228.3283747151782,54541900,64.90286657073108,1.8669877002536452,1.0529477140913925,230.36595748836044,213.82029739445204,222.09312744140624
2024-10-01,224.52688598632807,227.9412778656533,222.07526286618744,227.81225543239975,63285000,52.28684640400526,1.6980639272794633,1.1819709567290069,230.58943722921438,213.93825899881298,222.26384811401368
2024-10-02,225.09263610839844,225.6782425626932,221.360617941662,224.20925878310885,32880600,53.11082250090699,1.5914961499032643,1.2638759953638585,230.84670364988207,214.2695790039265,222.5581413269043
2024-10-03,223.9908905029297,225.1224076763777,221.65838486968207,223.46483520314055,34044200,51.25451477808358,1.4019776304411948,1.2914963223793259,230.9877571084344,214.45507736422186,222.72141723632814
2024-10-04,225.1125030517578,226.30357145139808,222.46237094034984,226.20430944090452,37245100,53.053455256900676,1.326990872587487,1.2985952324209582,231.1797457882139,214.85663879430564,223.01819229125977
2024-10-07,220.04052734375,224.01076551273388,219.6832053027312,222.8296172342201,39505400,44.971147959605645,0.8485161098400908,1.2085794079047847,231.1539967915307,214.95981088669197,223.05690383911133
2024-10-08,224.09014892578125,224.29857792676052,221.588894897244,222.63108533790577,31855700,51.34459962269686,0.7870197568542494,1.1242674776946777,231.1644878619372,215.51110570495732,223.33779678344726
2024-10-09,227.83209228515625,228.0405364361267,223.15714569962597,223.55416342639623,33591100,56.3727632326009,1.0283725715664787,1.105088496469038,231.6630034031382,215.69546827654932,223.67923583984376
2024-10-10,227.3358154296875,227.7923994519787,225.47973405841245,226.0851959438118,28183500,55.55279735777089,1.1661582747188106,1.1173024521189925,232.03463723174755,215.94616873749075,223.99040298461915
2024-10-11,225.8569183349609,227.70307961960657,225.6484741750507,227.5938974682738,31759200,53.075276399381906,1.142845786444326,1.1224111189840593,232.18934989680199,216.2926996637449,224.24102478027345
2024-10-14,229.5790100097656,230.0058033150611,226.89910245149323,226.9983493120185,39882100,58.135722442820466,1.4084761268240413,1.179624120552056,231.94848028069126,218.02042230719937,224.9844512939453
2024-10-15,232.11004638671875,235.7229623804217,230.6410474142004,231.87182665313995,64751400,61.199913063808594,1.8024460916440148,1.3041885147704477,231.87658620538343,219.78562540350327,225.83110580444335
2024-10-16,230.055419921875,230.39288648800357,228.1298522341637,229.87676649695567,34082200,57.51942122232096,1.926669496040887,1.4286847110245355,231.83151918635295,220.93143857731891,226.38147888183593
2024-10-17,230.42266845703125,232.1100316250369,228.80480686495972,231.69314333147315,32993800,58.005558297568804,2.03133535703617,1.5492148402268626,232.2661248270813,220.82239140827025,226.54425811767578
2024-10-18,233.25149536132807,234.4227083661851,232.2688559498539,234.4227083661851,46431500,61.646427879340344,2.3158508090756698,1.7025420339966242,233.30677814030287,220.45667858577133,226.8817283630371
2024-10-21,234.720458984375,235.0877162866724,232.7055644739604,232.7055644739604,36254500,63.4199902983271,2.629552596881581,1.8879441465736155,234.569050561652,220.1879578001644,227.3785041809082
2024-10-22,234.10508728027344,234.4624093106695,230.86934872103876,232.14974382855843,38846600,62.123972275695124,2.79627445883105,2.0696102090251025,235.51120473303365,220.08848703942726,227.79984588623046
2024-10-23,229.0430145263672,233.3904297884605,226.06533615951,232.33831918874512,52287000,52.60133616046653,2.4912185531085242,2.153931877841787,235.61012152552945,220.42530480503694,228.0177131652832
2024-10-24,228.85446166992188,229.10260155629064,226.710529416834,228.26884002769643,31109500,52.2798798399356,2.2087834298418727,2.164902188241804,235.7012321246902,220.6369255291184,228.1690788269043
2024-10-25,229.68820190429688,231.484732210271,227.8618960243761,228.03062932515897,38802300,53.62931201211796,2.028840221707412,2.137689794934926,235.84576698113597,220.85169700812185,228.3487319946289
2024-10-28,231.6633758544922,232.98348177622344,230.81970938626557,231.5839844241638,36087100,56.749628502173124,2.022302123364625,2.114612260620866,235.8984449674102,220.8387208651093,228.36858291625975
2024-10-29,231.93136596679688,232.5864588417728,230.5914197900792,231.36561495313973,35417200,57.17073681507478,2.015511632215862,2.0947921349398655,236.204563194743,221.27305063582338,228.7388069152832
2024-10-30,228.3879547119141,231.73287549326048,227.8420439394486,230.8792736886572,47070900,50.20962762610512,1.7045573680235862,2.01674518155661,236.1833140991323,221.6238315917857,228.903572845459
2024-10-31,224.2290954589844,228.11992645086093,223.69310490697208,227.633566897406,64370100,43.512934800126814,1.1097462249836667,1.8353453902420214,236.16374657578183,221.6672196107416,228.9154830932617
2024-11-01,221.25143432617188,223.67328184782377,218.6310779402587,219.3258665378009,65276700,39.455371976196645,0.3935451966228811,1.5469853515181933,236.54823582993666,220.8966234840282,228.72242965698243
2024-11-04,220.35812377929688,221.13231895883283,218.0752491010658,219.34572401852256,44944500,38.30145639480667,-0.24332705095042684,1.1889228710244693,236.49456312272247,220.98205583479705,228.73830947875976
2024-11-05,221.7874298095703,222.28370958768312,219.49461965793012,220.14971259990077,28111300,41.261500560420075,-0.6255093615806118,0.826036424503453,236.71318661107586,220.5331604348226,228.62317352294923
2024-11-06,221.06285095214844,224.387931303672,219.54423614319148,220.95366880237512,54561100,40.20836374881083,-0.9756127974347066,0.4657065801158211,237.01950504594762,219.54991786665002,228.28471145629882
2024-11-07,225.78741455078125,226.18444740932767,222.8990781242877,222.95862926675596,42137700,49.29585427104546,-0.8619040023019977,0.20018446363225734,237.00159986918797,219.41298295551908,228.20729141235353
2024-11-08,225.5191650390625,227.20836966100225,224.97265364792685,225.72782337627456,38328800,48.84195602482142,-0.7843924685624586,0.0032690771933141516,237.00397705355834,219.37683044155887,228.1904037475586
2024-11-11,222.8064727783203,224.26714170400084,220.0938084143074,223.57158868270503,42005600,44.3906646183282,-0.9311222168477968,-0.18360918161490805,236.94199684376153,218.76155692821115,227.85177688598634
2024-11-12,222.8064727783203,224.15783943194583,221.9420008205612,223.12444853772337,40398300,44.3906646183282,-1.0354703419505995,-0.3539814136820464,236.50969970349234,218.26349670764046,227.3865982055664
2024-11-13,223.6908264160156,225.2111120360391,221.34580821096,222.5878726169869,48566200,46.24301313265617,-1.0348776102696888,-0.4901606529995749,236.2407795758988,217.89595748464805,227.06836853027343
2024-11-14,226.77114868164065,227.4170160979644,223.571589608512,223.59146688403663,44923900,52.213809729623044,-0.7768960288142921,-0.5475077281625184,235.92831380225664,217.8432712807512,226.88579254150392
2024-11-15,223.5715789794922,225.4793879673537,222.84621765747357,224.96268496170848,47923700,46.44346125718712,-0.8211565206794376,-0.6022374866659023,235.05757807180123,217.746015373023,226.40179672241212
2024-11-18,226.57241821289065,228.28149999782983,223.74050538640265,223.8199993254601,44633700,51.82129774452476,-0.6070924484430691,-0.6032084790213357,233.7677105179705,218.2210788497053,225.9943946838379
2024-11-19,226.83078002929688,228.69884983965085,225.2210693317313,225.53902995111423,36211800,52.265719951612546,-0.41184993984438734,-0.5649367711859461,232.4774687008308,218.7838899417473,225.63067932128905
2024-11-20,227.5461883544922,228.4702769508748,224.45593165289552,226.61215353970655,35169600,53.54361850220223,-0.19711910585726855,-0.4913732381202106,232.28347865283143,218.8281973725592,225.55583801269532
2024-11-21,227.06922912597656,228.69881686539628,224.27707103239013,227.4269442474061,42108300,52.53386058293935,-0.06468435551124685,-0.4060354615984179,232.06287572349055,218.87027704750557,225.46657638549806
2024-11-22,228.41067504882807,229.25528492407807,226.61216818417896,226.61216818417896,38168300,55.09861554737632,0.1468221390957467,-0.29546394145958504,231.857462872715,218.94793721273422,225.4027000427246
2024-11-25,231.3916015625,231.76919395430343,228.28148292479264,229.99056458191063,90152800,60.23990615578403,0.548653876541124,-0.12664037785944326,231.79203257841934,218.98619007783068,225.389111328125
2024-11-26,233.5677032470703,234.07447518116308,231.8486905145537,231.8486905145537,45986200,63.52342194543419,1.0308190032058064,0.10485149835360669,232.23763186116435,218.704224523113,225.47092819213867
2024-11-27,233.43853759765625,234.1937224347506,232.32565277909848,232.9814664022851,33498400,63.18984843757634,1.3865326659874881,0.361187731880383,233.24196422635492,218.20495044649664,225.72345733642578
2024-11-29,235.8233184814453,236.3002669685808,232.48464874765904,233.31931239062584,28481400,66.6698618228076,1.8396636954664132,0.6568829245975891,234.9714152148029,217.63492176029473,226.30316848754882
2024-12-02,238.0689697265625,239.26134854667043,235.65440375298792,235.7637060292764,48137100,69.58573815733298,2.35285632563199,0.9960776048044694,236.88535002165762,217.40274049347912,227.14404525756837
2024-12-03,241.10952758789065,241.21882985808796,237.3833345065081,238.28756099978403,38861000,73.0265725271955,2.970668770390404,1.3909958379216563,239.15357991150458,217.2096509844915,228.18161544799804
2024-12-04,241.4672698974609,242.56029272240892,239.7184485394643,241.32815927991484,44383900,73.40776389958307,3.449393932484327,1.8026754568341905,241.15041633547335,217.1807985693118,229.16560745239258
2024-12-05,241.4970703125,242.9875476638645,240.5928589090645,242.44105143123323,40033900,73.44143429636603,3.787531412447237,2.1996466479567998,242.7069882814286,217.6676485593917,230.18731842041015
2024-12-06,241.2983245849609,243.0769692456264,240.5431549096241,241.36788746709487,36870600,72.77957894141292,3.9934368283130937,2.5584046840280585,244.19748937633398,217.7282384679043,230.96286392211914
2024-12-09,245.1835021972656,245.6703968797777,240.2152448072501,240.29473874492052,44649200,77.12036841810504,4.41917818214327,2.9305593836511012,246.29205542239046,217.60010613766812,231.9460807800293
2024-12-10,246.1970367431641,246.63424582967983,243.7824557106041,245.32261857013248,36914800,78.10144239618474,4.78322697661585,3.301092902244051,248.09049682095653,218.14072113558646,233.1156089782715
2024-12-11,244.9251708984375,249.207806563516,244.69662013013263,246.3858398593606,45205800,73.82350129576687,4.912481298328544,3.62337058146095,249.25458717388193,219.18850059467275,234.22154388427734
2024-12-12,246.3858337402344,247.1608807008323,244.12029436088807,245.3226193526416,32777500,75.48428713176895,5.074286349177527,3.9135537350042657,250.46445576780528,220.24813273317127,235.35629425048828
2024-12-13,246.55474853515625,247.7073727380188,244.67674782957272,246.24671899982584,33155300,75.67647720091583,5.156704747595114,4.162183937522435,251.66483346563797,221.02611502069016,236.34547424316406
2024-12-16,249.44625854492188,249.78411156803347,246.07778066556844,246.41563368868003,51694800,78.7478404153716,5.393173467959485,4.408381843609845,252.79438576522713,222.48403067764397,237.63920822143555
2024-12-17,251.8707733154297,252.2185573987637,248.19426586582333,248.49236434269267,51356400,80.92303810715872,5.710388903294444,4.668783255546765,254.37319380436568,223.43505814875934,238.9041259765625
2024-12-18,246.4752655029297,252.6657103008961,246.1672359539693,250.55917390522964,56774100,64.98305181669207,5.463432978376886,4.82771320011279,254.64251152745337,225.1301889730349,239.88635025024413
2024-12-19,248.20420837402344,250.4001849209636,245.52135228225407,245.92875304737493,60882300,67.21182565335941,5.345609015769497,4.931292363244132,254.94986746571843,226.888635036723,240.91925125122071
2024-12-20,252.87437438964844,253.38113119374523,244.1302382023433,246.46531011815412,147495300,72.33416005222954,5.564927029038387,5.058019296402983,255.64154139907131,228.77747562973727,242.2095085144043
2024-12-23,253.6494140625,254.02699130961165,251.84096111600803,253.15258832932108,40858800,73.08562931044995,5.73516593608295,5.193448624338977,256.204956164518,230.73793476565777,243.4714454650879
2024-12-24,256.56085205078125,256.5707679464462,253.6693071300515,253.86804957710976,23234700,75.75029158551696,6.035437444244764,5.361846388320135,257.414125357634,232.0456906213699,244.72990798950195
2024-12-26,257.3755798339844,258.4487403486908,255.9944201288889,256.55086249805703,27237100,76.45285552946959,6.266905515176973,5.5428582136915026,258.6594093505203,233.181194287175,245.92030181884766
2024-12-27,253.9674072265625,257.05767945175137,251.4534699071419,256.19317709309894,42355300,67.62634594590955,6.1049603996152655,5.655278650876255,258.77310608013573,235.1203845204502,246.94674530029297
2024-12-30,250.59890747070312,251.890657464443,249.15811581542044,250.6287158030117,35557500,60.2255916909395,5.639795893797611,5.652182099460527,258.4373228254338,236.93372667407797,247.68552474975587
2024-12-31,248.8302001953125,251.6720440162376,247.84647977817443,250.837380417288,39480700,56.71589963706268,5.069986132014179,5.535742905971257,258.0322330361493,238.41493951023742,248.22358627319335
