Price,Close,High,Low,Open,Volume
Ticker,AAPL,AAPL,AAPL,AAPL,AAPL
Date,,,,,
2015-01-02,24.192604064941406,24.659506182275138,23.75446781268404,24.648441478964468,212818400
2015-01-05,23.51106071472168,24.042134423807454,23.32518584507189,23.96247328303275,257142000
2015-01-06,23.51326560974121,23.77216338083341,23.152577326433928,23.575223877533926,263188400
2015-01-07,23.84298324584961,23.942558834690647,23.610637954237987,23.721278247722207,160423600
2015-01-08,24.75908088684082,24.816614303203295,24.05319538405384,24.170475495010283,237458000
2015-01-09,24.785627365112305,25.06001469123294,24.387321820553232,24.93167160595989,214798000
2015-01-12,24.174903869628906,24.922831637875944,24.075328281845096,24.916193490455274,198603200
2015-01-13,24.389545440673828,24.960449733893075,24.099668425353194,24.657294735965763,268367600
2015-01-14,24.29660987854004,24.449292340286082,24.008944431257838,24.12843615451797,195826400
2015-01-15,23.637189865112305,24.354138422379428,23.601785852626346,24.340862128726783,240056000
2015-01-16,23.45352554321289,23.805362503417978,23.27871370223808,23.68365752291758,314053200
2015-01-20,24.057615280151367,24.112935402966933,23.56637231943135,23.862887367369424,199599600
2015-01-21,24.24128532409668,24.57541774452879,23.95804479734744,24.108515641336837,194303600
2015-01-22,24.871938705444336,24.887428279247118,24.278906655479844,24.39839837691712,215185600
2015-01-23,25.00027847290039,25.170663761693863,24.679420647171945,24.849807624202118,185859200
2015-01-26,25.026836395263672,25.305650433694787,24.960453225890493,25.16845584914426,222460000
2015-01-27,24.150558471679688,24.889636367580913,24.12621747674591,24.876358386921034,382274800
2015-01-28,25.5158634185791,26.13766300317951,25.5158634185791,26.02923430226332,585908400
2015-01-29,26.310264587402344,26.374436166209705,25.571186479963302,25.739360214484762,337745600
2015-01-30,25.925230026245117,26.55366597735562,25.856631907802715,26.19961743530487,334982000
2015-02-02,26.25051498413086,26.3700067016786,25.68625050976509,26.122173528901243,250956400
2015-02-03,26.254940032958984,26.352302335998324,26.02480803700248,26.221747609729693,207662800
2015-02-04,26.4563045501709,26.666522105734966,26.179703836194584,26.221747684954753,280598800
2015-02-05,26.645139694213867,26.709564529534767,26.491852958626215,26.662910718347398,168984800
2015-02-06,26.42076301574707,26.714006091744032,26.314128399521028,26.662909949721197,174826400
2015-02-09,26.59625816345215,26.622915539684453,26.309679504659737,26.336338575791345,155559200
2015-02-10,27.10721778869629,27.1360988800661,26.694013099240877,26.69623341788492,248034000
2015-02-11,27.742576599121094,27.75146295792522,27.213850962022807,27.27383176532612,294247200
2015-02-12,28.093582153320312,28.32018008177655,27.895865316767186,28.004720253825706,297898000
2015-02-13,28.2313175201416,28.27574762139696,27.913637380956622,28.27574762139696,217088800
2015-02-17,28.39793586730957,28.631198160176517,28.195774987504898,28.322402653515553,252609600
2015-02-18,28.595643997192383,28.60897268589637,28.313507657029223,28.353495418040563,179566800
2015-02-19,28.535661697387695,28.664511338711634,28.50900431980301,28.542326041783866,149449600
2015-02-20,28.768922805786133,28.768922805786133,28.44680040985868,28.57342633827766,195793600
2015-02-23,29.546464920043945,29.546464920043945,28.804471802520936,28.884447331881436,283896400
2015-02-24,29.362085342407227,29.67976723388688,29.1399314061949,29.533144822434732,276912400
2015-02-25,28.611188888549805,29.235443968047832,28.46901057982743,29.22655591699116,298846800
2015-02-26,28.973312377929688,29.073280958926343,28.12690652779856,28.611200421862183,365150000
2015-02-27,28.537885665893555,29.006630434896266,28.4890115466763,28.880001110615524,248059200
2015-03-02,28.677841186523438,28.942204824251785,28.502341127333437,28.713386617938777,192386800
2015-03-03,28.737829208374023,28.77337464662942,28.45569280064609,28.648969002535093,151265200
2015-03-04,28.555660247802734,28.782258170449772,28.506789509388113,28.680069276765426,126665200
2015-03-05,28.082473754882812,28.602313038496664,27.93807338891241,28.564547284367382,226068400
2015-03-06,28.124675750732422,28.74004114058892,28.049144258829877,28.524551645020985,291368400
2015-03-09,28.244644165039062,28.784479856085543,27.78256368790519,28.42681027882651,354114000
2015-03-10,27.660377502441406,28.26241425789635,27.502648465689692,28.08247017418936,275426400
2015-03-11,27.156082153320312,27.718131039929048,27.127202767233783,27.713688709338477,275756000
2015-03-12,27.64704704284668,27.74701729622156,27.020573228981956,27.171637920724486,193450800
2015-03-13,27.45599365234375,27.858093275490027,27.231619482991277,27.635939424321684,207309200
2015-03-16,27.75812530517578,27.75812530517578,27.296046544920685,27.520420732700014,143497200
2015-03-17,28.222431182861328,28.284634002627094,27.91363740266719,27.969175876729444,204092400
2015-03-18,28.540102005004883,28.69338868574217,28.073579314164338,28.213535612946753,261083600
2015-03-19,28.324617385864258,28.71338664410161,28.30240233865916,28.602309713176652,183238000
2015-03-20,27.969175338745117,28.524558373785165,27.80478193325487,28.491236645908533,274780400
2015-03-23,28.26019287109375,28.402371208638087,28.106906162375846,28.240199836860707,150838800
2015-03-24,28.144678115844727,28.444583846778304,28.11579702412687,28.264641425158008,131369200
2015-03-25,27.409343719482422,28.17355357044147,27.409343719482422,28.11135075836797,206620800
2015-03-26,27.60039710998535,27.74257545518956,27.236064888537122,27.27161032228796,190291600
2015-03-27,27.380462646484375,27.70258505848325,27.304931149287167,27.67370566747833,158184800
2015-03-30,28.073579788208008,28.080244131848396,27.547074606928014,27.558182976261453,188398800
2015-03-31,27.642601013183594,28.10023735860415,27.627050312947922,28.01137548801493,168362400
2015-04-01,27.60262107849121,27.79589557467753,27.347143763734493,27.729248729123714,162485600
2015-04-02,27.84032440185547,27.89364085892032,27.589291125563008,27.77589957273979,128880400
2015-04-06,28.291292190551758,28.326837619766778,27.620388315662122,27.651489718775586,148776000
2015-04-07,27.993608474731445,28.46235156172454,27.986944130091178,28.355718657681365,140049200
2015-04-08,27.90252113342285,28.08024487808575,27.762564828557807,27.9580595917676,149316800
2015-04-09,28.115798950195312,28.120242977640842,27.693707867462628,27.95806987387628,129936000
2015-04-10,28.235755920410156,28.260192981167595,27.82699362210292,27.98027863651839,160752000
2015-04-13,28.180217742919922,28.562324360961306,28.1269012893116,28.51789087563862,145460400
2015-04-14,28.05803680419922,28.277968679310423,27.97139692324936,28.213543848237514,102098400
2015-04-15,28.164669036865234,28.24242255699414,27.993611292581647,28.082473184828803,115881600
2015-04-16,28.029146194458008,28.23574930845471,28.01581750803857,28.053583249493034,113476000
2015-04-17,27.71369171142578,28.022485415343912,27.64926689403936,27.891415462484826,207828000
2015-04-20,28.34682846069336,28.46234770691129,27.806994584251576,27.895856455518796,188217200
2015-04-21,28.193552017211914,28.480129054206348,28.14023386134807,28.457915698279347,129740400
2015-04-22,28.573429107666016,28.628967574063935,28.062476233744846,28.211318916915396,150618000
2015-04-23,28.806686401367188,28.973301771970313,28.466791316520684,28.502336742467634,183083600
2015-04-24,28.94220733642578,29.019962550671096,28.70894508348904,28.988861142932812,178103600
2015-04-27,29.46871566772461,29.57535198830014,29.13548479297552,29.39318414966676,387816800
2015-04-28,29.004411697387695,29.888583241459457,28.784481513019248,29.8708139130615,475696000
2015-04-29,28.5778751373291,29.23322840880269,28.502343631285193,28.91554998584197,253544400
2015-04-30,27.80255889892578,28.57787547888214,27.675931252944945,28.57787547888214,332781600
2015-05-01,28.646739959716797,28.908883280787258,27.835879715578056,28.013601789062115,234050400
2015-05-04,28.591205596923828,29.006635685468652,28.493457340795633,28.768929390811504,203953200
2015-05-05,27.946956634521484,28.53566301536573,27.942512608119188,28.46901617852702,197085600
2015-05-06,27.77145767211914,28.15800495791627,27.404903422444445,28.11579517734717,288564000
2015-05-07,27.94322967529297,28.126156702399538,27.66660698885533,27.833918356403263,175763600
2015-05-08,28.469701766967773,28.469701766967773,28.132847750663366,28.260004316794557,222201600
2015-05-11,28.179697036743164,28.456318032718876,28.02577002755684,28.41839452963739,168143200
2015-05-12,28.07930564880371,28.304617032312276,27.845069087437746,28.01907261211921,192640000
2015-05-13,28.110538482666016,28.373775078379587,28.079307166393143,28.14176979893889,138776800
2015-05-14,28.76639747619629,28.76639747619629,28.367082551285613,28.422853001376712,180814000
2015-05-15,28.726247787475586,28.886866975073346,28.601322509112556,28.793173016301076,152832000
2015-05-18,29.04302215576172,29.161255245868418,28.634782024202263,28.63924461362847,203531600
2015-05-19,29.01624870300293,29.196944399824076,28.920321767728332,29.154558317071896,178532800
2015-05-20,29.01402473449707,29.219259627089205,28.85340553091038,29.000640368191327,145819600
2015-05-21,29.31072235107422,29.36426321724016,28.962715230892304,29.016256097058246,158921600
2015-05-22,29.5672607421875,29.66318768776386,29.312947622321087,29.357566706193726,182384000
2015-05-26,28.91585922241211,29.649800184525905,28.804318332458095,29.58064537738767,282790400
2015-05-27,29.45572853088379,29.50480681445694,29.011797789416416,29.07649003378511,183332800
2015-05-28,29.39772605895996,29.435649565163274,29.246032034146715,29.415573015518973,122933200
2015-05-29,29.06310272216797,29.324108074389464,28.978330531136447,29.275029795787933,203538000
2015-06-01,29.12110137939453,29.310722301615094,29.011793458266705,29.06310132744831,128451200
2015-06-02,28.99170684814453,29.147863398387827,28.8489346587853,28.969397310699417,134670400
2015-06-03,29.02739906311035,29.210327749922353,28.978320800987998,29.14786512612257,123934000
2015-06-04,28.857866287231445,29.130026398016824,28.7574801423585,28.906944563206427,153800400
2015-06-05,28.699481964111328,28.931489021193066,28.634789717862343,28.889102920151636,142507200
2015-06-08,28.50986099243164,28.82440721657592,28.29347132651328,28.755248984037564,210699200
2015-06-09,28.425085067749023,28.572319885753103,28.02353881333458,28.26446588519156,224301600
2015-06-10,28.75078773498535,28.853403471979494,28.521012017263367,28.53662767749891,156349200
2015-06-11,28.68608856201172,29.040787815926894,28.66154942724008,28.81770601035133,141563600
2015-06-12,28.369308471679688,28.62808414355585,28.35592411002363,28.59685283170581,147544800
2015-06-15,28.313541412353516,28.384927519681423,28.043612640833025,28.130614405952066,175955600
2015-06-16,28.46523666381836,28.521007112494328,28.19084700944085,28.338080108916312,125976400
2015-06-17,28.3983154296875,28.527701587513736,28.273388457264044,28.49200938252072,131672400
2015-06-18,28.5277042388916,28.62362949532071,28.380471113895364,28.382702408783295,141628800
2015-06-19,28.242155075073242,28.514315138913368,28.197539396598714,28.489776005158664,218867600
2015-06-22,28.467472076416016,28.56785821776298,28.34923898043604,28.4407016444665,136157200
2015-06-23,28.33807945251465,28.46746729892082,28.304616843688365,28.4384672789935,121075600
2015-06-24,28.579004287719727,28.95601300514302,28.35815382281686,28.378230364181324,221123600
2015-06-25,28.44292449951172,28.822162812047033,28.44292449951172,28.746315830331476,127752400
2015-06-26,28.275619506835938,28.552240475555756,28.222080348820942,28.480854364209378,176267200
2015-06-29,27.78038215637207,28.21316148452477,27.76922908520098,27.987848342323893,196645600
2015-06-30,27.98115348815918,28.13508049264948,27.85399691548697,28.012384807623985,177482800
2015-07-01,28.242155075073242,28.318003770854787,28.106075043153183,28.309080294764073,120955200
2015-07-02,28.206464767456055,28.26223522028511,28.05699866037003,28.20423347278873,108844000
2015-07-06,28.10831069946289,28.15962026945185,27.851766253476693,27.87184450329126,112241600
2015-07-07,28.03915023803711,28.141767655400127,27.61083191524409,28.08376591446313,187787200
2015-07-08,27.343137741088867,27.804917025746732,27.33644555901804,27.769224820709265,243046400
2015-07-09,26.785430908203125,27.675526788735418,26.595811723906333,27.62867981628414,314380000
2015-07-10,27.50153160095215,27.628688193870396,27.039752215935398,27.202602723627663,245418000
2015-07-13,28.03246307373047,28.054770915935904,27.73353254184397,27.891920434075615,165762000
2015-07-14,28.021305084228516,28.190847729085604,27.894148526080468,28.117230326479085,127072400
2015-07-15,28.291229248046875,28.364846638656477,28.014608337185734,28.045839647993663,134596800
2015-07-16,28.668243408203125,28.681631176702723,28.40946938252491,28.496471156000958,144889600
2015-07-17,28.91585922241211,28.91585922241211,28.623622635365845,28.79539655900322,184658800
2015-07-20,29.462421417236328,29.663193719656736,29.156796969560496,29.217030021870166,235600800
2015-07-21,29.16794776916504,29.652034906839845,29.072024221109125,29.636420949603064,307025600
2015-07-22,27.93431282043457,27.996775473476976,27.21375761117045,27.21375761117045,461802400
2015-07-23,27.920923233032227,28.351469539872234,27.898613687990725,28.15292684325403,203998000
2015-07-24,27.7736873626709,28.050308350612383,27.639838607343037,27.956614392080805,168649200
2015-07-27,27.387758255004883,27.57514789594571,27.24275641260931,27.459144379653896,177822000
2015-07-28,27.523836135864258,27.642070937846118,27.338679506679952,27.523836135864258,134472400
2015-07-29,27.436832427978516,27.55060463216349,27.276213246065424,27.47252633594996,148046800
2015-07-30,27.298524856567383,27.343140542930758,27.151290028005434,27.28737008398687,134513200
2015-07-31,27.05982208251953,27.358750867204524,26.972820319694556,27.34982739127645,171540000
2015-08-03,26.421804428100586,27.343131492175804,26.216567913617403,27.104434074985534,279904000
2015-08-04,25.5741024017334,26.25673229818468,25.26401877543825,26.1942696543237,496554400
2015-08-05,25.743642807006836,26.198729931797953,25.007472107672537,25.197091317507358,397250400
2015-08-06,25.79966163635254,26.106667700331585,25.57333038339867,25.98789944271197,211612000
2015-08-07,25.887062072753906,26.05064970055352,25.658489382480674,25.676417121630855,154681600
2015-08-10,26.82823944091797,26.88874340445432,26.113386881257618,26.113386881257618,219806400
2015-08-11,25.432151794433594,26.48314180457779,25.396298032277432,26.400227308211978,388331200
2015-08-12,25.82431983947754,25.8646564026347,24.56716561571015,25.217031706716167,404870000
2015-08-13,25.80415153503418,26.084266072518957,25.667455503966934,26.003592948948665,194143200
2015-08-14,25.985660552978516,26.06409226748677,25.548682636658828,25.61815048241141,171718000
2015-08-17,26.254568099975586,26.36437248612328,25.882575288173083,26.003584936240777,163538800
2015-08-18,26.106674194335938,26.317320867981202,25.99686977729429,26.09098784904427,138242800
2015-08-19,25.77277374267578,26.111150806013878,25.698823109092043,26.01703275037082,193146000
2015-08-20,25.243913650512695,25.62486860467399,25.01533931026963,25.564364637952508,274006400
2015-08-21,23.69993019104004,25.075852599969778,23.675279976084997,24.746437645282736,513102000
2015-08-24,23.108325958251953,24.381166289894818,20.61642679920939,21.259570294192415,648825200
2015-08-25,23.247257232666016,24.898812593986147,23.193475738649916,24.898812593986147,414406400
2015-08-26,24.580602645874023,24.625420271963097,23.540817991525316,23.997963248618984,387098400
2015-08-27,25.30442237854004,25.376131620216796,24.654556414147635,25.14980034129892,338464400
2015-08-28,25.387332916259766,25.391813995177866,24.99517268813353,25.136349754773125,212657600
2015-08-31,25.268566131591797,25.66520746167961,25.09825605819991,25.104978531809078,224917200
2015-09-01,24.139144897460938,25.071364966794416,24.05847179313516,24.683687496818415,307383600
2015-09-02,25.17444610595703,25.17444610595703,24.455112372767545,24.70161446705182,247555200
2015-09-03,24.732988357543945,25.273048177563375,24.659037725648208,25.208061414050434,212935600
2015-09-04,24.486488342285156,24.75091649826802,24.316179957517583,24.419261888197923,199985200
2015-09-08,25.167728424072266,25.22375132713337,24.7217865944172,25.042237668314055,219374400
2015-09-09,24.683687210083008,25.55092050698643,24.59853131779331,25.492657928736982,340043200
2015-09-10,25.22598648071289,25.385091280879728,24.62766243437784,24.710575216197196,251571200
2015-09-11,25.5935001373291,25.5935001373291,25.04447642895034,25.051198903061266,199662000
2015-09-14,25.840003967285156,26.194069134635672,25.739163422891462,26.124601280039276,233453600
2015-09-15,26.057374954223633,26.113397862780076,25.640564377789012,25.978943224181307,173364800
2015-09-16,26.08650016784668,26.11563145610736,25.869131074034687,26.050644696433867,148694000
2015-09-17,25.52851676940918,26.104432160571655,25.483699129582153,25.918437416574463,256450400
2015-09-18,25.423187255859375,25.6136664530352,25.069123884043652,25.14531419516762,297141200
2015-09-21,25.81759262084961,25.853448096928165,25.470251672175387,25.472491357167897,200888000
2015-09-22,25.411989212036133,25.586780396323462,25.214787498741032,25.407506422361248,201384800
2015-09-23,25.618148803710938,25.70778577571087,25.389576149309995,25.46352506975313,143026800
2015-09-24,25.770532608032227,25.88257840198019,25.18117234735185,25.378372329214343,200878000
2015-09-25,25.705541610717773,26.14924363396979,25.55091789342523,26.09322074621833,224607600
2015-09-28,25.196857452392578,25.674171895678256,25.196857452392578,25.51282568676956,208436000
2015-09-29,24.439428329467773,25.436636933681488,24.170519104557986,25.28425458365043,293461600
2015-09-30,24.717300415039062,24.995173478183187,24.36547672478694,24.688167417260352,265892000
2015-10-01,24.555965423583984,24.56492929547838,24.04727637910049,24.441678194035134,255716400
2015-10-02,24.7352294921875,24.87640829038758,24.10105158150218,24.20413350942164,232079200
2015-10-05,24.82486915588379,24.957084099471995,24.441672694460394,24.623186357849537,208258800
2015-10-06,24.943634033203125,25.039993484121485,24.598532783627668,24.791251685464392,192787200
2015-10-07,24.82486915588379,25.046719378879786,24.51786473357705,25.039996903892536,187062400
2015-10-08,24.538026809692383,24.69265053942736,24.248948480471036,24.69265053942736,247918400
2015-10-09,25.125150680541992,25.161004447325563,24.535788681322458,24.65007587545633,211064400
2015-10-12,25.008621215820312,25.266326887429173,24.972767450292462,25.261845807869374,121868800
2015-10-13,25.05119514465332,25.199094681953888,24.8024533817687,24.833826062701636,132197200
2015-10-14,24.697141647338867,24.990701174886457,24.551481726379123,24.939161050501177,177849600
2015-10-15,25.066879272460938,25.120660762215397,24.75987325365055,24.858474076269335,150694000
2015-10-16,24.883129119873047,25.098256830400224,24.76884193595193,25.048956409505504,156930400
2015-10-19,25.037750244140625,25.042231322989416,24.674721308804738,24.82934502917273,119036800
2015-10-20,25.494901657104492,25.584538642829024,24.833832093042265,24.950358977705847,195871200
2015-10-21,25.492666244506836,25.900512973708693,25.479219583100374,25.546447761081918,167180800
2015-10-22,25.88258171081543,25.88258171081543,25.56885310571736,25.620394929783124,166616400
2015-10-23,26.68482780456543,26.71844188608165,26.068575912273154,26.151488709038865,237467600
2015-10-26,25.833280563354492,26.471941310810404,25.75260744686708,26.460737756104727,265335200
2015-10-27,25.669692993164062,26.115634790275454,25.54420053688064,25.8601705077346,279537600
2015-10-28,26.727397918701172,26.73412210120959,26.00806426175372,26.2030245221103,342205600
2015-10-29,27.0097599029541,27.045615379108888,26.50331241520856,26.599671870270544,204909200
2015-10-30,26.778945922851562,27.164383744411797,26.76774065909424,27.112841924684606,197461200
2015-11-02,27.155420303344727,27.195756859950347,26.803596557828087,27.070266110369857,128813200
2015-11-03,27.46690559387207,27.673069442414718,27.047853713081217,27.068022844831653,182076000
2015-11-04,27.339168548583984,27.747015092970628,27.25401437678732,27.592391379490792,179544400
2015-11-05,27.213144302368164,27.611485208849075,27.046607179020967,27.42244163026454,158210800
2015-11-06,27.244653701782227,27.4134418290614,27.145632501339545,27.255906930401487,132169200
2015-11-09,27.134370803833008,27.413433273076155,27.01734516092494,27.222140465264328,135485600
2015-11-10,26.279184341430664,26.57175110364436,26.119398460129865,26.308442047852964,236511600
2015-11-11,26.130651473999023,26.42546750582627,25.92810538774302,26.189165169362212,180872000
2015-11-12,26.042884826660156,26.29044042006532,26.02713133572533,26.164412492586706,130102400
2015-11-13,25.282203674316406,26.009118445553383,25.266450188475414,25.92584903925033,183249600
2015-11-16,25.69630241394043,25.70980491355159,24.980640745523743,25.066159438063565,152426800
2015-11-17,25.586027145385742,25.892096384430133,25.502757727542303,25.86283868024117,110467600
2015-11-18,26.39621353149414,26.441223013208187,25.99337231724725,26.051886017076846,186698800
2015-11-19,26.731536865234375,26.94983644140062,26.276934951724414,26.474979060688888,173183200
2015-11-20,26.848562240600586,26.988092643508082,26.74728834619848,26.826055786065844,137148400
2015-11-23,26.499736785888672,26.945338210890085,26.407465116019043,26.84181331206017,129930000
2015-11-24,26.754039764404297,26.859813920179256,26.35795157371696,26.405212037935286,171212800
2015-11-25,26.5627498626709,26.83281189570902,26.53799413338403,26.828309917474165,85553200
2015-11-27,26.513235092163086,26.648266950315282,26.465974628610375,26.621260235284563,52185600
2015-11-30,26.623517990112305,26.873324587376725,26.499739327683326,26.55375105446968,156721200
2015-12-01,26.407461166381836,26.738286131114823,26.299437739327033,26.72478363198333,139409600
2015-12-02,26.168914794921875,26.580758297623625,26.12390530788423,26.407468166824764,133546400
2015-12-03,25.925853729248047,26.283685425226995,25.7053048875768,26.22967370928731,166278000
2015-12-04,26.78779411315918,26.837305559561578,25.90559546617463,25.94610467532194,231108000
2015-12-07,26.619007110595703,26.9745877701295,26.513232964797563,26.77654369346573,128336800
2015-12-08,26.607757568359375,26.691025267759507,26.29943734579293,26.447969985021057,137238000
2015-12-09,26.020381927490234,26.486237154696642,25.898854252957886,26.474983924516998,185445600
2015-12-10,26.14415740966797,26.317447529515086,25.99562473822935,26.114901416642635,116850800
2015-12-11,25.471250534057617,25.968612614008652,25.39698335529081,25.92360313918105,187544800
2015-12-14,25.313718795776367,25.358728276188195,24.708331497328068,25.24620285815701,257274800
2015-12-15,24.86587142944336,25.385740133547106,24.834364443376703,25.19219623799367,213292400
2015-12-16,25.057147979736328,25.2034313007055,24.48552062450435,24.996385036841883,224954000
2015-12-17,24.526031494140625,25.261946691270026,24.526031494140625,25.210184263281878,179091200
2015-12-18,23.862136840820312,24.647563678113645,23.812625388457732,24.51028426520113,385813200
2015-12-21,24.15470314025879,24.163705378434678,23.7586132455266,24.14344991328859,190362400
2015-12-22,24.132204055786133,24.242478494517847,23.956662945741538,24.170462289243822,131157600
2015-12-23,24.44277572631836,24.49678745567982,24.12545316769071,24.141206660296216,130629600
2015-12-24,24.312236785888672,24.5305363288565,24.294232310447736,24.5305363288565,54281600
2015-12-28,24.03992462158203,24.235719421321342,23.89589225752135,24.213212969373373,106816800
2015-12-29,24.472026824951172,24.62731244741854,24.048931881781158,24.071436621428216,123724800
2015-12-30,24.152448654174805,24.463018099766103,24.120941683622114,24.43601310615015,100855200
2015-12-31,23.688846588134766,24.087185730146636,23.589823691295113,24.082685469836317,163649200
2016-01-04,23.7091007232666,23.7136027006519,22.955180909349973,23.092462030579718,270597600
2016-01-05,23.114971160888672,23.82163064861039,23.047456940285645,23.79912590840938,223164000
2016-01-06,22.662616729736328,23.0384529014461,22.475825855355314,22.63110975251536,273829600
2016-01-07,21.70615005493164,22.534337108884632,21.70164979418796,22.20801411942277,324377600
2016-01-08,21.820924758911133,22.304784308939336,21.775915286955563,22.178756413862704,283192000
2016-01-11,22.17425537109375,22.293532022104593,21.906444365766593,22.273278273971293,198957600
2016-01-12,22.496084213256836,22.66037209985096,22.244026626852737,22.628865116175675,196616800
2016-01-13,21.91770362854004,22.772897603259665,21.89744987482916,22.577102732378627,249758400
2016-01-14,22.39706039428711,22.61311072662906,21.546368434822075,22.04598160898453,252680400
2016-01-15,21.859188079833984,21.989717982749493,21.460848837421395,21.649890724125214,319335600
2016-01-19,21.7534122467041,22.201262880477753,21.492352481407988,22.147251166520476,212350800
2016-01-20,21.782669067382812,22.09774055868971,21.024247186087106,21.40233263225508,289337600
2016-01-21,21.672395706176758,22.027974714138363,21.36632643874029,21.84343310144887,208646000
2016-01-22,22.824657440185547,22.833659680480253,22.138253358481553,22.196765344894477,263202000
2016-01-25,22.379053115844727,22.84940848500449,22.32729067401783,22.847157496142078,207178000
2016-01-26,22.50283432006836,22.703129441961522,22.070737094209072,22.489331818323304,300308000
2016-01-27,21.024250030517578,21.746663054200553,21.006245550406682,21.61388387663656,533478800
2016-01-28,21.175037384033203,21.27180933526747,20.79245155841048,21.10752314733615,222715200
2016-01-29,21.906442642211914,21.906442642211914,21.233541274149022,21.332564169235646,257666000
2016-02-01,21.701650619506836,21.764664574323376,21.46984854985964,21.710652858337983,163774000
2016-02-02,21.262802124023438,21.613880852048318,21.217790930044938,21.474348726217194,149428800
2016-02-03,21.683643341064453,21.79391774774974,21.17277880164377,21.379825117012427,183857200
2016-02-04,21.857877731323242,22.023057072641603,21.53883506702146,21.69043691265648,185886800
2016-02-05,21.274091720581055,21.930280836238957,21.19942327595188,21.839771695058854,185672400
2016-02-08,21.498104095458984,21.65423060804116,21.052347960750858,21.072711612963058,216085600
2016-02-09,21.49356460571289,21.7085239195813,21.253716974173752,21.335174986077117,177324800
2016-02-10,21.330663681030273,21.801309921553056,21.292197849935643,21.70401287881343,169374400
2016-02-11,21.20168113708496,21.432479494048906,20.95051913314548,21.22204651037848,200298800
2016-02-12,21.26730728149414,21.382706498346476,21.045561662323756,21.312562722572782,161405600
2016-02-16,21.86693572998047,21.91445266409181,21.407603640585005,21.500374304425495,196231600
2016-02-17,22.20180892944336,22.222172580506005,21.75605281989877,21.87371349855906,179452800
2016-02-18,21.78094482421875,22.37603960702868,21.742477269354197,22.364725315659374,156084000
2016-02-19,21.731164932250977,21.89408106229437,21.67686013100935,21.722113844324287,141496800
2016-02-22,21.921232223510742,21.925758630555652,21.704011295953993,21.79225724382647,137123200
2016-02-23,21.425695419311523,21.83524717134706,21.394017478619176,21.812620317469428,127770400
2016-02-24,21.74472999572754,21.808085853704824,21.115694368213543,21.26503465600371,145022800
2016-02-25,21.894081115722656,21.894081115722656,21.552409882510005,21.733428188848517,110330800
2016-02-26,21.928020477294922,22.179180810555707,21.853350302540388,21.993637838519774,115964400
2016-02-29,21.878238677978516,22.226697740378793,21.86918759146339,21.916704500929125,140865200
2016-03-01,22.747119903564453,22.80142469069322,22.043413968591395,22.095457279065084,201628400
2016-03-02,22.796894073486328,22.828572001587254,22.54573212474499,22.742589300501542,132678400
2016-03-03,22.966604232788086,23.014121137835684,22.729017981232012,22.758434441250582,147822800
2016-03-04,23.30828094482422,23.475721753965253,22.937194975204367,23.163466992110056,184220400
2016-03-07,23.050334930419922,23.267555896684534,22.844426531146482,23.167995639777043,143315600
2016-03-08,22.860261917114258,23.02544125138635,22.717711165909574,22.80369391208277,126247600
2016-03-09,22.88062286376953,22.98470776570407,22.68829030286975,22.923613365367988,108806800
2016-03-10,22.891944885253906,23.134055930864985,22.661148133659346,22.946251424950535,134054400
2016-03-11,23.138565063476562,23.14308974191366,22.96659793546768,23.134038658721863,109632800
2016-03-14,23.197399139404297,23.28564678653803,23.02995838276895,23.059374840586177,100304400
2016-03-15,23.66352081298828,23.79928363696549,23.498341530832064,23.523231583298315,160270800
2016-03-16,23.978044509887695,24.054976162517963,23.66578803991725,23.670314446729847,153214000
2016-03-17,23.9395751953125,24.09117700139507,23.74950584220155,23.87621759339676,137682800
2016-03-18,23.96672248840332,24.097960622541894,23.801544945709797,24.06175628499284,176820800
2016-03-21,23.9644718170166,24.35818467062962,23.790241385061908,23.968996498091382,142010800
2016-03-22,24.14774513244629,24.27672008745704,23.806073971295017,23.815125057334843,129777600
2016-03-23,24.014245986938477,24.22694221270348,23.96220439530553,24.093442565514504,102814000
2016-03-24,23.9101619720459,24.041400147165657,23.733670087176467,23.86490826229623,104532000
2016-03-28,23.801549911499023,24.02782188943492,23.772133449523714,23.984829661205282,77645600
2016-03-29,24.36496925354004,24.389859311874833,23.731406957175352,23.733670160565346,124760400
2016-03-30,24.790355682373047,24.984949708411346,24.5731348053271,24.58444909398996,182404400
2016-03-31,24.661380767822266,24.867289082816846,24.636490713782962,24.826560060417812,103553600
2016-04-01,24.887657165527344,24.88992036893003,24.48263007236564,24.61386824862732,103496000
2016-04-04,25.143346786499023,25.385457772131094,24.951014193778747,24.98495534110106,149424800
2016-04-05,24.846925735473633,25.055097270450286,24.75867980079629,24.779045176816258,106314800
2016-04-06,25.10714340209961,25.111669809286663,24.70890415924688,24.941965792461293,105616400
2016-04-07,24.55956268310547,24.98495341463235,24.464528858985368,24.87860530017105,127207600
2016-04-08,24.58671760559082,24.837877950218115,24.475843076973312,24.64328560848277,94326800
2016-04-11,24.668170928955078,25.027944281096357,24.62518042590393,24.656858365549297,117630000
2016-04-12,24.989482879638672,25.003058648654925,24.586718953183524,24.74058227221714,108929200
2016-04-13,25.35151481628418,25.419395379767877,25.070938022651205,25.070938022651205,133029200
2016-04-14,25.365093231201172,25.43071232450725,25.1908645344577,25.256483627763778,101895600
2016-04-15,24.855981826782227,25.410349328859326,24.82883028837945,25.367357091296842,187756000
2016-04-18,24.319711685180664,24.652330025365913,24.197524616282408,24.638754259816587,243286000
2016-04-19,24.190736770629883,24.437372385517694,24.03687176433501,24.41021912805927,129539600
2016-04-20,24.240516662597656,24.457737556836925,23.99840571238447,24.129643875461802,122444000
2016-04-21,23.978044509887695,24.195265426295872,23.87622107242492,24.195265426295872,126210000
2016-04-22,23.912429809570312,24.09344813628642,23.672581994042368,23.760827953578826,134732400
2016-04-25,23.77665901184082,23.905633965633438,23.6476840580482,23.75855683993214,112126400
2016-04-26,23.61148452758789,23.826443978608584,23.51192601443075,23.51192601443075,224064800
2016-04-27,22.133922576904297,22.33530447882034,21.649700731137848,21.72210768771083,458408400
2016-04-28,21.457368850708008,22.147497243695007,21.326130708952,22.086404578432276,328970800
2016-04-29,21.21073341369629,21.43248069790953,20.932419864823252,21.267301404674168,274126000
2016-05-02,21.1881103515625,21.287670585909353,20.907533549506745,21.26278052732264,192640400
2016-05-03,21.536563873291016,21.66327561053489,21.197155954543828,21.31481660679629,227325200
2016-05-04,21.31255340576172,21.69947819466698,21.228832171104003,21.54108680961058,164102000
2016-05-05,21.226043701171875,21.414993245805714,21.098560508083136,21.399057846669624,143562000
2016-05-06,21.107669830322266,21.27385305499418,20.909614065820975,21.2556424081569,174799600
2016-05-09,21.123611450195312,21.346707136876383,21.07808047762743,21.171417668769827,131745600
2016-05-10,21.26702880859375,21.301176601729335,20.968808337989397,21.246541174809746,134747200
2016-05-11,21.059873580932617,21.301181699672124,21.048490401553487,21.280694060984878,114876400
2016-05-12,20.56587028503418,21.121336033753508,20.367816184370167,21.107677609384716,305258800
2016-05-13,20.606849670410156,20.868647167575045,20.488472592966815,20.488472592966815,177571200
2016-05-16,21.371747970581055,21.487849775426163,20.864090236678617,21.032550487061453,245039200
2016-05-17,21.282968521118164,21.55842443098928,21.17369764516445,21.52427836777203,187667600
2016-05-18,21.52655029296875,21.67452291245479,21.37402544469915,21.43549182266564,168249600
2016-05-19,21.444595336914062,21.544761734036086,21.30117668934936,21.544761734036086,121768400
2016-05-20,21.676803588867188,21.724609814970933,21.517447765025423,21.544766352868685,128104000
2016-05-23,21.952255249023438,22.125269464843562,21.779241033203313,21.824772004118582,152074400
2016-05-24,22.286897659301758,22.330149905114894,22.04558788632102,22.132095851604745,140560800
2016-05-25,22.67845344543457,22.705770285464567,22.334702068152218,22.462185286501768,152675200
2016-05-26,22.858304977416992,22.93115280482657,22.455364075159952,22.69211994844838,225324800
2016-05-27,22.844640731811523,22.871959313517372,22.59422647840904,22.637480465236077,145364800
2016-05-31,22.73309326171875,22.85602427612958,22.49633742694555,22.67390386881822,169228800
2016-06-01,22.414384841918945,22.660246886366746,22.38479101200226,22.541868093041938,116693200
2016-06-02,22.24592399597168,22.273240842302986,21.99778497521207,22.218605412811385,160766400
2016-06-03,22.29145050048828,22.37112752057621,22.18445490058645,22.26185667497813,114019600
2016-06-06,22.45308494567871,23.19522331053951,22.207224637192535,22.307389304787257,93170000
2016-06-07,22.54414176940918,22.73536835487594,22.528206365356013,22.59422496409878,89638000
2016-06-08,22.523658752441406,22.664800435311093,22.464469352331687,22.541869405927436,83392400
2016-06-09,22.685283660888672,22.762683693508933,22.414380073060425,22.42348626575022,106405600
2016-06-10,22.49860954284668,22.616986566211928,22.41893253319425,22.43031397067114,126851600
2016-06-13,22.1594181060791,22.564635978748562,22.104782671438503,22.466746550901703,152082000
2016-06-14,22.186735153198242,22.418938773768836,22.025104106674686,22.154864340465654,127727600
2016-06-15,22.1138858795166,22.403001894795192,22.0888442801829,22.268687704111798,117780800
2016-06-16,22.207218170166016,22.25274739337501,21.870296013202434,21.956802232030938,125307200
2016-06-17,21.70183753967285,22.002334952651616,21.695008329327894,21.995505742306662,244032800
2016-06-20,21.64948844909668,21.984133821950504,21.63355303785743,21.854373548479586,137647600
2016-06-21,21.833877563476562,21.934042222919945,21.553867745183094,21.613057137237522,142185600
2016-06-22,21.75192642211914,22.05697614285978,21.706395446526347,21.911280494621096,116876400
2016-06-23,21.877124786376953,21.92037876334221,21.683622986357832,21.840701755902394,128960800
2016-06-24,21.262474060058594,21.549313056841648,21.091736851444896,21.150926236743015,301245600
2016-06-27,20.95287322998047,21.182799854404006,20.82994221504597,21.17141667758771,181958400
2016-06-28,21.30573272705078,21.321669872013963,20.97564138563484,21.1486556288244,161779600
2016-06-29,21.490127563476562,21.52427535874932,21.314836358263275,21.392238143336794,146124000
2016-06-30,21.7633056640625,21.802005686783623,21.467362168347563,21.499232979627187,143345600
2016-07-01,21.82932472229004,21.96136193566166,21.701841474526535,21.73826451524654,104106000
2016-07-05,21.624439239501953,21.71777642740223,21.503785205838827,21.715499444645676,110820800
2016-07-06,21.747377395629883,21.776972970694526,21.48330462452931,21.5356630873168,123796400
2016-07-07,21.840707778930664,21.968191025990517,21.767859961063753,21.786070612908745,100558400
2016-07-08,22.009166717529297,22.056972932321376,21.86574807315307,21.96591273121933,115648400
2016-07-11,22.077463150024414,22.229987994048525,22.020550739254617,22.025102967911465,95179600
2016-07-12,22.17761993408203,22.241361533609513,22.109326107514725,22.120707543528447,96670000
2016-07-13,22.05242347717285,22.234542165451483,22.04559252834731,22.1753545035962,103568800
2016-07-14,22.48950958251953,22.53503881870016,22.154864312421935,22.17079971876806,155676000
2016-07-15,22.487234115600586,22.605612916576966,22.423492485919063,22.519104930441348,120548000
2016-07-18,22.72626304626465,22.794556893367258,22.446253236340294,22.469017852041166,145975600
2016-07-19,22.73537254333496,22.76496637436316,22.614716762614393,22.664799966530648,95119600
2016-07-20,22.755861282348633,22.869686119737427,22.705778076004894,22.76496747775924,105104000
2016-07-21,22.635208129882812,22.992618063978416,22.566912530010583,22.72626835076937,130808000
2016-07-22,22.45991325378418,22.605608877546853,22.38023449408964,22.596502683958082,113254800
2016-07-25,22.1594181060791,22.500892612033855,22.06380566125077,22.366580140036312,161531600
2016-07-26,22.00689125061035,22.30283649036816,21.94997883810531,22.041039045479174,224959200
2016-07-27,23.436532974243164,23.75524286154649,23.391003734698042,23.737030470996775,369379200
2016-07-28,23.752962112426758,23.77800371125491,23.406935430991453,23.409212413656437,159479200
2016-07-29,23.723371505737305,23.80077329539467,23.60271746054674,23.718819276618223,110934800
2016-08-01,24.142248153686523,24.16501277327869,23.768902834521718,23.768902834521718,152671600
2016-08-02,23.784833908081055,24.14679598308204,23.675561322388425,24.142243754724728,135266400
2016-08-03,24.083051681518555,24.094433119558012,23.850848114107098,23.859954306635846,120810400
2016-08-04,24.231826782226562,24.261580922637133,24.096784999236316,24.16545054939915,109634800
2016-08-05,24.600332260131836,24.639241929922044,24.302783823087015,24.323382443715563,162213600
2016-08-08,24.80403709411621,24.80403709411621,24.52708903271134,24.609485258853,112148800
2016-08-09,24.90474510192871,24.934500993309076,24.721639849436276,24.771994361398967,105260800
2016-08-10,24.719350814819336,24.925345754190385,24.664419413066312,24.88185744859045,96034000
2016-08-11,24.703325271606445,24.93220811420588,24.68501422510149,24.83836531054611,109938000
2016-08-12,24.76055145263672,24.820061493806705,24.66899794612241,24.66899794612241,74641600
2016-08-15,25.05810546875,25.071837886588973,24.73766899801379,24.75140141585276,103472800
2016-08-16,25.035205841064453,25.22975766317112,24.996296175138156,25.092426554334043,135177600
2016-08-17,24.998584747314453,25.032917523500135,24.79716672501847,24.971118177118402,101424000
2016-08-18,24.9665470123291,25.085565351322884,24.952812850963635,25.000879796385863,87938800
2016-08-19,25.03062629699707,25.106158049597234,24.80174346819954,24.895584519963077,101472400
2016-08-22,24.836078643798828,24.971118687655874,24.68501512398833,24.916187292378225,103280800
2016-08-23,24.913896560668945,25.02147177389938,24.840654122377213,24.854386533857703,85030800
2016-08-24,24.726219177246094,24.89101514310888,24.646110512239996,24.849816151643186,94700400
2016-08-25,24.62093734741211,24.69189049875208,24.417231674139494,24.579738349096402,100344800
2016-08-26,24.476734161376953,24.707904597919814,24.332536838720074,24.584309387410602,111065200
2016-08-29,24.44927215576172,24.59118018732707,24.327964493954276,24.40349627266993,99881200
2016-08-30,24.261581420898438,24.37602284269513,24.147139999101746,24.215805550674766,99455600
2016-08-31,24.28447151184082,24.3920467372776,24.179185603989712,24.183764239161054,118649600
2016-09-01,24.428667068481445,24.444688797948064,24.174606968198237,24.29362528048776,106806000
2016-09-02,24.65755271911621,24.719350326588074,24.44926846613325,24.650684766074676,107210000
2016-09-06,24.650684356689453,24.788015475435525,24.607197798908395,24.696461978350715,107521600
2016-09-07,24.80175018310547,24.893303688659454,24.506491044468753,24.680442530397535,169457200
2016-09-08,24.151723861694336,24.552268953644376,24.087636926380412,24.54769206379539,212008000
2016-09-09,23.604690551757812,24.19749811312488,23.604690551757812,23.950304186078277,186228000
2016-09-12,24.13340187072754,24.197488772355218,23.467352115446086,23.494818678816706,181171200
2016-09-13,24.707902908325195,24.90016540997437,24.54539629470703,24.607195641973306,248704800
2016-09-14,25.582239151000977,25.87063207350197,24.856680828536582,24.886436721019322,443554800
2016-09-15,26.451993942260742,26.488616040660265,25.97591714049353,26.0606044333641,359934400
2016-09-16,26.303218841552734,26.58016690302219,26.101802545821595,26.348996463017336,319547600
2016-09-19,25.996517181396484,26.5916123030239,25.920985414072987,26.365018747291153,188092000
2016-09-20,25.994230270385742,26.120116560913388,25.75161496090108,25.875211933536068,138057200
2016-09-21,25.98965072631836,26.090358002216576,25.735590599557394,26.058314539943815,144012800
2016-09-22,26.23455238342285,26.30779482414331,26.092644390548045,26.172753037236433,124296000
2016-09-23,25.79738998413086,26.27346680818627,25.531886743255473,26.188779511350944,209924800
2016-09-26,25.836299896240234,25.953030658642643,25.53188698083939,25.552485602666827,119477600
2016-09-27,25.884361267089844,25.904961632109924,25.712699125618776,25.863762648307365,98429600
2016-09-28,26.081205368041992,26.239135125485873,25.96218703015939,26.021697072219652,118564400
2016-09-29,25.67607879638672,26.046869650892393,25.58910393995395,25.9003847630911,143548000
2016-09-30,25.875205993652344,25.94844843326282,25.58910244107431,25.74016420879201,145516400
2016-10-03,25.753904342651367,25.87521375215775,25.698972933032078,25.7973926544789,86807200
2016-10-04,25.863759994506836,26.163595945381694,25.77907271809174,25.87749240561945,118947200
2016-10-05,25.875205993652344,26.014824667009425,25.79280803081087,25.95531463912669,85812400
2016-10-06,26.067468643188477,26.170465231130333,25.89351718159294,26.023980341230185,115117200
2016-10-07,26.106382369995117,26.220823817166742,25.98049782584907,26.163603093580928,97433600
2016-10-10,26.56186294555664,26.722080287328055,26.2574482499529,26.326112076610052,144944000
2016-10-11,26.619083404541016,27.166113425353146,26.596193716315806,26.939518084837463,256164000
2016-10-12,26.857112884521484,27.003599515625737,26.722072840694022,26.85940220197684,150347200
2016-10-13,26.77471923828125,26.880005150259226,26.486326329501203,26.731230933637267,140769600
2016-10-14,26.923486709594727,27.047083647551357,26.809045294402,26.980707417191088,142608800
2016-10-17,26.905183792114258,26.971558291980898,26.728942993020848,26.854829278087568,94499600
2016-10-18,26.886871337890625,27.056244174757325,26.88229270254308,27.049377967973744,98214000
2016-10-19,26.806758880615234,26.95324375868656,26.046867920781168,26.836513021204336,80138400
2016-10-20,26.79302978515625,26.866272238030678,26.625946258085435,26.747253906948913,96503200
2016-10-21,26.6877384185791,26.75869328542046,26.61449598066098,26.73580360475311,92770800
2016-10-24,26.928064346313477,26.948662962090957,26.779290162828072,26.802178095771055,94154800
2016-10-25,27.065397262573242,27.090574516004875,26.85024682278932,26.996731708443775,192516000
2016-10-26,26.456567764282227,26.481745017453612,25.934715146252724,26.163597996001634,264536800
2016-10-27,26.202510833740234,26.518368554939595,26.11553422850968,26.410793330304532,138248000
2016-10-28,26.0285587310791,26.36959369845516,25.966759381906105,26.062891508815476,151446800
2016-10-31,25.987361907958984,26.145291650936002,25.909540822203006,26.012539163976705,105677600
2016-11-01,25.51814842224121,26.040001040121055,25.29842109609378,25.96904791551526,175303200
2016-11-02,25.54103660583496,25.714988062228944,25.458640385687897,25.49755005141465,113326800
2016-11-03,25.267271041870117,25.642264957129893,25.20285508147735,25.531838097943226,107730400
2016-11-04,25.039514541625977,25.363897198636803,24.871573166671375,24.96819711570307,123348000
2016-11-07,25.400705337524414,25.423710787131366,25.182149178250135,25.32478577413851,130240000
2016-11-08,25.550241470336914,25.70208059611489,25.237362443161036,25.377697966609183,97016800
2016-11-09,25.50882339477539,25.610049448609516,24.857760767731882,25.27876545802712,236705600
2016-11-10,24.79795265197754,25.557143017878346,24.347039171303557,25.557143017878346,228538000
2016-11-11,24.9451904296875,25.0464165171127,24.51268199694924,24.643814994203094,136575600
2016-11-14,24.319427490234375,24.8025488700783,23.944433635754226,24.779543424410114,204702000
2016-11-15,24.641511917114258,24.77264490369558,24.422957524546458,24.517280389531447,129058000
2016-11-16,25.304080963134766,25.359296151320716,24.524184420842918,24.547189871652037,235362000
2016-11-17,25.294878005981445,25.38690156287228,25.037214152931146,25.262670024350157,110528000
2016-11-18,25.32018280029297,25.43061141206758,25.22816100488457,25.241963923155183,113715600
2016-11-21,25.704381942749023,25.764195760935156,25.308681889132192,25.333988410366057,117058400
2016-11-22,25.72047996520996,25.863114773392986,25.62845643254817,25.754987254155598,103862000
2016-11-23,25.5893497467041,25.653765699916704,25.382297214804243,25.619256652066213,109705600
2016-11-25,25.718181610107422,25.73658666962397,25.524931995589796,25.566342501900497,45903600
2016-11-28,25.667573928833008,25.874626503582014,25.626163413883205,25.635365945561322,108776000
2016-11-29,25.642269134521484,25.77340214817063,25.322488596759477,25.485829595852017,114115200
2016-11-30,25.426010131835938,25.812507653355425,25.3684956301527,25.674473200356314,144649200
2016-12-01,25.18905258178711,25.522637770046657,25.083226101264454,25.39150476644213,148347600
2016-12-02,25.283376693725586,25.327086523891644,25.041815071172717,25.115433567203517,106112000
2016-12-05,25.101633071899414,25.31328604902802,24.90378301560855,25.30638458860915,137298000
2016-12-06,25.294878005981445,25.389202634475474,25.12003517861256,25.19135260148136,104782000
2016-12-07,25.543338775634766,25.580148897147293,25.113131450477074,25.1361368988208,119994800
2016-12-08,25.79410743713379,25.86542486610041,25.44441824209,25.504233822463927,108273200
2016-12-09,26.21511459350586,26.387658134284187,25.83781952475354,25.83781952475354,137610400
2016-12-12,26.06557273864746,26.45667064611745,25.87922456055831,26.063271667134355,105497600
2016-12-13,26.50037956237793,26.668320906667244,26.16909550595621,26.18979988188101,174935200
2016-12-14,26.50037956237793,26.73273686092633,26.452067596683612,26.465870513966813,136127200
2016-12-15,26.645322799682617,26.854676463900258,26.50958939513117,26.544096697845198,186098000
2016-12-16,26.67982292175293,26.80175336438072,26.6062044419473,26.79485190614941,177404400
2016-12-19,26.83396339416504,27.004205812649772,26.629211926678533,26.64071552808017,111117600
2016-12-20,26.90528106689453,27.031813662716168,26.84316618225683,26.856969099908948,85700000
2016-12-21,26.930593490600586,27.008814136586548,26.86617752049659,26.87077966419176,95132800
2016-12-22,26.753442764282227,26.804055800827204,26.603904725909267,26.76724568144791,104343600
2016-12-23,26.806360244750977,26.806360244750977,26.592406211739476,26.592406211739476,56998000
2016-12-27,26.976594924926758,27.10082642494282,26.799449325658312,26.806350783125403,73187600
2016-12-28,26.861570358276367,27.15144215064689,26.732736695353033,27.03641316012437,83623600
2016-12-29,26.85466957092285,26.942090974031995,26.778750014031598,26.790251860249484,60158000
2016-12-30,26.645322799682617,26.962802271076885,26.55560030221894,26.836271398983712,122345200
2017-01-03,26.721237182617188,26.762647693029223,26.401456701458834,26.640717233261352,115127600
2017-01-04,26.691326141357422,26.804055815616383,26.629211258874466,26.65221670589767,84472400
2017-01-05,26.82706642150879,26.884580927728436,26.64301929952454,26.66832582267746,88774400
2017-01-06,27.126136779785156,27.183651273757864,26.79485273283738,26.866170143698557,127007600
2017-01-09,27.374595642089844,27.47582170420658,27.133035841860686,27.135335157670315,134247600
2017-01-10,27.40220832824707,27.464323215522036,27.21586191121894,27.323987696089937,97848400
2017-01-11,27.54944610595703,27.590856617075996,27.284879049097164,27.317087029389327,110354400
2017-01-12,27.434415817260742,27.44591941905576,27.195155292590645,27.35389587030523,108344800
2017-01-13,27.3861083984375,27.51954247853153,27.333194278674867,27.402212390503777,104447600
2017-01-17,27.606958389282227,27.66217181460391,27.19745545400704,27.22506128906631,137759200
2017-01-18,27.60466194152832,27.721992025791536,27.540245975329984,27.606963013236385,94852000
2017-01-19,27.556344985961914,27.627662399190104,27.462022125421704,27.468923584095,102389200
2017-01-20,27.606958389282227,27.710483781160775,27.544843505195725,27.710483781160775,130391600
2017-01-23,27.625364303588867,27.793305656069048,27.554045132006674,27.60695924284487,88200800
2017-01-24,27.600059509277344,27.629966418453563,27.49193196465079,27.503435567135732,92844000
2017-01-25,28.039474487304688,28.090087539110513,27.67138195853999,27.703589945106675,129510400
2017-01-26,28.05327033996582,28.16829932872382,27.97504971490478,27.991153703122777,105350400
2017-01-27,28.055574417114258,28.14759797477796,27.975054462359783,28.099286001925275,82251600
2017-01-30,27.981952667236328,27.981952667236328,27.7587978915031,27.82091277645912,121510000
2017-01-31,27.917539596557617,27.92674212772511,27.749598229560107,27.87152869592351,196804000
2017-02-01,29.61996841430664,30.020270610409472,29.21966797340711,29.224268361259686,447940000
2017-02-02,29.56935691833496,29.767206955205634,29.396813403985195,29.442826060933836,134841600
2017-02-03,29.69588851928711,29.721195040945894,29.48423557014394,29.518742867675616,98029200
2017-02-06,29.974254608154297,30.022568331657627,29.6544741356893,29.707390002003997,107383600
2017-02-07,30.25952911376953,30.388361034891503,30.01106604714577,30.03177042509611,152735200
2017-02-08,30.376853942871094,30.418266204420902,30.188208225873115,30.2181168864143,92016400
2017-02-09,30.596359252929688,30.603290633697004,30.295986492383804,30.418445586774457,113399600
2017-02-10,30.527048110961914,30.716515292031392,30.51087606110025,30.605609651634992,80262000
2017-02-13,30.797380447387695,30.919843083711402,30.672612051335886,30.74886077555563,92141600
2017-02-14,31.197099685668945,31.213271729612963,30.788130658971273,30.838963126724675,132904800
2017-02-15,31.31032371520996,31.485928118966612,31.104684499463215,31.31263652618138,142492400
2017-02-16,31.273357391357422,31.400435071703008,31.155516852353124,31.347293303978862,90338400
2017-02-17,31.35885238647461,31.3842686322115,31.21559910629963,31.21559910629963,88792800
2017-02-21,31.58527374267578,31.59682721826465,31.418913565948206,31.47667741826679,98028800
2017-02-22,31.680023193359375,31.682332479384897,31.44896766821654,31.522903602935937,83347600
2017-02-23,31.546003341674805,31.7655053351691,31.49286157023711,31.742401903322005,83152800
2017-02-24,31.57602882385254,31.57602882385254,31.257171273808243,31.402737290241557,87106400
2017-02-27,31.6384220123291,31.75626255171669,31.488237375635933,31.68694520954043,81029600
2017-02-28,31.652292251586914,31.756266515014435,31.585284186390634,31.673086399147035,93931600
2017-03-01,32.299232482910156,32.382412567080664,31.793224123633966,31.86022863767035,145658400
2017-03-02,32.107460021972656,32.41245131747088,32.06124612134738,32.34775608734624,104844000
2017-03-03,32.29691696166992,32.3084704344454,32.02196052748819,32.06586160866005,84432400
2017-03-06,32.19525909423828,32.29461475112016,32.02428035196002,32.20219047429682,87000000
2017-03-07,32.23686599731445,32.343149558403695,32.068192935228886,32.1305789105979,69785200
2017-03-08,32.11670684814453,32.301551909230334,32.075118560354035,32.10515337077174,74828800
2017-03-09,32.04277420043945,32.068190445792496,31.66615614282426,32.0566404915996,88623600
2017-03-10,32.1490478515625,32.19988032103794,32.03352015286843,32.17446408630022,78451200
2017-03-13,32.16291809082031,32.21605985740259,32.07511941682055,32.082050798304046,69686800
2017-03-14,32.11439895629883,32.26689287710669,32.0797385226766,32.18602558324106,61236400
2017-03-15,32.45405197143555,32.521056504609845,32.12364082513216,32.21144302950852,102767200
2017-03-16,32.50719451904297,32.58344324693821,32.407838833981906,32.51412590106739,76928000
2017-03-17,32.345436096191406,32.57880070435239,32.32232915352719,32.57880070435239,175540000
2017-03-20,32.68510818481445,32.694348852295555,32.40090741959065,32.44018642623199,86168000
2017-03-21,32.310791015625,32.99471665093121,32.2853747768826,32.83528783751306,158119600
2017-03-22,32.67584991455078,32.717441714364135,32.29229715523105,32.313094817950294,103440800
2017-03-23,32.56032943725586,32.71282686095234,32.488702820993375,32.63888743408401,81385200
2017-03-24,32.49563980102539,32.7498022176487,32.42863526880281,32.69434763794183,89582400
2017-03-27,32.55109405517578,32.62965206475492,32.02890646363169,32.20682015348862,94300400
2017-03-28,33.225765228271484,33.28121626453851,32.49100726710479,32.55801530342798,133499200
2017-03-29,33.299705505371094,33.38519840692117,33.084825660277524,33.19804055798778,116760000
2017-03-30,33.25581359863281,33.38751691474966,33.15646143437077,33.3158902799325,84829200
2017-03-31,33.19342041015625,33.33436434857821,33.043232281161146,33.20728317039026,78646800
2017-04-03,33.202674865722656,33.29971775329288,33.05249019997456,33.20498767713941,79942800
2017-04-04,33.44989776611328,33.477623291318075,33.080207643793266,33.0986925024719,79565600
2017-04-05,33.276611328125,33.60933178453863,33.22808812588683,33.32282171915426,110871600
2017-04-06,33.19342041015625,33.3921281999704,33.14489722371151,33.33898291823909,84596000
2017-04-07,33.119483947753906,33.313569659625706,33.10331190124426,33.209595422953385,66688800
2017-04-10,33.0802001953125,33.2442510756305,33.0178142520225,33.179555847635505,75733600
2017-04-11,32.7243766784668,33.121792239387545,32.361618016499676,33.02705868141359,121517600
2017-04-12,32.76366424560547,32.84453153953262,32.58112846168498,32.71745385970046,81400000
2017-04-13,32.59036636352539,32.89767048263503,32.59036636352539,32.789074157625386,71291600
2017-04-17,32.77058410644531,32.78213758026646,32.54876939620501,32.68971331532249,66328400
2017-04-18,32.62501907348633,32.81910474726567,32.60422493535825,32.67354225474382,58790000
2017-04-19,32.5048828125,32.809877734444996,32.45174103996478,32.78215220540519,69313600
2017-04-20,32.911537170410156,33.0224427935341,32.615786491662185,32.6296492538494,93278400
2017-04-21,32.87226486206055,32.96699493150307,32.775221981365114,32.91154387146392,69283600
2017-04-24,33.18880844116211,33.26043507464243,33.082521370895755,33.156460815537876,68537200
2017-04-25,33.39444351196289,33.47993289925257,33.241946070614006,33.25119026285557,75486000
2017-04-26,33.19804763793945,33.4106217690531,33.12873381869219,33.380583430294884,80164800
2017-04-27,33.22346496582031,33.30895788839654,33.112559325774114,33.25350330556007,56985200
2017-04-28,33.19111633300781,33.3413045015207,33.10331765321541,33.29278130230845,83441600
2017-05-01,33.86811065673828,34.01136391757358,33.49380192971616,33.526149553957254,134411600
2017-05-02,34.08299255371094,34.217005155060875,33.928185805330884,34.08992393605431,181408800
2017-05-03,33.979007720947266,34.07836337966752,33.33436468419537,33.639355989291474,182788000
2017-05-04,33.85654067993164,33.99748458664836,33.69018054329469,33.85423139562067,93487600
2017-05-05,34.41801834106445,34.42263691120523,33.90969357549422,33.90969357549422,109310800
2017-05-08,35.353797912597656,35.51322675874134,34.434198084508445,34.434198084508445,195009600
2017-05-09,35.58022689819336,35.78586608965602,35.455454991771575,35.55249784919626,156521600
2017-05-10,35.411556243896484,35.568675779877275,35.145843892303795,35.497049156002355,103222800
2017-05-11,35.71780776977539,35.74565127496851,35.33731290713693,35.36979404638002,109020400
2017-05-12,36.21662902832031,36.29087011398681,35.88485410936519,35.891814100515845,130108000
2017-05-15,36.12382507324219,36.34423306457839,35.973020537111836,36.19574734555601,104038800
2017-05-16,36.070457458496094,36.20734198695468,35.89645062192659,36.17950202596057,80194000
2017-05-17,34.859375,35.86165623339559,34.7340916159149,35.63660707330941,203070800
2017-05-18,35.39066696166992,35.57627495183137,35.06353681745834,35.09601795022325,134272800
2017-05-19,35.511314392089844,35.72476235196621,35.41155217244053,35.58555900779195,107843200
2017-05-22,35.727088928222656,35.863973471889224,35.47651863090263,35.7294077451704,91865600
2017-05-23,35.68301773071289,35.93822574135767,35.569331941676616,35.93822574135767,79675600
2017-05-24,35.5762825012207,35.76885052211112,35.42083679427562,35.69228707716587,76712000
2017-05-25,35.6992301940918,35.8105970832866,35.50434344826645,35.66674906978757,76942400
2017-05-26,35.638916015625,35.78508287337368,35.5693125814505,35.729399417998536,87710400
2017-05-30,35.65284729003906,35.82917297765768,35.57396502506591,35.59484499988018,80507600
2017-05-31,35.44169998168945,35.768833580554094,35.35353895304925,35.72243248018919,97804800
2017-06-01,35.53915786743164,35.57396136205059,35.31643107865565,35.536839050528435,65616400
2017-06-02,36.065826416015625,36.065826416015625,35.471883480111885,35.63197038115358,111082800
2017-06-05,35.71316146850586,35.83380719987951,35.60412044112713,35.80828605555389,101326800
2017-06-06,35.833805084228516,36.14933760445317,35.67835941076034,35.70619937013436,106499600
2017-06-07,36.04726791381836,36.18879366602264,35.840779869472385,35.966066818730944,84278400
2017-06-08,35.95909881591797,36.08670101408541,35.822210729231124,36.01941991941855,85003200
2017-06-09,34.56471633911133,36.00549447499846,33.87797135357596,36.00549447499846,259530800
2017-06-12,33.73877716064453,33.8942228985397,33.063629544575214,33.81302180331773,289229200
2017-06-13,34.010215759277344,34.2097437423721,33.676122062916065,34.142462655827934,136661600
2017-06-14,33.678443908691406,34.2213443869501,33.37219017828201,34.2213443869501,126124800
2017-06-15,33.476585388183594,33.520667675588555,32.994009663374705,33.25153985910825,128661600
2017-06-16,33.0079460144043,33.52532547863764,32.99170367301799,33.358278590962286,201444400
2017-06-19,33.95220947265625,34.045015233013565,33.33042680906225,33.33042680906225,130165600
2017-06-20,33.64363479614258,34.07517181859464,33.62739600173428,34.07517181859464,99600400
2017-06-21,33.84318161010742,33.88958628326422,33.550851286189,33.761980512442065,85063200
2017-06-22,33.78749084472656,34.03573877374179,33.66916392232728,33.81997198142515,76425200
2017-06-23,33.93830490112305,34.142474126421085,33.6668545666769,33.671495741846236,141757600
2017-06-26,33.83157730102539,34.40231785027864,33.72949270452707,34.14478754190472,102769600
2017-06-27,33.34667205810547,33.91045609832989,33.321150911590316,33.643643468366285,99047600
2017-06-28,33.833892822265625,33.89885509731291,33.21442885223566,33.52300142879953,88329600
2017-06-29,33.335079193115234,33.6714953555342,33.010267738576154,33.57405191917247,125997600
2017-06-30,33.413963317871094,33.63205251495539,33.35827983983494,33.51372556665097,92096400
2017-07-03,33.29330825805664,33.710925376297865,33.20050602741556,33.61348197207128,57111200
2017-07-05,33.43019485473633,33.592600538490956,33.11234347794667,33.337392618356084,86278400
2017-07-06,33.11466979980469,33.29331786251225,33.040428701910386,33.18195444558119,96515200
2017-07-07,33.45108413696289,33.583331077798874,33.15411264967926,33.15411264967926,76806800
2017-07-10,33.65523910522461,33.861727060320725,33.26314316415742,33.43483117071179,84362400
2017-07-11,33.76428985595703,33.83853448003167,33.49748076106818,33.57868183594897,79127200
2017-07-12,33.81300354003906,33.91508455830899,33.59955561791149,33.84316231217853,99538000
2017-07-13,34.283992767333984,34.45103963699194,33.74341102804902,33.75733101049074,100797600
2017-07-14,34.57863998413086,34.645924615900284,34.18190634507622,34.33039205013278,80528400
2017-07-17,34.69929504394531,35.010186519241415,34.4696082039215,34.527610503350445,95174000
2017-07-18,34.81992721557617,34.83152837896584,34.49279352494887,34.6157580684877,71475200
2017-07-19,35.038021087646484,35.13082332697542,34.7897696101649,34.91273417035607,83692000
2017-07-20,34.88025665283203,35.2050716045532,34.845456694516386,35.14938813106929,68974800
2017-07-21,34.864013671875,34.90345479996306,34.541521116163516,34.799051397356024,105010400
2017-07-24,35.2862663269043,35.36747093524196,34.7781657860091,34.93593382901929,85972800
2017-07-25,35.43708038330078,35.69228833526864,35.21899120640794,35.21899120640794,75415600
2017-07-26,35.604122161865234,35.71316319451389,35.51131638702401,35.57860101630619,63124000
2017-07-27,34.931297302246094,35.72709053321311,34.17494874241261,35.671407062358746,129905200
2017-07-28,34.68537139892578,34.854737104138636,34.613449121650966,34.77585483488103,68854800
2017-07-31,34.506717681884766,34.877933714220624,34.36751432489266,34.778167945206754,79383600
2017-08-01,34.81297302246094,34.85241415241093,34.43247816509669,34.59256504206811,141474400
2017-08-02,36.457908630371094,37.06345250301335,36.230540711117264,36.95440794639433,279747200
2017-08-03,36.09366989135742,36.474164805577196,35.96606413411134,36.437042487073036,108389200
2017-08-04,36.28390121459961,36.51822911955738,36.12149556065968,36.20966014716039,82239600
2017-08-07,36.845367431640625,36.87088857620592,36.348868061152366,36.439351475487854,87481200
2017-08-08,37.14002227783203,37.54603825885882,36.72008631531287,36.79664975369933,144823600
2017-08-09,37.36739730834961,37.41612079297304,36.914980123328064,36.949780083645464,104526000
2017-08-10,36.17716979980469,37.26723470908686,36.016454281468874,37.24394126576149,163217200
2017-08-11,36.6802864074707,36.934172225596136,36.35187149847819,36.47531896830066,105028400
2017-08-14,37.23230743408203,37.31615887536622,36.97609370957996,37.108859972480495,88490800
2017-08-15,37.63990783691406,37.779657832245334,37.29984276218854,37.420962268073296,117862000
2017-08-16,37.48850631713867,37.851861268607664,37.30216944215757,37.719098599761814,110686400
2017-08-17,36.768795013427734,37.43261922350006,36.76413561275204,37.38836380228439,111762400
2017-08-18,36.6849365234375,37.15077698722718,36.50325902688598,36.76878794908287,109712400
2017-08-21,36.61738204956055,36.775766061624765,36.12824826344732,36.684927336098575,105474000
2017-08-22,37.21599578857422,37.26723852587376,36.806057444258705,36.85496870453865,86418400
2017-08-23,37.26258087158203,37.376713074383446,37.006370727162285,37.050626143637956,77596400
2017-08-24,37.097206115722656,37.43959913896575,36.92950326539622,37.36739088206577,79275600
2017-08-25,37.23463821411133,37.397681708539366,37.09721609409924,37.185723388742105,101920400
2017-08-28,37.60963439941406,37.73308185201082,37.25093521127621,37.29985002932449,103864000
2017-08-29,37.94504165649414,37.99395292241599,37.26724282464148,37.29053627303937,118067600
2017-08-30,38.04752731323242,38.17330269453287,37.87516503492764,38.15234072332967,109078400
2017-08-31,38.19892501831055,38.320044556194304,38.07780548042678,38.11507357732661,107140400
2017-09-01,38.21056365966797,38.417862517958746,38.11273759156137,38.385253828589875,66364400
2017-09-05,37.751708984375,38.25714542591725,37.397669261394455,38.140685318075796,117874000
2017-09-06,37.71211242675781,37.963666682533365,37.388353473821574,37.8984493074153,86606800
2017-09-07,37.56072235107422,37.788986780023535,37.35109552473771,37.75404660624655,87714000
2017-09-08,36.948143005371094,37.53509951790412,36.92484955709291,37.46755420442734,114446000
2017-09-11,37.616615295410156,37.74472212642734,37.24161360138557,37.38369507686272,126323200
2017-09-12,37.467552185058594,38.189606393791436,36.980749707380006,37.875162629389486,286856000
2017-09-13,37.18571090698242,37.257919159067484,36.78043200745177,37.23695363861418,179629600
2017-09-14,36.86661911010742,37.12748866854169,36.82236369128421,37.03199406138133,95042800
2017-09-15,37.239288330078125,37.49317053339173,36.80139715072568,36.91086994556379,196458400
2017-09-18,36.95745086669922,37.383695295624975,36.80139474584889,37.292856552023125,113077600
2017-09-19,36.97142028808594,37.213659272855445,36.90387499764983,37.15309774962307,83242400
2017-09-20,36.35186767578125,36.86196007366764,35.83012499967972,36.77810863561706,211805600
2017-09-21,35.72763442993164,36.28897304494731,35.578565622840415,36.28897304494731,150046800
2017-09-22,35.378257751464844,35.46676858657564,35.06847338265814,35.296734239749,186581600
2017-09-25,35.06614685058594,35.36428450753414,34.7423878221462,34.935712069931256,177549200
2017-09-26,35.669403076171875,35.851080567151044,35.33166946109935,35.352631428347586,146640000
2017-09-27,35.92328643798828,36.03741863130181,35.76257090902376,35.82313244404268,102016800
2017-09-28,35.7020149230957,35.93493516844684,35.56692075430234,35.84409641492313,88022000
2017-09-29,35.89765930175781,35.89999077831816,35.40386962586066,35.68570462549336,105199200
2017-10-02,35.82546615600586,35.97453498662579,35.571583914714,35.93027956667778,74795200
2017-10-03,35.98151779174805,36.123599280752316,35.84875510265796,35.872044994281765,64921200
2017-10-04,35.748592376708984,35.83710319267838,35.51101632449689,35.783532540208626,80655200
2017-10-05,36.193477630615234,36.20512435397174,35.88136534751433,35.91164256334408,85135200
2017-10-06,36.172508239746094,36.21676364697264,36.00014601004277,36.09564414626003,69630400
2017-10-09,36.29829025268555,36.50558912928541,36.21677029910365,36.29130292963798,65051600
2017-10-10,36.31227111816406,36.801405139755445,36.125937732873545,36.34953921685477,62468000
2017-10-11,36.46365737915039,36.563811357429444,36.2773205116134,36.328563239038075,67622400
2017-10-12,36.33555221557617,36.65465176118932,36.272662764675964,36.41707570948683,64500400
2017-10-13,36.5661506652832,36.63369597276531,36.43105649623809,36.50558912676728,65576800
2017-10-16,37.239288330078125,37.26723762098803,36.719873646797474,36.778103705580264,96486000
2017-10-17,37.376712799072266,37.46987947743301,37.0878904096244,37.21599725793115,75989200
2017-10-18,37.211341857910156,37.432618962445325,37.174077315008596,37.36507009240364,65496800
2017-10-19,36.33089828491211,36.5871119722712,36.107296843290385,36.51024786606347,170336800
2017-10-20,36.393775939941406,36.743156188964846,36.326230655591935,36.47762734187022,95896400
2017-10-23,36.375152587890625,36.72919233940038,36.219096457297425,36.542855441022574,87937200
2017-10-24,36.59177017211914,36.666302798854936,36.38213982913323,36.403101797207604,71028800
2017-10-25,36.43104934692383,36.69657823284768,36.16552046099998,36.54750944696201,84828400
2017-10-26,36.663970947265625,36.761797008544235,36.51723007830754,36.62204346152888,68002000
2017-10-27,37.97764205932617,38.1057488893798,36.96443769463346,37.10185976956351,177816800
2017-10-30,38.83247375488281,39.14691759005471,38.13371283590687,38.17330886149236,178803200
2017-10-31,39.372840881347656,39.51492238822658,38.88371044674246,39.10731191568161,144187200
2017-11-01,38.87206268310547,39.58247019850598,38.573925029770365,39.566164074081144,134551200
2017-11-02,39.15622329711914,39.2470620522876,38.497058564350645,38.80451499973989,165573600
2017-11-03,40.17873764038086,40.588675944952875,39.85730660195206,40.52811796768852,237594400
2017-11-06,40.58635330200195,40.75871556536482,39.997065357610694,40.14846209750659,140105200
2017-11-07,40.71677780151367,40.8192632536564,40.43494636220121,40.50715105237085,97446000
2017-11-08,41.04987335205078,41.04987335205078,40.60499474340489,40.681858865899855,97638000
2017-11-09,40.96601486206055,41.0172576015806,40.327812095180505,40.78666527374036,117930400
2017-11-10,40.83042907714844,40.99639849993857,40.736927487906414,40.93328296542886,100582000
2017-11-13,40.66679763793945,40.7906888430598,40.53355413421182,40.55693131387321,67928400
2017-11-14,40.05202102661133,40.55226208172439,40.01461895951602,40.449408180641015,99130000
2017-11-15,39.52373123168945,39.8135919089244,39.36010164246712,39.73177533088447,116632400
2017-11-16,39.995914459228516,40.17590518761419,39.80890772349603,40.014611922630635,94550000
2017-11-17,39.77384567260742,40.063706318434406,39.654630606275354,39.98188974925974,87598000
2017-11-20,39.734107971191406,39.869687780332924,39.635930226680074,39.80657224212664,65049600
2017-11-21,40.4727897644043,40.603693446612,39.92112169877338,39.92112169877338,100525200
2017-11-22,40.89822006225586,40.9075687942775,40.45174231251265,40.52420657796541,102355600
2017-11-24,40.90056228637695,41.024453513062106,40.82575815192538,40.93095191185509,56106800
2017-11-27,40.69485092163086,40.92627217962039,40.51953275956953,40.91925973848651,82867200
2017-11-28,40.4564323425293,40.87719319814768,40.173584057546734,40.74395321169737,105715200
2017-11-29,39.61722946166992,40.421356022358474,39.07491378830195,40.35356790075893,166665600
2017-11-30,40.171234130859375,40.23902224712282,39.37412007422577,39.839295289727644,166108800
2017-12-01,39.984222412109375,40.12915092551341,39.38814005400389,39.72708772685399,159037200
2017-12-04,39.6920280456543,40.35122240453448,39.652289694840306,40.31849649404904,130169600
2017-12-05,39.654640197753906,40.09410563907776,39.36477948181677,39.51906035805063,109400800
2017-12-06,39.507362365722656,39.785534421794935,38.9112834648331,39.15438974818077,114240000
2017-12-07,39.579833984375,39.84164132481947,39.48399252337033,39.51204229074438,102693200
2017-12-08,39.59150695800781,39.97253282752388,39.46294318543951,39.85331778561536,93420800
2017-12-11,40.36292266845703,40.41434962364538,39.455942077161914,39.55178354518181,141095200
2017-12-12,40.136173248291016,40.297466539043796,40.080073715408226,40.241363439303626,77636800
2017-12-13,40.26941680908203,40.566286349142075,40.206301267674334,40.3231800504292,95273600
2017-12-14,40.257720947265625,40.470441149509966,40.124477446896066,40.29979558936755,81906000
2017-12-15,40.66679763793945,40.7135484304054,40.31382505293616,40.58732093406165,160677200
2017-12-18,41.2395133972168,41.421844031172604,40.87485212930518,40.879528279802386,117684400
2017-12-19,40.800048828125,40.99874420947974,40.69485862434924,40.914591333087564,109745600
2017-12-20,40.755638122558594,41.00575689448895,40.49850334126773,40.87718950384352,93902400
2017-12-21,40.90990447998047,41.146001870600934,40.69718783621033,40.71354900872024,83799600
2017-12-22,40.90990447998047,41.00574592435399,40.79068942247038,40.83276406623033,65397600
2017-12-26,39.872032165527344,40.08241256095756,39.66398449497271,39.92579541025149,132742000
2017-12-27,39.87903594970703,39.921110592915475,39.670991891177096,39.76215718498556,85992800
2017-12-28,39.991241455078125,40.17123576447634,39.850985500534065,39.97254042334844,65920800
2017-12-29,39.55879211425781,39.87670254845045,39.556455822653554,39.860341373505804,103999600
2018-01-02,40.267066955566406,40.27641925330551,39.56579443310673,39.77617832995853,102223600
2018-01-03,40.26007843017578,40.80239788177346,40.196966433802565,40.33020643744908,118071600
2018-01-04,40.44706726074219,40.5499211500562,40.224998308918046,40.33252478094121,89738400
2018-01-05,40.90757369995117,40.99406285723671,40.45174716352319,40.54291247080879,94640000
2018-01-08,40.755638122558594,41.050171408244445,40.65745679380547,40.755638122558594,82271200
2018-01-09,40.75096130371094,40.921603346574265,40.53590474782042,40.80238825912582,86336000
2018-01-10,40.74160385131836,40.74394370972359,40.44005816620148,40.47746023211193,95839600
2018-01-11,40.97301483154297,41.02210547657908,40.78834797363013,40.81172158381117,74670800
2018-01-12,41.396114349365234,41.45922987236905,41.05950298248666,41.18339417073276,101672400
2018-01-16,41.18573760986328,41.933760953052094,41.174049020608194,41.58546096764788,118263600
2018-01-17,41.86597442626953,41.90103662850465,40.923931879747094,41.17638686955348,137547200
2018-01-18,41.90337371826172,42.09973275509077,41.667279896046836,41.92908718934309,124773600
2018-01-19,41.71638107299805,41.97818843235449,41.4709348901725,41.75144328474837,129700400
2018-01-22,41.37508773803711,41.5574183478053,41.28158614164321,41.44521571876117,108434400
2018-01-23,41.38444137573242,41.9454617211586,41.33301798842127,41.44522063076343,130756400
2018-01-24,40.725242614746094,41.44521633156787,40.48680890350173,41.433527740131495,204420400
2018-01-25,39.99825668334961,40.89588486778186,39.862676869004524,40.793030969529916,166116000
2018-01-26,40.09176254272461,40.206305044653156,39.75281475426623,40.206305044653156,156572000
2018-01-29,39.26190948486328,39.77617524811732,39.05386546199367,39.77617524811732,202561600
2018-01-30,39.03050231933594,39.124003921961055,38.49987162895176,38.693890842913504,184192800
2018-01-31,39.13803482055664,39.37413228878434,38.92064195595757,39.007131130020674,129915600
2018-02-01,39.21984100341797,39.41619648711814,38.98140730643512,39.07724875688061,188923200
2018-02-02,37.5180778503418,38.99075077839937,37.42457627932645,38.80374406951238,346375200
2018-02-05,36.580718994140625,38.30818708507509,36.46617651460954,37.190826320809336,290954000
2018-02-06,38.109500885009766,38.27079419819336,35.998670062167655,36.192689296369814,272975200
2018-02-07,37.293678283691406,38.19598257725575,37.183815515739305,38.123518306819236,206434400
2018-02-08,36.267478942871094,37.63496190465887,36.2394291809823,37.46899249081761,217562000
2018-02-09,36.711082458496094,37.05845311203358,35.2629186182967,36.86599229990847,282690400
2018-02-12,38.18976593017578,38.46672273816519,36.96926786105699,37.20163266035302,243278000
2018-02-13,38.57234191894531,38.66857413140311,37.94096978650724,38.01138368785197,130196800
2018-02-14,39.28350830078125,39.323408669280425,38.22966009746978,38.267211068093054,162579600
2018-02-15,40.60259246826172,40.62606138201437,39.66609578151257,39.851515600178224,204588800
2018-02-16,40.47114944458008,41.03211125006785,40.31624316123592,40.454721563931344,160704400
2018-02-20,40.335018157958984,40.900667983713674,40.23409073734247,40.381959561813375,135722000
2018-02-21,40.151954650878906,40.86781930456375,40.1378690027883,40.56504412652464,149886400
2018-02-22,40.48759078979492,40.82792054682032,40.3021709353275,40.323294036203414,123967600
2018-02-23,41.19171142578125,41.226916584183606,40.73167706139258,40.76219058627438,135249600
2018-02-26,42.00615310668945,42.10473112126682,41.358353190295645,41.3912125284881,152648800
2018-02-27,41.87002944946289,42.36057381022389,41.81604700695905,42.03667557380085,155712400
2018-02-28,41.80665588378906,42.39343245337469,41.79022800216865,42.074225856264114,151128400
2018-03-01,41.07435989379883,42.19627640895745,40.52513788389774,41.9052339409774,195208000
2018-03-02,41.35835647583008,41.37947957033199,40.47584232615504,40.55799246886187,153816000
2018-03-05,41.50153732299805,41.71747068327421,40.96170213160757,41.12365304716473,113605600
2018-03-06,41.466331481933594,41.83717475100933,41.33958930254335,41.75737398689694,95154000
2018-03-07,41.08138656616211,41.27385093288928,40.90300784056516,41.06026347656485,126814000
2018-03-08,41.529685974121094,41.57193215474558,41.0907783844388,41.18700698966086,95096400
2018-03-09,42.243221282958984,42.24791649869535,41.63532156620826,41.76910835419292,128740800
2018-03-12,42.651615142822266,42.80887083210406,42.29720338770059,42.31597708610445,128828400
2018-03-13,42.24086380004883,43.06939186938944,42.06952607769264,42.855804379874634,126774000
2018-03-14,41.88175582885742,42.3699542575725,41.73388701966704,42.32301285856895,117473600
2018-03-15,41.93104934692383,42.30424194138419,41.79492034377192,41.89584418772932,90975200
2018-03-16,41.78318786621094,42.04136741352731,41.689301464223135,41.93105312956666,157618800
2018-03-19,41.144771575927734,41.65409318133053,40.759846310114575,41.61888802159753,133787200
2018-03-20,41.13068771362305,41.49683568443578,41.06027381583607,41.13068771362305,78597600
2018-03-21,40.19889450073242,41.09548733194154,40.19654510210862,41.08375108302355,148219600
2018-03-22,39.63088607788086,40.52982452051389,39.57220842812468,39.90080183419946,165963200
2018-03-23,38.71316909790039,39.88202694835137,38.71316909790039,39.52291999681884,164115200
2018-03-26,40.55095291137695,40.62840784209897,39.06523432694473,39.4478137655839,150164800
2018-03-27,39.51118087768555,41.10955946368787,39.177892261077965,40.764534600998445,163690400
2018-03-28,39.07461929321289,39.905496814461294,38.77184419806612,39.2553474561917,166674000
2018-03-29,39.3797492980957,40.31155078767656,39.17320279721128,39.38679033049858,153594000
2018-04-02,39.12156295776367,39.65201123119887,38.60285451256873,39.11217610913106,150347200
2018-04-03,39.522926330566406,39.607422308079656,38.69909323586246,39.3468933425305,121112000
2018-04-04,40.2786865234375,40.37256933160999,38.6732668664508,38.69908517590817,138422000
2018-04-05,40.55799865722656,40.89363314796675,40.38900671262728,40.506362030743446,107732800
2018-04-06,39.52058029174805,40.48289180544125,39.47833051252819,40.128480014153794,140021200
2018-04-09,39.912540435791016,40.62605912311723,39.865599029495826,39.87264006137012,116070800
2018-04-10,40.66361618041992,40.839649150897934,40.25991361494503,40.60493852359392,113634400
2018-04-11,40.47349548339844,40.820866160421915,40.29980835418697,40.42420468274402,89726400
2018-04-12,40.87250518798828,41.07435645439156,40.61432208628652,40.70116744671329,91557200
2018-04-13,41.01097869873047,41.27150758615567,40.80443582338923,41.02271494402695,100497200
2018-04-16,41.266815185546875,41.35365695260684,41.03445042603608,41.0813918249496,86313600
2018-04-17,41.834815979003906,41.99911267229984,41.40529517848783,41.42407245506441,106421600
2018-04-18,41.740928649902344,41.9709475967017,41.515608498889755,41.733887619020656,83018000
2018-04-19,40.55799865722656,41.16589834553228,40.525139311410044,40.78331886242555,139235200
2018-04-20,38.896244049072266,40.1871524529709,38.82817596401007,40.04163301530664,261964400
2018-04-23,38.783573150634766,39.17788516145341,38.51365386526357,39.15676207117359,146062000
2018-04-24,38.24373245239258,39.03940096674718,37.84003007411372,38.88449116502193,134768000
2018-04-25,38.410400390625,38.82583928664687,38.119361446786506,38.16864868277175,113528400
2018-04-26,38.544166564941406,38.89857820390743,38.34466116613745,38.52069407752962,111852000
2018-04-27,38.098236083984375,38.57000322169767,37.70157449520931,38.49254827406108,142623200
2018-04-30,38.78828430175781,39.25770564498742,37.98557423460327,38.05364233495592,169709600
2018-05-01,39.68956756591797,39.71303647925035,38.79062545495093,39.05819542045914,214277600
2018-05-02,41.44285202026367,41.71980880691432,40.79270266081835,41.128337096986456,266157600
2018-05-03,41.51797103881836,41.66114469341514,40.9429306029922,41.28091454705021,136272800
2018-05-04,43.146854400634766,43.24543243285755,41.81839141046121,41.8371686901322,224805200
2018-05-07,43.459022521972656,44.04814493310454,43.36279030101084,43.46371415611706,169805600
2018-05-08,43.66791915893555,43.707819541504236,43.10930664017297,43.419126431506974,113611200
2018-05-09,43.97537612915039,43.98476297690126,43.473095611593955,43.7852611249509,92844800
2018-05-10,44.60441207885742,44.68186702612727,44.04345374687312,44.064580428056125,111957200
2018-05-11,44.43476486206055,44.7811202353957,44.16616310265883,44.64682115330001,104848800
2018-05-14,44.33108901977539,44.65623981059255,44.26276205405801,44.53371864959899,83115200
2018-05-15,43.928192138671875,44.076631181678145,43.61246796024898,44.00830061465196,94780800
2018-05-16,44.3381462097168,44.40412189174808,43.82450587728553,43.84100069659563,76732400
2018-05-17,44.05778884887695,44.51017064166061,43.909349781090896,44.29575945379428,69176000
2018-05-18,43.897552490234375,44.25097597581326,43.85514339766552,44.10489541890773,73190800
2018-05-21,44.20856475830078,44.594974273485356,44.038921205760296,44.2957413967529,73603200
2018-05-22,44.097835540771484,44.50309483483212,44.008300423764275,44.385286984121706,60962800
2018-05-23,44.38056182861328,44.4135478742075,43.767959730195656,43.90697568932282,80233600
2018-05-24,44.33108901977539,44.49366441518397,43.873997617810524,44.47717318699425,92936000
2018-05-25,44.43239974975586,44.68450662598143,44.21327532554309,44.34993283409535,69844000
2018-05-29,44.272186279296875,44.472461051919346,44.02950240859062,44.20150444915725,90056400
2018-05-30,44.17794418334961,44.295752034505206,44.00830059006872,44.229779925474894,74762000
2018-05-31,44.029502868652344,44.349940351070494,43.8575044214986,44.11196979829037,109931200
2018-06-01,44.823516845703125,44.82822656955289,44.236832657593474,44.29338170067204,93770000
2018-06-04,45.19816207885742,45.57279019489144,45.085067544721014,45.153394518725605,105064800
2018-06-05,45.546871185302734,45.69531022935619,45.32303698544506,45.49032571725215,86264000
2018-06-06,45.70471954345703,45.728282544872066,45.21935191406509,45.62225622892292,83734400
2018-06-07,45.58221435546875,45.756567670436446,45.318322329900795,45.74243130384017,85388800
2018-06-08,45.16752624511719,45.23821166989341,44.71278969726127,45.04265021927023,106627200
2018-06-11,45.056793212890625,45.23115014029129,44.816467766594464,45.0850695440865,73234000
2018-06-12,45.30418395996094,45.381937568012425,45.0379370834704,45.09448614256514,67644400
2018-06-13,44.93191909790039,45.44556326002106,44.87066030223181,45.33717844207278,86553600
2018-06-14,44.95547103881836,45.13689611332946,44.818813517322575,45.13218279322,86440400
2018-06-15,44.49366760253906,44.80468204998491,44.35701006610469,44.77405085873973,246876800
2018-06-18,44.47010040283203,44.583194911549555,44.107250277682624,44.267470793974596,73939600
2018-06-19,43.7514762878418,43.90227017955534,43.223695869239414,43.62188694452313,134314000
2018-06-20,43.94233322143555,44.10726351180362,43.76090810442532,43.90699230036049,82514800
2018-06-21,43.6972770690918,44.378206107630064,43.57475593273762,44.11902747211338,102847600
2018-06-22,43.5700569152832,43.8598632336105,43.51822117116477,43.852795049886204,108801600
2018-06-25,42.92210006713867,43.5700430674738,42.58281297536606,43.21190629335723,126652400
2018-06-26,43.4546012878418,43.94939568980616,43.00928776415795,43.115317704014764,98276800
2018-06-27,43.3909797668457,44.12609945793199,43.360348581313914,43.64308664748483,101141200
2018-06-28,43.70671081542969,43.87399953844859,43.30616485853516,43.37685028509541,69460800
2018-06-29,43.61482620239258,44.10490733287168,43.09647233589699,43.89285102711627,90950800
2018-07-02,44.102535247802734,44.130811570292906,43.216621705982554,43.310870122267346,70925200
2018-07-03,43.33444595336914,44.28397708664571,43.2449108227678,44.24627770584401,55819200
2018-07-05,43.683135986328125,43.92111007150501,43.41924763347607,43.65014994222162,66416800
2018-07-06,44.28868865966797,44.39706988118077,43.63603208674531,43.687867834498626,69940800
2018-07-09,44.90363311767578,44.92719252665673,44.60204535912611,44.64916777229769,79026400
2018-07-10,44.84944534301758,45.06856619589097,44.80938751433222,44.934267130145,63756400
2018-07-11,44.26746368408203,44.715131922461424,44.20384646024192,44.413544217513596,75326000
2018-07-12,45.009674072265625,45.09920920303333,44.604414715921344,44.6562504658173,72164400
2018-07-13,45.08033752441406,45.20050019772059,44.9790209371403,45.021433618736715,50055600
2018-07-16,44.98138427734375,45.391353204429265,44.86593131540765,45.12510996660727,60172400
2018-07-17,45.10862731933594,45.20758548689798,44.578491967618255,44.708081328191334,62138000
2018-07-18,44.86122512817383,45.19108924534587,44.75048546825586,45.18637592497211,65573600
2018-07-19,45.20994567871094,45.367807780295486,44.69394667468397,44.69394667468397,81147200
2018-07-20,45.10626220703125,45.33951940784949,44.80702931428614,45.1863706680151,82704800
2018-07-23,45.14631652832031,45.228783446987535,44.66330370871866,44.927192096118354,63957600
2018-07-24,45.47382736206055,45.62933457754806,45.24999317957946,45.344238015820956,74791600
2018-07-25,45.90264892578125,45.90971710862951,45.33952399399678,45.487963024230176,66839600
2018-07-26,45.75892639160156,46.17125386401282,45.617555534405035,45.85317123292575,76304000
2018-07-27,44.99788284301758,45.9898264659988,44.79054348344733,45.94270404769693,96096000
2018-07-30,44.74577331542969,45.285331624624746,44.547857012990356,45.2146462036936,84118000
2018-07-31,44.83529281616211,45.271183132465225,44.611458705847895,44.83765127319428,157492000
2018-08-01,47.47655487060547,47.53781364713079,46.489324692851646,46.918146914157724,271742800
2018-08-02,48.86433792114258,49.097598749071246,47.20560504150239,47.259795643672035,249616000
2018-08-03,49.00570297241211,49.18241471941246,48.414305358183405,48.7795103543594,133789600
2018-08-06,49.26017379760742,49.30258289590306,48.7889424198688,49.008063284816416,101701600
2018-08-07,48.79836654663086,49.36148791169574,48.715899615615555,49.31907881246056,102349600
2018-08-08,48.83134460449219,48.96328879634437,48.188114871607986,48.548606536921845,90102000
2018-08-09,49.21540832519531,49.427461016071646,48.81957208162651,49.368557091360415,93970400
2018-08-10,49.068809509277344,49.44002519266483,48.86546923859156,49.0286148009558,98444800
2018-08-13,49.38563537597656,49.877435128986555,49.10899869137438,49.48967042478114,103563600
2018-08-14,49.593719482421875,49.7852369637203,49.24141953269484,49.690661587811235,82992000
2018-08-15,49.709571838378906,49.82779284898479,49.25796671198787,49.46839996655359,115230400
2018-08-16,50.43780517578125,50.553659437598704,50.00038606730865,50.06658953343815,114001600
2018-08-17,51.445064544677734,51.53254695356063,50.3999910582582,50.466194547329515,141708000
2018-08-20,50.94380187988281,51.823362921071144,50.861045725428916,51.56800870100237,121150800
2018-08-21,50.84449768066406,51.35285026121521,50.60569250505204,51.26063800451161,104639200
2018-08-22,50.846858978271484,51.15659745852468,50.560762536189785,50.622239772637556,76072400
2018-08-23,50.950889587402344,51.31973854252035,50.74045634465841,50.75227555879988,75532800
2018-08-24,51.109310150146484,51.284274943614335,50.861045296696645,51.2133452207593,73905600
2018-08-27,51.53016662597656,51.71932093494493,51.14949488701187,51.343375438036134,82100400
2018-08-28,51.94630813598633,52.14491855568263,51.761883659437096,51.783162574157686,91107200
2018-08-29,52.72183609008789,52.84242381895519,51.877740027109745,52.052704797907644,109019200
2018-08-30,53.20655822753906,53.97026509633108,52.58471443473294,52.78569163548751,195175200
2018-08-31,53.8213005065918,54.11448631513181,53.43589884273721,53.55648297936392,173360400
2018-09-04,53.99390411376953,54.18778470948037,53.58486039691757,54.00572693727098,109560400
2018-09-05,53.6415901184082,54.30362837496612,53.22309041713026,54.14284956250599,133332000
2018-09-06,52.75022506713867,53.755103822862765,52.32462863726809,53.49028626215467,137160000
2018-09-07,52.324623107910156,53.28694031504542,52.185123173027854,52.4546669488255,150479200
2018-09-10,51.62238311767578,52.45465998116174,51.18260084633692,52.24186001307081,158066000
2018-09-11,52.92753982543945,53.033937997206316,51.203875733106486,51.54671589005231,142996000
2018-09-12,52.27024459838867,53.19946010310294,51.97941828552849,53.18527415765987,197114800
2018-09-13,53.53285217285156,53.99155038508145,52.624915451966324,52.849534706294,166825600
2018-09-14,52.9251823425293,53.63450842198434,52.61308074363496,53.376787478992235,127997200
2018-09-17,51.5159912109375,52.71475044000342,51.371761426756805,52.52559609238329,148780400
2018-09-18,51.60111618041992,52.45467215648945,51.33629862140528,51.49471436776805,126286800
2018-09-19,51.63184356689453,51.927396096554034,50.90596843011665,51.66258218448119,108495200
2018-09-20,52.02433395385742,52.55632846390417,51.81626383542605,52.07398836223533,106435200
2018-09-21,51.463966369628906,52.3388010443892,51.376480376679865,52.20166425202721,384986800
2018-09-24,52.20403289794922,52.31516093786843,51.2204368199305,51.26536138174706,110773600
2018-09-25,52.5350456237793,52.68400522996359,51.94630377783899,51.958126598742545,98217600
2018-09-26,52.116546630859375,52.903898945307674,51.96049404071963,52.25368342754412,95938800
2018-09-27,53.18762969970703,53.53992959522191,52.85424559802705,52.9204526803586,120724800
2018-09-28,53.374420166015625,53.398062202116094,52.96773962377275,53.14979737223942,91717600
2018-10-01,53.73380661010742,54.24452218637405,53.51864713609809,53.89695216428858,94403200
2018-10-02,54.211421966552734,54.38166049673322,53.58485210395696,53.73144499079402,99152800
2018-10-03,54.871097564697266,55.20211492695663,54.3296433555075,54.39348370673561,114619200
2018-10-04,53.90641403198242,54.937301318347934,53.60849479660541,54.56608563865395,128168000
2018-10-05,53.03158950805664,54.00573327535788,52.15439146171712,53.89933506699638,134322000
2018-10-08,52.908634185791016,53.15216918862936,52.06453440498348,52.53978519538805,118655600
2018-10-09,53.6415901184082,53.73616907381262,52.54922934016951,52.87788354358608,107564000
2018-10-10,51.156585693359375,53.51864231494605,51.08328925859234,53.30820910217498,167962400
2018-10-11,50.70499038696289,51.89902330763163,50.201371338479035,50.721543060089694,212497600
2018-10-12,52.516136169433594,52.698197531427574,51.27008573845108,52.11654858627355,161351600
2018-10-15,51.39303970336914,52.44993586441361,51.371760786579564,52.291520137503866,123164000
2018-10-16,52.52559280395508,52.72420684082225,51.25117047250022,51.76424921811775,116736000
2018-10-17,52.29861068725586,52.64145089276612,51.86119150958556,52.561061472294256,91541600
2018-10-18,51.076202392578125,51.955766930543895,50.36214653480621,51.51125481132157,130325200
2018-10-19,51.854103088378906,52.31516434368788,51.40959089976347,51.558550539101454,132314800
2018-10-22,52.170936584472656,52.81169612366842,51.76662270171441,51.96759627834825,115168400
2018-10-23,52.6627311706543,52.78568203373293,50.764102000238935,51.0312826427505,155071200
2018-10-24,50.85630416870117,53.01738370273722,50.72626035927189,52.63198573201551,163702000
2018-10-25,51.96996307373047,52.34354194395916,51.24881410296684,51.47580005736859,119423200
2018-10-26,51.14240646362305,52.06216571984942,50.28412082995475,51.04782749681985,189033600
2018-10-29,50.18244934082031,51.94394144771941,48.72832893518345,51.825720452520564,183742000
2018-10-30,50.43308639526367,50.8775949642934,49.480225290241705,49.924733859271434,146640000
2018-10-31,51.74769973754883,52.12364167690508,51.21806832318598,51.27954555631616,153435600
2018-11-01,52.542144775390625,52.57524651312335,51.26299261047082,51.792624022013314,233292800
2018-11-02,49.05698013305664,50.51582669093119,48.57227336106089,49.546416754757914,365314800
2018-11-05,47.664344787597656,48.32638314907276,46.85571353178706,48.30510423366641,264654800
2018-11-06,48.179786682128906,48.40440585745062,47.68798689600997,47.74236754506671,127531600
2018-11-07,49.6410026550293,49.66701142221143,48.264911939279166,48.69996440139942,133697600
2018-11-08,49.46779251098633,49.85453521515348,49.054946674562586,49.82131798374514,101450400
2018-11-09,48.51398468017578,48.87937427397922,47.987251640765706,48.77023347938126,137463200
2018-11-12,46.07013702392578,47.41781558554865,45.9799743974334,47.21613716957594,204542000
2018-11-13,45.609832763671875,46.784303647550004,45.42476479992899,45.46747474101187,187531600
2018-11-14,44.32147979736328,46.14368876236647,44.115055029309836,46.006073457133304,243204000
2018-11-15,45.415283203125,45.5481521610165,44.345206577891304,44.69873575688715,185915200
2018-11-16,45.91828155517578,46.259946609491415,44.95260676177665,45.19936284522291,147713200
2018-11-19,44.098445892333984,45.24681733279806,43.89202475558644,45.08073115263296,167701200
2018-11-20,41.991519927978516,43.05685024606256,41.642737087863985,42.32132097035258,271300800
2018-11-21,41.94406509399414,42.77212832849176,41.889494691042145,42.64400210541268,124496800
2018-11-23,40.87873840332031,41.901362428757146,40.83366070501607,41.50749825732366,94496000
2018-11-26,41.43157196044922,41.5098705230007,40.39708745646012,41.34141294148129,179994000
2018-11-27,41.341392517089844,41.46714370440458,40.54417546181573,40.6936511706504,165549600
2018-11-28,42.931095123291016,43.01413640794062,41.505118017849625,41.932199377386205,184250000
2018-11-29,42.601287841796875,43.37240554234032,42.16234247178632,43.33918830928703,167080000
2018-11-30,42.37114334106445,42.78636061112032,42.00337874921922,42.77686790323383,158126000
2018-12-03,43.8516960144043,43.88016690063734,42.99516185628555,43.76627973529744,163210000
2018-12-04,41.92270278930664,43.27512383554187,41.82305109331107,42.93345880903892,165377200
2018-12-06,41.45530700683594,41.46954245322895,40.43505777723698,40.75299481470942,172393600
2018-12-07,39.97711944580078,41.40072149253783,39.93203813505562,41.16345448474832,169126400
2018-12-10,40.240482330322266,40.356740836565265,38.75281731229737,39.149052745025465,248104000
2018-12-11,40.01033401489258,40.76009495801711,39.623587659446784,40.72925271093741,189126800
2018-12-12,40.12185287475586,40.79094396093765,40.10287107949015,40.43029709170368,142510800
2018-12-13,40.560794830322266,40.94516985024621,40.22862246288901,40.45165403262589,127594400
2018-12-14,39.262943267822266,40.11710594038405,39.215490590548214,40.09812414539299,162814800
2018-12-17,38.89754867553711,39.94389690996211,38.610454041222965,39.25582050641888,177151600
2018-12-18,39.40292739868164,39.749335147040604,39.00431700694578,39.23921261031191,135366000
2018-12-19,38.17389678955078,39.730368109654314,37.74681536137408,39.38633159988153,196189200
2018-12-20,37.21058654785156,38.4633561025011,36.84756830306149,38.05762791222595,259092000
2018-12-21,35.76326370239258,37.52615987838151,35.50227210307426,37.21771196972524,382978400
2018-12-24,34.83790588378906,35.95780615108884,34.780960513781764,35.15109636781357,148676800
2018-12-26,37.291255950927734,37.30549139242431,34.811816392339566,35.18669870684758,234330000
2018-12-27,37.04924774169922,37.196355771925646,35.60666728965384,36.975695536789914,212468400
2018-12-28,37.0682258605957,37.611569368803295,36.66961900113825,37.369555992471305,169165600
2018-12-31,37.42649841308594,37.810869799996105,37.12753967179389,37.61393775275985,140014000
2019-01-02,37.469200134277344,37.68986030291286,36.593684420142715,36.750281492025124,148158800
2019-01-03,33.73699188232422,34.57454401761466,33.69191057763836,34.16169817620422,365248800
2019-01-04,35.17721176147461,35.24602123385648,34.11900273892931,34.29220667285654,234428400
2019-01-07,35.09890365600586,35.31244611659193,34.617251961933846,35.281600249745665,219111200
2019-01-08,35.76799392700195,36.0218713099174,35.23888962424999,35.485645667649806,164101200
2019-01-09,36.375404357910156,36.66487039683081,35.50226350768915,35.89612398881753,180396400
2019-01-10,36.491668701171875,36.532003660455786,35.794103077351124,36.18322084854541,143122800
2019-01-11,36.133392333984375,36.467939696000656,35.948324350827995,36.27338262516767,108092800
2019-01-14,35.590057373046875,35.891387539186205,35.404989364339656,35.791735812990616,129756800
2019-01-15,36.31846237182617,36.39438593118797,35.601914999486866,35.65411403047625,114843600
2019-01-16,36.76215362548828,36.98518520942271,36.30185501531,36.320836811858406,122278800
2019-01-17,36.980438232421875,37.40751959655014,36.36354252641356,36.58657410659207,119284800
2019-01-18,37.208213806152344,37.45971625451414,37.00890676859886,37.369553633249645,135004000
2019-01-22,36.37303924560547,37.18686348386207,36.21169577007339,37.11093991098238,121576000
2019-01-23,36.5201416015625,36.80960767396495,35.9934084941028,36.57471200591153,92522400
2019-01-24,36.23067855834961,36.65301362642966,36.00290421307908,36.56522597464914,101766000
2019-01-25,37.43124008178711,37.51903133240946,36.61504465459194,36.890271619149736,134142000
2019-01-28,37.084842681884766,37.09196040414421,36.45845778019692,36.963834162658024,104768400
2019-01-29,36.70045471191406,37.51902868886723,36.56521441598711,37.07296560813992,166348800
2019-01-30,39.208370208740234,39.421909052183295,38.017288901847,38.73383622739391,244439200
2019-01-31,39.490718841552734,40.09812176355808,39.044655736776996,39.41242029951825,162958400
2019-02-01,39.50970458984375,40.09337942283648,39.36971429863973,39.61410265633867,130672400
2019-02-04,40.6319580078125,40.729238309020545,39.69000809312302,39.720853949702565,125982000
2019-02-05,41.327171325683594,41.54071383411568,40.89297582806122,41.01398071522067,144406400
2019-02-06,41.341392517089844,41.656957978594825,41.01159161859167,41.43866921001204,112958400
2019-02-07,40.55842590332031,41.27022697955856,40.416064239909666,40.90483373299473,126966800
2019-02-08,40.606075286865234,40.66564643059835,40.13188767381337,40.26771162677322,95280000
2019-02-11,40.372554779052734,40.796704677929405,40.329665299757814,40.75857827237781,83973600
2019-02-12,40.720458984375,40.74667043828146,40.436899701914584,40.5322157324539,89134000
2019-02-13,40.551265716552734,41.099320945808756,40.48931303829851,40.8395916413653,89960800
2019-02-14,40.699005126953125,40.808613992609324,40.3606414751641,40.43927581927432,87342800
2019-02-15,40.60845184326172,40.91345577089339,40.44880163394933,40.80622845251147,98507200
2019-02-19,40.72998809814453,40.851515580587275,40.38686130166285,40.43928420861173,75891200
2019-02-20,40.99209213256836,41.299481247841676,40.74427779259907,40.791933976908496,104457600
2019-02-21,40.760963439941406,41.07311568683924,40.57986845134195,40.93729535437326,68998800
2019-02-22,41.21607971191406,41.22322795767942,40.83720814261498,40.88486432636196,75652800
2019-02-25,41.516319274902344,41.90710582108216,41.44959988672047,41.49964124582385,87493600
2019-02-26,41.5401611328125,41.7712975211783,41.26375008174526,41.39242582162674,68280800
2019-02-27,41.668827056884766,41.699805218546146,41.15889815564964,41.2732773821219,111341600
2019-02-28,41.25898742675781,41.67837075537811,41.204182973016884,41.53778367859534,112861600
2019-03-01,41.692665100097656,41.73555459143596,41.19703259655572,41.52824811143048,103544800
2019-03-04,41.90235137939453,42.35509069759693,41.45437513566205,41.86422496802693,109744800
2019-03-05,41.82609939575195,41.93809345893184,41.59019631110894,41.92379696336586,78949600
2019-03-06,41.58542251586914,41.81655883042522,41.44721703446925,41.621163745570044,83241600
2019-03-07,41.10409164428711,41.56636432916655,40.98971605951243,41.43054036805001,99185600
2019-03-08,41.2017936706543,41.23992008169563,40.3892422605175,40.584637390153304,95997600
2019-03-11,42.62911605834961,42.68153896438816,41.78320858604554,41.81656828662146,128044000
2019-03-12,43.10806655883789,43.52744613325643,42.74110624977912,42.89122670675174,129870400
2019-03-13,43.29869079589844,43.67756238941142,43.11044394955633,43.42736286383217,124130000
2019-03-14,43.780025482177734,43.86819325045519,43.501232955961775,43.82053342503637,94318000
2019-03-15,44.34952163696289,44.63784755758058,43.782406850290364,44.04690286026948,156171600
2019-03-18,44.802268981933594,44.890433115459594,44.27089173604565,44.273276908909104,104879200
2019-03-19,44.447227478027344,45.03340921139079,44.30187372223758,44.88090720826174,126585600
2019-03-20,44.83563232421875,45.15255128641642,44.018314235196435,44.375741144089886,124140800
2019-03-21,46.486934661865234,46.78240882980378,45.22879245634288,45.27883381453322,204136800
2019-03-22,45.52427291870117,47.10648249507304,45.45993505954188,46.546512238552936,169630800
2019-03-25,44.97383117675781,45.7458708587234,44.4639023409663,45.633876819634864,175381200
2019-03-26,44.50918197631836,45.96033805607303,43.98257500926579,45.66963053267575,199202000
2019-03-27,44.90949249267578,45.2168779833319,44.4519865617811,44.976211880352054,119393600
2019-03-28,44.96906280517578,45.16922096451442,44.68550359481245,45.0238672363422,83121600
2019-03-29,45.26216125488281,45.29313941789581,44.92617907983829,45.23356826498443,94256000
2019-04-01,45.56954574584961,45.67438790998863,44.8880516813076,45.66485812631572,111448000
2019-04-02,46.23197937011719,46.33682517645646,45.52427381326158,45.533803597504026,91062800
2019-04-03,46.54889678955078,46.822922617672326,46.024667775160154,46.048497688881305,93087200
2019-04-04,46.62991714477539,46.79194893860823,46.02229064603285,46.41545880854789,76457200
2019-04-05,46.94206619262695,46.96589610699699,46.687099925418465,46.81100893546065,74106400
2019-04-08,47.68075180053711,47.71172632732698,46.78479934209682,46.80386254716306,103526800
2019-04-09,47.53778076171875,48.336035677504945,47.47344289751336,47.73317589155191,143072800
2019-04-10,47.804656982421875,47.833253607870596,47.22324195607037,47.342384260292086,86781200
2019-04-11,47.406715393066406,47.89519949822014,47.28519156894748,47.85945826640106,83603200
2019-04-12,47.38766098022461,47.690283464181285,46.753826657487316,47.4662953407457,111042800
2019-04-15,47.47343444824219,47.62117335589848,47.182726978383926,47.31855093020654,70146400
2019-04-16,47.47819900512695,47.98336111335143,47.31378207550533,47.52824036298592,102785600
2019-04-17,48.402740478515625,48.46231161438307,47.3256933239708,47.54729620414958,115627200
2019-04-18,48.576690673828125,48.6457915965976,48.257390235218836,48.400358790031696,96783200
2019-04-22,48.73635482788086,48.83405239829377,48.21451090916323,48.33127168618853,77758000
2019-04-23,49.43928146362305,49.503619315451935,48.58622226846949,48.71251279943443,93292000
2019-04-24,49.36304473876953,49.677578559143974,49.33683328407709,49.41070093750083,70162400
2019-04-25,48.9150505065918,49.505995152880146,48.876924107235496,49.284392273997106,74172800
2019-04-26,48.68153381347656,48.84833226964961,48.16207160889918,48.82450236051047,74596400
2019-04-29,48.75539779663086,49.079464902654784,48.57668439924854,48.70535644555312,88818800
2019-04-30,47.816566467285156,48.467082355820594,47.444843102407766,48.38606647084663,186139600
2019-05-01,50.163665771484375,51.305047195466486,49.85627665797254,50.01116380100785,259309200
2019-05-02,49.837223052978516,50.671219159962654,49.59417537681596,50.00164001010491,127985200
2019-05-03,50.456764221191406,50.4782089626399,50.0945706099009,50.25183931905875,83569600
2019-05-06,49.67757034301758,49.763352940920356,48.490914101974354,48.679157328406795,129772400
2019-05-07,48.33841323852539,49.42499041337888,47.854695800035216,49.05803373574075,155054800
2019-05-08,48.34795379638672,48.92936892131947,48.07392790458842,48.109669147541176,105358000
2019-05-09,47.82847595214844,48.05722708778133,46.86104124501396,47.75222314964831,139634400
2019-05-10,47.1658935546875,47.56536448730354,46.11101450339134,47.22330340337194,164834800
2019-05-13,44.42464065551758,45.32403977104099,43.73813138927743,44.90065443085275,229722400
2019-05-14,45.12790298461914,45.376671749647436,44.35049557524216,44.58969785505046,146118800
2019-05-15,45.668495178222656,45.86703349261073,44.49640556068087,44.556206125860285,106178800
2019-05-16,45.467559814453125,46.039252991844464,45.17094773855048,45.4268958737944,132125600
2019-05-17,45.20920944213867,45.663692098249506,44.67339527551436,44.7140592058034,131516400
2019-05-20,43.795536041259766,44.09693319133087,43.123378349333606,43.89839489959819,154449200
2019-05-21,44.63514709472656,44.97002882815284,44.18066057086273,44.305046778965554,113459200
2019-05-22,43.72138214111328,44.42224655428425,43.66636665166303,44.17108348949689,118994400
2019-05-23,42.975074768066406,43.18557025463366,42.53254916971738,43.008562935243226,146118800
2019-05-24,42.81002426147461,43.56829490792796,42.726302019305706,43.104241988346736,94858800
2019-05-28,42.63301086425781,43.19752825231062,42.55646805143749,42.79806098088244,111792800
2019-05-29,42.4296989440918,42.90092769825239,42.09959865033098,42.20006316366321,113924800
2019-05-30,42.649757385253906,42.87221370220988,42.259856591093225,42.56603514665155,84873600
2019-05-31,41.87713623046875,42.575606305283934,41.8579996140433,42.15460804379681,108174400
2019-06-03,41.4537467956543,42.558859919788816,40.72896433762629,42.00391264942133,161584400
2019-06-04,42.97029113769531,43.01574014822659,41.74557681150609,41.96564243887218,123872000
2019-06-05,43.663978576660156,44.250027028807736,43.329096875378795,44.0801918196271,119093600
2019-06-06,44.30503463745117,44.36483519131341,43.570682084053516,43.79314204238784,90105200
2019-06-07,45.48430633544922,45.90769533953983,44.43660296337536,44.61361029225214,122737600
2019-06-10,46.065555572509766,46.73292803874346,45.83591987717714,45.88136887468619,104883600
2019-06-11,46.59897994995117,46.88363115164734,46.30954733221378,46.61094078992602,107731600
2019-06-12,46.45068359375,46.87646328917654,46.259321071663166,46.393273742142995,73012800
2019-06-13,46.44111251831055,47.072606273434246,46.30955420885947,46.57267447769808,86698400
2019-06-14,46.103843688964844,46.30716341463391,45.52018960598685,45.819192423091415,75046000
2019-06-17,46.37891387939453,46.6348619824245,45.96748580812443,46.142102390137104,58676400
2019-06-18,47.46968460083008,47.90981585388891,46.69467166608227,46.89560067509566,106204000
2019-06-19,47.33094024658203,47.811739025879014,47.19698759262692,47.76389566380698,84496800
2019-06-20,47.711273193359375,47.98635426785553,47.369212143833636,47.9289444249456,86056000
2019-06-21,47.54863357543945,48.043784095422275,47.397934956325116,47.55341864348971,191202400
2019-06-24,47.500789642333984,47.87872968624275,47.40271583063661,47.49121950708015,72881600
2019-06-25,46.780784606933594,47.663437821269206,46.713804620677834,47.46489952077428,84281200
2019-06-26,47.79261016845703,48.07726142928263,47.206565387311976,47.30702989408513,104270000
2019-06-27,47.778255462646484,48.215995988213024,47.73759152091885,47.90981377120324,83598800
2019-06-28,47.34291458129883,47.72085461978885,47.13480976672624,47.52470699920637,124442400
2019-07-01,48.211212158203125,48.91446732715429,47.99592795243673,48.59871861867151,109012000
2019-07-02,48.49345016479492,48.58913321340892,48.165744391887834,48.17770522920647,67740800
2019-07-03,48.895328521728516,48.90250429660593,48.483900395720205,48.62502883489124,45448000
2019-07-05,48.852264404296875,49.05558773477184,48.53412503952128,48.64176894973504,69062000
2019-07-08,47.84523010253906,48.17532669133114,47.46011437400138,48.0341982544595,101354400
2019-07-09,48.13705825805664,48.20164023244244,47.555794939029724,47.64908366307894,82312000
2019-07-10,48.61306381225586,48.73266491650779,48.21359656204675,48.28296724647705,71588400
2019-07-11,48.259056091308594,48.89054991349479,48.24948960685378,48.63221103397268,80767200
2019-07-12,48.629817962646484,48.79725880699689,48.36669402871252,48.426494590976,70380800
2019-07-15,49.086692810058594,49.2445635130071,48.79725649643611,48.81878382184684,67789600
2019-07-16,48.916847229003906,49.301962895972956,48.677645042065016,48.938374549843836,67467200
2019-07-17,48.64177322387695,49.057982753514956,48.62263660815599,48.80921404901501,56430000
2019-07-18,49.1943359375,49.246960724844214,48.72549791841606,48.7972593238797,74162400
2019-07-19,48.45998764038086,49.39526940436115,48.404972139539964,49.22543418445619,83717200
2019-07-22,49.56748580932617,49.56987651762095,48.7039656231899,48.71353210630533,89111600
2019-07-23,49.95498275756836,49.97172866225892,49.584218645891866,49.86408841046526,73420800
2019-07-24,49.91432189941406,50.02913793173765,49.55551860470898,49.67511970294401,59966400
2019-07-25,49.51964569091797,50.050674922943,49.450275001634395,49.9669526841349,55638400
2019-07-26,49.69187927246094,50.16788943836609,49.54835645514004,49.62968434831801,70475600
2019-07-29,50.155914306640625,50.38555001894711,49.85930592191719,49.864090987781196,86693600
2019-07-30,49.940635681152344,50.27073588947548,49.58900815053056,49.93585061510733,135742800
2019-07-31,50.95964813232422,52.952203406591565,50.54343853369576,51.76815294335434,277125600
2019-08-01,49.85693359375,52.153277131731556,49.45268477304837,51.16537046560916,216071600
2019-08-02,48.80204772949219,49.37852242130375,48.230354455085056,49.163241840121984,163448400
2019-08-05,46.24736022949219,47.517523540558116,46.065567840975476,47.35965283602837,209572000
2019-08-06,47.12283706665039,47.37878519253508,46.414796893585645,46.957786951818015,143299200
2019-08-07,47.610816955566406,47.73520315465886,46.36218449713358,46.74251522038932,133457600
2019-08-08,48.66090774536133,48.68482942826137,47.6945323451434,47.88828556685008,108038000
2019-08-09,48.259925842285156,48.68491980321308,47.851734087471264,48.3343596886464,98478800
2019-08-12,48.13747024536133,48.51444641488046,47.81812205634959,47.930974561632105,89927600
2019-08-13,50.176002502441406,50.93715403198438,48.137458527792965,48.267120536421295,188874000
2019-08-14,48.68252182006836,49.568532297848215,48.64410316767906,48.78096824288931,146189600
2019-08-15,48.44000244140625,49.25637851041577,47.94297083087483,48.852993722567405,108909600
2019-08-16,49.58293533325195,49.74140951677776,48.944239015747925,49.04988847143179,110481600
2019-08-19,50.50735855102539,51.078820332819284,50.430521259871156,50.57218589365761,97654400
2019-08-20,50.50975799560547,51.227691316707656,50.50015516617898,50.634616760971866,107537200
2019-08-21,51.05721664428711,51.29972750063154,50.807502749106995,51.14125698244228,86141600
2019-08-22,51.013999938964844,51.489418835377954,50.6034083940143,51.18927999555581,89014800
2019-08-23,48.656105041503906,50.91555099493653,48.262323049739784,50.28645752648354,187272000
2019-08-26,49.580535888671875,49.74861290398016,49.23717515529538,49.429264742992345,104174400
2019-08-27,49.02107238769531,50.07515974076012,48.86980125519638,49.90948253160488,103493200
2019-08-28,49.35002899169922,49.395650682194926,48.819385567248915,49.00667191279658,63755200
2019-08-29,50.185611724853516,50.26004923163214,49.621352927714746,50.06315640226348,83962000
2019-08-30,50.12078094482422,50.5313687808023,49.751007883111264,50.46173818969739,84573600
2019-09-03,49.390838623046875,49.69818045135938,49.03547532102372,49.56611865080238,80092000
2019-09-04,50.22883987426758,50.29847047880786,49.77983330506893,50.03675026808803,76752400
2019-09-05,51.210880279541016,51.376557476754485,50.785882729793876,50.90353845367969,95654800
2019-09-06,51.206077575683594,51.484607253260535,51.025994300943886,51.39576734347277,77449200
2019-09-09,51.424583435058594,51.96963654756328,50.68024137405337,51.58545739982879,109237600
2019-09-10,52.03206253051758,52.05127185370454,50.83391076513622,51.35014804449725,127111600
2019-09-11,53.68643569946289,53.71525152055803,52.27938461882768,52.3610251708255,177158400
2019-09-12,53.566383361816406,54.36595374868243,53.51115883577232,53.97697494678176,128906800
2019-09-13,52.52429962158203,53.01412462083623,52.10890847215429,52.8244384765625,159053200
2019-09-16,52.80042266845703,52.855650852329696,52.238563645662204,52.27938208778277,84632400
2019-09-17,52.99250793457031,53.02132375192014,52.61313203639829,52.81482810263167,73274800
2019-09-18,53.489532470703125,53.50874179178695,52.689962341630235,53.07894101811847,101360000
2019-09-19,53.054935455322266,53.72724341657254,52.91326716138404,53.307049108889316,88242400
2019-09-20,52.279380798339844,53.43911767399923,52.2169532408371,53.155788377866706,221652400
2019-09-23,52.51708984375,52.78601305088982,52.26016925822585,52.57231436011538,76662000
2019-09-24,52.267372131347656,53.42230937106519,52.14972006049818,53.071745622463716,124763200
2019-09-25,53.07175064086914,53.184603139280306,52.137718705200996,52.47627620043449,87613600
2019-09-26,52.79802322387695,53.050140581036125,52.54350607497872,52.82443558822323,75334000
2019-09-27,52.541107177734375,53.05494473156102,52.17133407059121,52.95409485593707,101408000
2019-09-30,53.777671813964844,53.92413970007018,53.01411677472275,53.040529136604164,103909600
2019-10-01,53.926536560058594,54.79814079095974,53.832893402806675,54.04179249498683,139223200
2019-10-02,52.574729919433594,53.684042068079286,52.32741210702432,53.55918326581723,138449200
2019-10-03,53.021324157714844,53.054939558377036,51.65509168829448,52.44745522730388,114426000
2019-10-04,54.50761413574219,54.62287009035569,53.75846874977578,54.178663133484626,138478800
2019-10-07,54.51961898803711,55.20873658677315,54.22668318942507,54.3299328547412,122306000
2019-10-08,53.880924224853516,54.75973164617533,53.86411835463812,54.221885178414524,111820000
2019-10-09,54.512420654296875,54.69490376434556,54.17866638461821,54.512420654296875,74770400
2019-10-10,55.24715805053711,55.33119839486909,54.577249742952276,54.728517233423744,113013600
2019-10-11,56.716651916503906,57.06000907551572,55.78021630648012,55.93388728390588,166795600
2019-10-14,56.63499069213867,57.17764399561088,56.34685817252537,56.402082686698684,96427600
2019-10-15,56.50293731689453,57.06239287164702,56.39728786256741,56.759854250095415,87360000
2019-10-16,56.27482986450195,56.48372898515924,55.99390035444989,56.03471879637498,73903200
2019-10-17,56.493343353271484,56.70223885278671,56.07074910603238,56.44772165480151,67585200
2019-10-18,56.76465606689453,57.04558556492881,56.255618132854494,56.327652182971896,97433600
2019-10-21,57.749107360839844,57.864363302867055,56.983156188347394,57.03117766562347,87247200
2019-10-22,57.6170539855957,58.1549004377134,57.535413437281406,57.905186536916496,82293600
2019-10-23,58.39021682739258,58.40462657130632,57.919601112741944,58.130900057820426,75828800
2019-10-24,58.48624038696289,58.77917611292582,58.06124287244237,58.70954186813942,69275200
2019-10-25,59.20658493041992,59.24260012348222,58.31817475144487,58.38540555436381,73477200
2019-10-28,59.79964828491211,59.84766975456233,59.24018918716893,59.40826616284637,96572800
2019-10-29,58.41661834716797,59.9677374114046,58.24374175415912,59.780451077157984,142839600
2019-10-30,58.40941619873047,58.89924482176762,57.91719144782321,58.76958279527963,124522000
2019-10-31,59.730018615722656,59.82846501751993,56.96874176554997,59.365052487377525,139162000
2019-11-01,61.42521286010742,61.45162155934046,59.82607232816422,59.917312039179826,151125200
2019-11-04,61.828609466552734,61.91264981872818,61.319575096954345,61.78778735460144,103272000
2019-11-05,61.73975372314453,61.99427084278033,61.54526436432109,61.720540736224365,79897600
2019-11-06,61.76615524291992,61.826182996756565,61.317148816638884,61.65330277260276,75864400
2019-11-07,62.4790153503418,62.70058392258384,62.161115492188166,62.31284075856176,94940400
2019-11-08,62.650020599365234,62.72226723714008,61.85768150693457,62.30081136770355,69986400
2019-11-11,63.14612579345703,63.21114775923297,62.20206153146034,62.20687552350094,81821200
2019-11-12,63.088340759277344,63.288235410018565,62.83788080237024,62.989598769693245,87388800
2019-11-13,63.692832946777344,63.767490271321854,62.87400569881237,62.88845502939462,102734400
2019-11-14,63.252105712890625,63.79156691909785,63.122054404391484,63.51942564466405,89182800
2019-11-15,64.00350952148438,64.00832351523762,63.34122157477898,63.502574886013555,100206400
2019-11-18,64.32621002197266,64.40568132510607,63.635023558282754,64.01312410296957,86703200
2019-11-19,64.1311264038086,64.54294688011666,63.91437917152046,64.51886222106107,76167200
2019-11-20,63.384544372558594,64.08054469809994,62.71262135582171,63.95050077197476,106234400
2019-11-21,63.100372314453125,63.5820361437923,62.90047770949757,63.50496816719241,121395200
2019-11-22,63.04499053955078,63.38215381547278,62.81860790794425,63.2400638402488,65325200
2019-11-25,64.150390625,64.16725062153702,63.2231863603436,63.26894500831201,84020400
2019-11-26,63.64949417114258,64.3406808659721,63.218402814062635,64.28769752962927,105207600
2019-11-27,64.5044174194336,64.53813741439751,63.89511298558591,63.96013495495072,65235600
2019-11-29,64.36234283447266,64.54296680875088,64.0372182108502,64.20580352668654,46617600
2019-12-02,63.61815643310547,64.6031580352692,63.44716783971832,64.36714012426806,94487200
2019-12-03,62.483856201171875,62.50311952452636,61.72282631052434,62.20930423351439,114430400
2019-12-04,63.03535079956055,63.413458716319425,62.78006952636724,62.873997512530956,67181600
2019-12-05,63.96015548706055,64.03482016421954,63.273790207946085,63.52907152465446,74424400
2019-12-06,65.19561767578125,65.26546100190234,64.37437981221761,64.41773515061479,106075600
2019-12-09,64.2828598022461,65.21728148518294,63.79878528754208,65.02461888758106,128042400
2019-12-10,64.65856170654297,65.04148360806178,64.02757585193183,64.68746036332061,90420400
2019-12-11,65.21004486083984,65.2895234962379,64.66335914447087,64.73801643856866,78756800
2019-12-12,65.3762435913086,65.64116022447391,64.3792030714425,64.48998371818132,137310400
2019-12-13,66.264892578125,66.30101589143915,65.2485817157862,65.37622232256687,133587600
2019-12-16,67.39922332763672,67.62320261796066,66.70563351279964,66.71044750574998,128186000
2019-12-17,67.53170013427734,67.85922811740664,67.143956803204,67.32940214182528,114158400
2019-12-18,67.37031555175781,67.89051335467951,67.22100094482415,67.38476487826064,116028400
2019-12-19,67.43775177001953,67.71711767990757,67.18006720064264,67.31252181714845,98369200
2019-12-20,67.298095703125,68.07116437712546,67.08616236392761,67.97001905135092,275978000
2019-12-23,68.39625549316406,68.45646346454889,67.52203457271943,67.56056855635842,98572000
2019-12-24,68.4612808227539,68.61060277279962,68.136163640974,68.56243345348084,48478800
2019-12-26,69.8196029663086,69.8364629694818,68.56487035875298,68.59376902155901,93121200
2019-12-27,69.79307556152344,70.79734773030748,69.38847976889915,70.11097540555924,146266000
2019-12-30,70.20735168457031,70.48912839729091,68.69011281499587,69.71123828406259,144114400
2019-12-31,70.72029876708984,70.72752343141342,69.72566166410049,69.82440364292783,100805600
2020-01-02,72.33387756347656,72.39408555090253,71.0911838210517,71.34405442839761,135480400
2020-01-03,71.63063049316406,72.3892495107853,71.40665858931894,71.56319785492231,146322800
2020-01-06,72.20142364501953,72.23995764322866,70.5035611498287,70.75402846338375,118387200
2020-01-07,71.86184692382812,72.46633010238772,71.64268897397623,72.21104883104543,108872000
2020-01-08,73.01782989501953,73.31886979288494,71.56561372170107,71.56561372170107,132079200
2020-01-09,74.56878662109375,74.76144921222713,73.7427349209394,73.99319481949146,170108400
2020-01-10,74.73737335205078,75.30092656417412,74.23644614635045,74.8024026801614,140644800
2020-01-13,76.33407592773438,76.36057125816924,74.9348431957367,75.05285582286368,121532000
2020-01-14,75.30332946777344,76.48100118582082,75.18051017572739,76.27147857331117,161954400
2020-01-15,74.98062133789062,75.98248317068368,74.54953007278792,75.10344798902688,121923600
2020-01-16,75.91986083984375,76.03064882750155,75.1612416745226,75.52248959606675,108829200
2020-01-17,76.76036071777344,76.7627640392473,75.86205500785368,76.16790890123319,137816400
2020-01-21,76.24017333984375,76.8302072165908,76.10289736234121,76.38948797518701,110843200
2020-01-22,76.51232147216797,77.0638214037391,76.41839347401398,76.72424743670398,101832400
2020-01-23,76.88076782226562,76.96023911310208,76.01858552983758,76.56527863051073,104472000
2020-01-24,76.65921783447266,77.86819158420508,76.46895853504518,77.1264324079885,146537600
2020-01-27,74.405029296875,75.08416976822737,73.42484155700832,74.67234921705278,161940000
2020-01-28,76.5098876953125,76.68087628820244,75.18531223152581,75.28405419350632,162234000
2020-01-29,78.1114273071289,78.95674973344263,77.39856685210137,78.13792264122904,216229200
2020-01-30,77.99824523925781,78.05122856412287,76.76518678742532,77.19627805111793,126743200
2020-01-31,74.5398941040039,77.71164655303768,74.24607885109228,77.29019066933044,199588400
2020-02-03,74.3351821899414,75.49839714349714,72.78422401879573,73.2851511845041,173788400
2020-02-04,76.78926849365234,76.97952779146334,75.53212542449515,75.93672133535755,136616400
2020-02-05,77.41543579101562,78.21258898353346,76.81335589638837,77.91395235806485,118826800
2020-02-06,78.32093811035156,78.32334878116308,77.12882464602528,77.68514573263211,105425600
2020-02-07,77.25636291503906,78.06989154294402,76.76631409771366,77.82124622907054,117684000
2020-02-10,77.6233139038086,77.6233139038086,75.76451086097089,75.84417079645658,109348800
2020-02-11,77.15497589111328,78.19059906005786,76.9377141953968,78.11818095050265,94323200
2020-02-12,78.98722839355469,78.9920538114317,77.60398368209574,77.60398368209574,113730400
2020-02-13,78.42475128173828,78.75064746940821,78.05782062596876,78.26059867524006,94747600
2020-02-14,78.44405364990234,78.69269890753361,77.93710493391231,78.39335362136931,80113600
2020-02-18,77.00772094726562,77.18877358272158,75.94795598487916,76.12900862033511,152531200
2020-02-19,78.12300109863281,78.35233737517142,77.24912158938099,77.24912158938099,93984000
2020-02-20,77.321533203125,78.3716398349872,76.81700080414447,77.88400744802773,100566000
2020-02-21,75.57137298583984,77.35776502195542,74.95579692410486,76.91599243144344,129554000
2020-02-24,71.98168182373047,73.43010258149737,69.82112528029087,71.75959476642028,222195200
2020-02-25,69.54351043701172,73.03179362770307,69.07277807692655,72.65037937541128,230673600
2020-02-26,70.64673614501953,71.90927916190874,69.16210602316792,69.16934783382864,198054800
2020-02-27,66.02867126464844,69.0413890764873,65.89348591735909,67.85851360418104,320605600
2020-02-28,65.99006652832031,67.20915879544067,61.88862284247871,62.10347552395671,426510000
2020-03-02,72.13379669189453,72.76868922917748,67.0425965295844,68.14339616645945,341397200
2020-03-03,69.84285736083984,73.38665871766685,68.99311238709194,73.3069988099028,319475600
2020-03-04,73.08248138427734,73.24180855249296,70.76259766156525,71.5616425276586,219178400
2020-03-05,70.71190643310547,72.31240522279981,70.34738484234605,71.33954955045269,187572800
2020-03-06,69.77285766601562,70.2049720207652,67.88991319528947,68.07579124975517,226176800
2020-03-09,64.2543716430664,67.13189718407227,63.489119320777824,63.670171942415024,286744800
2020-03-10,68.88209533691406,69.14764074332749,65.02687994218032,66.90259043839642,285290000
2020-03-11,66.48976135253906,67.88748961967876,65.627949126833,66.96291749628936,255598800
2020-03-12,59.92359924316406,65.17895530003963,59.868077460777144,61.78482214303871,418474000
2020-03-13,67.10296630859375,67.57370632677963,61.06304654616302,63.94541011756177,370732000
2020-03-16,58.4703483581543,62.542820889319664,57.93684495675963,58.40758108532822,322423600
2020-03-17,61.041290283203125,62.1879532458274,57.55059398806874,59.74978006097213,324056000
2020-03-18,59.547000885009766,60.35087498179023,57.24159672400037,57.881318208922394,300233600
2020-03-19,59.09075164794922,61.03646337436918,58.56690646649194,59.72081496454535,271857200
2020-03-20,55.339332580566406,60.79263606329375,55.03999095282429,59.67010772190427,401693200
2020-03-23,54.1637077331543,55.16070547027294,51.32480360482342,55.05931643178171,336752800
2020-03-24,59.59770965576172,59.79324594207158,56.560852552036245,57.05814327611463,287531200
2020-03-25,59.26939010620117,62.34245572079971,58.974877532799404,60.53192941719469,303602000
2020-03-26,62.38832092285156,62.446255405203736,59.472166210481355,59.51079165439952,252087200
2020-03-27,59.80530548095703,61.767913466106,59.638736473627105,61.01473571142301,204216800
2020-03-30,61.51201248168945,61.68341055187482,60.206018933641424,60.529502355996605,167976400
2020-03-31,61.38650894165039,63.36601737405014,60.83369641639568,61.702750695754574,197002000
2020-04-01,58.15652084350586,60.04188167908633,57.726822887688364,59.50596558883749,176218400
2020-04-02,59.12696075439453,59.18006982201146,57.188490836952404,58.01891951220774,165934000
2020-04-03,58.277225494384766,59.31284498948773,57.68820030765842,58.61277624472143,129880000
2020-04-06,63.36117935180664,63.51567376682207,60.201208300554335,60.568138982385115,201820400
2020-04-07,62.6273078918457,65.58933353543772,62.52350615550967,65.3720644929947,202887200
2020-04-08,64.23023223876953,64.54405384793799,63.06184016051964,63.42635444288139,168895200
2020-04-09,64.69374084472656,65.19586439958498,63.89952839783749,64.86514268497035,161834800
2020-04-13,65.96351623535156,66.07215077341053,64.17229875609489,64.77098217772529,131022800
2020-04-14,69.29488372802734,69.58457092501276,67.12225185179103,67.59299170512948,194994800
2020-04-15,68.66239166259766,69.1210568119712,67.74506136385055,68.17234288135833,131154400
2020-04-16,69.20796966552734,69.57249130619873,68.16027936470277,69.37453866907585,157125200
2020-04-17,68.2689208984375,69.27075152318855,66.83498322406335,68.72517714348913,215250000
2020-04-20,66.85185241699219,67.99851874920303,66.83254338342462,67.09808863903048,130015200
2020-04-21,64.78547668457031,66.92914162387588,64.0757495798799,66.69497985985144,180991600
2020-04-22,66.65149688720703,67.08602016909022,65.71002486509416,66.05039726124157,116862400
2020-04-23,66.39320373535156,68.01543553598502,66.35457829164004,66.59598178954948,124814400
2020-04-24,68.3099594116211,68.3196176159111,66.8687799957314,66.91706365013007,126161200
2020-04-27,68.35823059082031,68.68895219864656,67.58091104598891,68.02750161594408,117087600
2020-04-28,67.25019836425781,69.00037411858965,67.15847120269908,68.81932145434843,112004800
2020-04-29,69.45903015136719,69.92735352024151,68.53204161617626,68.73481966758834,137280800
2020-04-30,70.92435455322266,71.10058178322025,69.60870972779222,69.99736587702316,183064000
2020-05-01,69.7824935913086,72.17962796257615,69.00517422626046,69.10173412805158,240616800
2020-05-04,70.76986694335938,70.89781053260225,69.11866751411011,69.80666911806027,133568000
2020-05-05,71.8320083618164,72.66243680032687,71.0836562103967,71.22849975051801,147751200
2020-05-06,72.5731201171875,73.2031795834636,72.14824768910796,72.53207828931902,142333600
2020-05-07,73.32389831542969,73.66911092684012,72.89661676334377,73.19837114485792,115215200
2020-05-08,75.06912231445312,75.12237513838589,73.65551062741005,73.98228898395239,133838400
2020-05-11,76.25035858154297,76.7441494175839,74.36957144120983,74.57774424961227,145946400
2020-05-12,75.37895965576172,77.38319101183461,75.25793117438776,76.93296121988755,162301200
2020-05-13,74.46883392333984,76.47791143801962,73.39410026175051,75.55809041384309,200622400
2020-05-14,74.92631530761719,74.98682954910396,72.98743664654351,73.70876906438306,158929200
2020-05-15,74.48334503173828,74.52933644505968,72.66791783323735,72.70180935336562,166348400
2020-05-18,76.23825073242188,76.61102048338427,75.11511038710799,75.80497413426188,135178400
2020-05-19,75.79773712158203,77.0999976554672,75.76626852775506,76.25522103808397,101729600
2020-05-20,77.2718734741211,77.3420646988432,76.61589356065315,76.65462357446266,111504800
2020-05-21,76.69576263427734,77.67367499164858,76.45854411277335,77.1338852173559,102688800
2020-05-22,77.18955993652344,77.27185842972254,76.33267609193112,76.43433589476804,81803200
2020-05-26,76.66670989990234,78.48455279572174,76.61103413521022,78.30543299444078,125522000
2020-05-27,77.00072479248047,77.14596042474004,75.78560168945737,76.5238797421972,112945200
2020-05-28,77.03462219238281,78.29089831885972,76.4004341829612,76.67637525704153,133560800
2020-05-29,76.95958709716797,77.73658783652532,76.60376308600569,77.27668110998019,153532400
2020-06-01,77.9060287475586,78.02705721931588,76.78288098389504,76.91359380175058,80791200
2020-06-02,78.26669311523438,78.2909002875674,77.19922108217762,77.63976650286615,87642800
2020-06-03,78.69757080078125,78.9589964979716,78.0149682866651,78.58622664893751,104491200
2020-06-04,78.01982116699219,78.81860638544032,77.64705128445249,78.52088097581583,87560400
2020-06-05,80.24189758300781,80.3024118345787,78.24008880036028,78.26913445919533,137250400
2020-06-08,80.71631622314453,80.75020774515244,79.23009024878114,79.93931540745123,95654400
2020-06-09,83.26517486572266,83.65730597576551,80.36533708864444,80.3968056767083,147712400
2020-06-10,85.40737915039062,85.87454732273147,83.77349462695621,84.21161714524366,166651600
2020-06-11,81.30693054199219,84.97651490391192,81.20527075656385,84.55291522831224,201662400
2020-06-12,82.00889587402344,84.18740853476542,80.90027823694467,83.44187634114364,200146000
2020-06-15,83.02310180664062,83.67423552165188,80.50328834719761,80.66546973617807,138808800
2020-06-16,85.2234115600586,85.49452156139306,83.44187587324252,85.07333742619001,165428800
2020-06-17,85.10479736328125,86.02703369979835,84.9837688951085,85.96651946571197,114406400
2020-06-18,85.1386947631836,85.55503301794639,84.53112944713651,85.06123476532262,96820400
2020-06-19,84.65215301513672,86.30782159170373,83.5459510308644,85.84307640546994,264476000
2020-06-22,86.86699676513672,87.0098095125726,84.99831637895207,85.04430780115948,135445200
2020-06-23,88.72113800048828,90.1371727058119,87.6899729783668,88.1087341820106,212155600
2020-06-24,87.15503692626953,89.26819705246864,86.78226710315806,88.35079901624333,192623200
2020-06-25,88.31208038330078,88.3508103921037,86.55232854521968,87.30996818337783,137522400
2020-06-26,85.59860229492188,88.42824869367755,85.4509437109353,88.20797597788908,205256800
2020-06-29,87.57137298583984,87.6657787527797,85.02977472321102,85.50662726415537,130646000
2020-06-30,88.30238342285156,88.58801627360432,87.14051287267962,87.15987418081895,140223200
2020-07-01,88.1353530883789,88.9220381809634,88.08694613026117,88.37983297329643,110737200
2020-07-02,88.1353530883789,89.67483914156468,88.02159341265586,89.0406511103845,114041600
2020-07-06,90.49298858642578,90.96015670821257,89.52959930495038,89.56106788910034,118655600
2020-07-07,90.21221923828125,91.6476154008952,90.10087509241899,90.87061453958542,112424400
2020-07-08,92.31327056884766,92.34473915860562,91.10056271828748,91.18770707353977,117092000
2020-07-09,92.71026611328125,93.25730998199144,91.6645779630297,93.20405713951583,125642800
2020-07-10,92.8724136352539,92.93051232943125,91.69602034280251,92.30600122922262,90257200
2020-07-13,92.44397735595703,96.77921853086478,92.23096604261153,94.17468319640058,191649200
2020-07-14,93.97378540039062,94.16500509879575,90.89482027358295,91.82673375082925,170989200
2020-07-15,94.62006378173828,96.09418977539168,93.42430181349536,95.84487140313816,153198000
2020-07-16,93.4557876586914,94.31024858615012,92.85790656415841,93.49451766571708,110577600
2020-07-17,93.26697540283203,94.06092201052024,92.79496133182224,93.90600938284572,92186800
2020-07-20,95.23248291015625,95.37045717183655,93.01040144233045,93.35412562962276,90318000
2020-07-21,93.9180908203125,96.09660323624759,93.66877247263514,96.02156617732469,103433200
2020-07-22,94.18195343017578,94.86213298167614,93.53324246932021,93.62037944003524,89001600
2020-07-23,89.8951187133789,93.99314144318696,89.08664931990235,93.91568143989768,197004400
2020-07-24,89.67243194580078,90.01615612762265,86.31267968652797,88.09664593771886,185438800
2020-07-27,91.79767608642578,91.88965891007823,90.50993871626743,90.73262697532834,121214000
2020-07-28,90.2896728515625,91.54594911832494,90.2848269844815,91.36924487069622,103625600
2020-07-29,92.0203857421875,92.20435141750036,90.73506372270917,90.77137079362801,90329200
2020-07-30,93.13383483886719,93.23791755492837,90.78830239250956,91.19495629734762,158130000
2020-07-31,102.88389587402344,103.03397001244983,97.62157236005555,99.61612680199143,374336800
2020-08-03,105.47633361816406,108.09054616095987,104.4645371706777,104.76226254133908,308151200
2020-08-04,106.18071746826172,107.26997389606046,104.94380243901392,105.6651349105181,173071600
2020-08-05,106.56559753417969,106.88511455690511,105.43761099297775,105.90236369757778,121776800
2020-08-06,110.28358459472656,110.77738293578851,106.30901285016994,106.8972095786005,202428800
2020-08-07,107.77620697021484,110.26176460572711,106.98082882286342,109.80587577731004,198045600
2020-08-10,109.34270477294922,110.35875275642206,106.69710077257369,109.21903076531765,212403600
2020-08-11,106.09088897705078,109.10508091522647,105.83141919822033,108.60797228128783,187902400
2020-08-12,109.61673736572266,109.8737798216829,106.98568204543375,107.17967383850515,165598000
2020-08-13,111.55667877197266,112.55817781440562,110.50667808377885,110.99409224252035,210082000
2020-08-14,111.45726013183594,111.54698151987802,109.65068105796512,111.38208775805406,165565200
2020-08-17,111.16622924804688,112.60179319537453,110.54059963538711,112.57754237931267,119561600
2020-08-18,112.09258270263672,112.51694618501556,110.58427334354063,110.91891544512356,105633600
2020-08-19,112.23322296142578,113.64453639963617,112.13865437861999,112.49996719549999,145538000
2020-08-20,114.72364044189453,114.837612647254,112.25747906222769,112.27445537799255,126907200
2020-08-21,120.63560485839844,121.11816429854593,115.66933795665102,115.68145966507578,338054800
2020-08-24,122.07844543457031,124.91804835697145,120.21609797723066,124.83316679017967,345937600
2020-08-25,121.07695770263672,121.42130160395935,119.35768029886763,120.95329109467639,211495600
2020-08-26,122.72348022460938,123.17936898693925,121.32671591454528,122.39126546065715,163022400
2020-08-27,121.25640106201172,123.65708422717836,120.11425182681509,123.32486945527224,155552400
2020-08-28,121.05999755859375,122.64589926041506,120.83690034715939,122.22881026536905,187630000
2020-08-31,125.16536712646484,127.06652159543276,122.21665435896587,123.74921418176383,225702700
2020-09-01,130.15106201171875,130.75245576113278,126.61066398001222,128.7737011544299,151948100
2020-09-02,127.45454406738281,133.8369730802814,123.186665513161,133.45868391206912,200119000
2020-09-03,117.25041198730469,124.97140134269283,116.8818246649217,123.09935930505591,257599600
2020-09-04,117.3280258178711,119.98575186395645,107.56039029271544,116.46474975837279,332607200
2020-09-08,109.43244171142578,115.41717816603585,109.29664597406735,110.52850942019397,231366600
2020-09-09,113.79730987548828,115.56266164657546,111.79916649731042,113.73911382379356,176940500
2020-09-10,110.08230590820312,116.88182317054356,109.12203408038299,116.74602745349068,182274400
2020-09-11,108.63704681396484,111.77006490232608,106.69709954942977,111.12987875287997,180860300
2020-09-14,111.89616394042969,112.44904864015743,109.41303369608222,111.27538137934282,140150100
2020-09-15,112.07075500488281,115.26196916143692,110.1987055878256,114.7769823425134,184642000
2020-09-16,108.76313018798828,112.51693044540818,108.67583612168845,111.77005407703663,154679000
2020-09-17,107.02689361572266,108.83104527474275,105.4458391619844,106.42551466292394,178011000
2020-09-18,103.63197326660156,107.55066740012516,102.90449308489,107.08508422800398,287104900
2020-09-21,106.77471160888672,106.88140931284494,100.00429161371379,101.40105617439414,195713800
2020-09-22,108.45274353027344,109.47121874863322,105.88231946545223,109.29662320835186,183055400
2020-09-23,103.90357971191406,108.74374613747926,103.56408301527631,108.2684611226227,150718700
2020-09-24,104.9705581665039,106.93960365288808,101.84724157417912,102.01213533208141,167743300
2020-09-25,108.90862274169922,109.06382205291594,104.43704434153668,105.17422626919512,149981400
2020-09-28,111.50817108154297,111.85736219121794,109.39362820642745,111.55667272467461,137672400
2020-09-29,110.66429138183594,111.84766043177646,110.15990833447874,111.11048577797068,99382200
2020-09-30,112.33263397216797,113.73910005377913,110.20839693905525,110.37329066576835,142675200
2020-10-01,113.28321075439453,114.18528644364022,112.35203704296524,114.10768678427674,116120400
2020-10-02,109.62640380859375,111.90584749739754,108.85042943395283,109.50030991529614,144712000
2020-10-05,113.00194549560547,113.14744304282974,110.14052580154997,110.48971695476313,106243800
2020-10-06,109.76221466064453,112.63333559022071,108.87953514429641,112.22594105943094,161498200
2020-10-07,111.62455749511719,112.0804462459722,110.70307818585619,111.17837055181317,96849000
2020-10-08,111.51788330078125,112.90494606027923,111.14928853931941,112.75944851761336,83477200
2020-10-09,113.45782470703125,113.48692273393875,111.46937566481606,111.81856678833006,100506900
2020-10-12,120.66471099853516,121.42128918284882,115.69844376260184,116.45502194691551,240226800
2020-10-13,117.46379089355469,121.62497815056649,116.0573322604358,121.5085786649449,262330500
2020-10-14,117.55110931396484,119.33585728240598,116.02825097556021,117.36681195189107,150712000
2020-10-15,117.08551788330078,117.56080289760202,114.60238771843201,115.15527240046332,112559200
2020-10-16,115.4462661743164,117.90030584427576,115.24257258596,117.63840880188037,115393800
2020-10-19,112.49752807617188,116.80420531849914,112.18713685690224,116.35801840331845,120639300
2020-10-20,113.98159790039062,115.40746025257594,112.15804282671203,112.71092747344602,124423700
2020-10-21,113.36082458496094,115.14557257156684,112.9534300225298,113.16682541230045,89946000
2020-10-22,112.27446746826172,114.49570836063894,111.1492943069264,113.92341996987348,101988000
2020-10-23,111.58576202392578,113.05042420827988,110.84858002778377,112.89522488264528,82572600
2020-10-26,111.59546661376953,113.05042702646372,109.49061825916863,110.58669317293085,111850700
2020-10-27,113.09891510009766,113.75849741390176,111.10077194371063,112.02224386138344,92276800
2020-10-28,107.86105346679688,111.9640447506843,107.76405759395712,111.5954574737689,143937800
2020-10-29,111.85735321044922,113.41901126991604,108.83103296967955,108.99593410290058,146129200
2020-10-30,105.59133911132812,108.6273541724171,104.4855696692542,107.72527832227131,190272600
2020-11-02,105.5040512084961,107.35670479307674,104.09759210211661,105.8338461619083,122866900
2020-11-03,107.12390899658203,108.14237704788208,105.46525468419668,106.3673306155269,107624400
2020-11-04,111.49845886230469,112.11924135480659,108.97652906147681,110.71278263905,138235500
2020-11-05,115.45597076416016,116.0282591074031,113.3608313760952,114.40839736997158,126387100
2020-11-06,115.32479095458984,115.8203256136095,112.83736946099638,114.96527887670223,114457900
2020-11-09,113.02197265625,118.53120907039039,112.75963124213385,117.08345719402648,154515300
2020-11-10,112.68193817138672,114.25600204748748,110.89410329086316,112.27384808595916,138023400
2020-11-11,116.10210418701172,116.23813418126791,113.13858512576901,113.86732041488949,112295000
2020-11-12,115.83006286621094,117.11263688524541,115.2082092456536,116.22844178007917,103162300
2020-11-13,115.87864685058594,116.27701834676313,114.52805783909481,116.05354364266076,81581900
2020-11-16,116.88912963867188,117.55956098518271,114.80008723878368,115.5482521194945,91183000
2020-11-17,116.00492858886719,117.24863549686008,115.58712010448728,116.16039565890526,74271000
2020-11-18,114.68350219726562,116.42275133775613,114.65435397133162,115.24705927558566,76322100
2020-11-19,115.27621459960938,115.68430461397098,113.49809857736044,114.25598215062608,74113000
2020-11-20,114.01306915283203,115.40252482669361,113.96449124482857,115.27621337018954,73604300
2020-11-23,110.62203216552734,114.28514625847261,110.52486892820643,113.85761911856477,127959300
2020-11-24,111.90458679199219,112.56530706965945,109.39773567263003,110.68031687022992,113874200
2020-11-25,112.7402114868164,113.43979858279869,111.90459439029078,112.27382503154757,76499200
2020-11-27,113.28430938720703,114.158793086573,112.9248047758015,113.26487971081116,46691300
2020-11-30,115.6745834350586,117.54014397849063,113.49808872130923,113.65355580646789,169410200
2020-12-01,119.24053955078125,119.9692749139944,116.60737666127397,117.57902381222483,127728200
2020-12-02,119.59033203125,119.87211059203429,117.46242241782213,118.56038101970898,89004200
2020-12-03,119.45429992675781,120.27047995352808,118.74499426371094,120.01784962535093,78967600
2020-12-04,118.78385925292969,119.3765645833526,118.07455360054387,119.12393425897255,78260400
2020-12-07,120.2413101196289,121.03806032248434,118.78383969393643,118.8421361387792,86712000
2020-12-08,120.85346221923828,121.43645640289948,119.6000365852931,120.84375108576852,82225500
2020-12-09,118.32718658447266,122.37895334699282,117.56930300737729,120.99921619827668,115089200
2020-12-10,119.74578094482422,120.35792333365181,116.7433951040976,117.08347009062476,81312200
2020-12-11,118.93932342529297,119.27939842297663,117.13205925122674,118.95875310526962,86939800
2020-12-14,118.32718658447266,119.85267228564851,118.09399334838469,119.12393693642923,79184500
2020-12-15,124.25424194335938,124.27367903878984,120.6105649235341,120.81460994707473,157243700
2020-12-16,124.18621826171875,124.73033828648967,122.97165933994127,123.79756533721344,98208600
2020-12-17,125.05097961425781,125.90603381216341,124.40968896582861,125.24530607028412,94359800
2020-12-18,123.06883239746094,125.43965383144652,122.54414204339464,125.3036238225863,192541500
2020-12-21,124.59431457519531,124.67204812925546,119.94984220975749,121.4753279960592,121251600
2020-12-22,128.14083862304688,130.5991048748753,125.97405467288996,127.87848972538272,168904800
2020-12-23,127.24688720703125,128.6751945398209,127.07198305177502,128.41286054616967,88223700
2020-12-24,128.22830200195312,129.67606189128196,127.38297355158525,127.59673715473882,54930100
2020-12-28,132.81443786621094,133.44600251933943,129.72459253226933,130.19099379190865,124486200
2020-12-29,131.0460205078125,134.85487480481046,130.53104880605997,134.1358655444837,121047300
2020-12-30,129.92864990234375,132.13429294527648,129.61771571736733,131.7359140805847,96452100
2020-12-31,128.92787170410156,130.91975146585497,127.9853727167279,130.27846074381847,99116600
2021-01-04,125.74083709716797,129.82175137838865,123.1659711614339,129.73430670995643,143301900
2021-01-05,127.29548645019531,128.00479953709709,124.78863505032471,125.23559925815104,97664900
2021-01-06,123.01051330566406,127.3343470647896,122.79674977159817,124.09876065496377,155088000
2021-01-07,127.2080307006836,127.89790663345559,124.23479308365204,124.72061661130184,109578200
2021-01-08,128.30601501464844,128.8695721666665,126.53761000388556,128.67523086681507,105158200
2021-01-11,125.32304382324219,126.47930629071162,124.85665734789745,125.52709624591981,100384500
2021-01-12,125.1481704711914,126.01293594243306,123.26317240831035,124.85667332698577,91951100
2021-01-13,127.17889404296875,127.72301407124303,124.84694682860504,125.10928088256377,88636800
2021-01-14,125.25502014160156,127.2857588427231,125.10926419379747,127.09143240514113,90221800
2021-01-15,123.53520965576172,126.52788445335536,123.39917965706009,125.12871028033413,111598500
2021-01-19,124.20565032958984,125.0607045202907,123.34088500532488,124.15706500945309,90757300
2021-01-20,128.28656005859375,128.73352422939956,124.90523244341398,125.0121142129877,104319500
2021-01-21,132.9893341064453,135.7099489572785,129.80233279797613,130.00638521290585,120150900
2021-01-22,135.126953125,135.88483658611096,131.19177987621222,132.41604973812463,114459400
2021-01-25,138.86778259277344,140.97625472972098,132.66867020571667,139.01353853335786,157611700
2021-01-26,139.10101318359375,140.20869037046396,137.3617564370404,139.52854031294,98390600
2021-01-27,138.0321502685547,140.208644567784,136.42893888339475,139.36330171958025,140843800
2021-01-28,133.20309448242188,137.96417406452278,132.82415271471342,135.5642045936499,142621100
2021-01-29,128.2185821533203,132.86305498594893,126.51819940588042,131.97885239900157,177523800
2021-02-01,130.33673095703125,131.54157860190338,127.21773749244758,129.9577892114423,106239800
2021-02-02,131.16265869140625,132.44522526454477,130.79342801715512,131.88166811874655,83305400
2021-02-03,130.14239501953125,131.92051071941538,129.82174974648763,131.91078476116337,89880900
2021-02-04,133.4945831298828,133.5042942626405,130.7739685158837,132.43549143917588,84183100
2021-02-05,133.08103942871094,133.7232884555335,132.20525610000038,133.6551792335879,75693800
2021-02-08,133.22698974609375,133.27564766652046,131.29051736028654,132.37065786118401,71297200
2021-02-09,132.3511962890625,134.17090160726997,132.19551172596402,132.94478730279516,76774200
2021-02-10,131.74789428710938,133.30485887781032,130.78452077617774,132.80856880476307,73046600
2021-02-11,131.49490356445312,132.72100324758284,130.17148801909838,132.24417927998556,64280000
2021-02-12,131.7283935546875,131.88409294253404,130.09359452723146,130.7358433658653,60145100
2021-02-16,129.6070556640625,132.35118706954955,129.2178071626484,131.84518629017936,80576300
2021-02-17,127.32025146484375,128.66313264506522,125.98711077615506,127.71922556162117,97918500
2021-02-18,126.22067260742188,126.50286477250336,123.982542030246,125.72438263501022,96856700
2021-02-19,126.37639617919922,127.19381084254253,125.3351876918398,126.73645300235252,87668800
2021-02-22,122.61048126220703,126.23041094448011,122.22124015432108,124.56640502266376,103916400
2021-02-23,122.47427368164062,123.30140656932251,115.20522100827414,120.43076671673298,158273000
2021-02-24,121.97796630859375,122.1823162213377,118.94190197736167,121.57899955251936,111039900
2021-02-25,117.73526000976562,123.05811336412599,117.29736837706596,121.32599812486836,148199500
2021-02-26,117.99797058105469,121.49139194672976,117.93957960066368,119.29218643059886,164560400
2021-03-01,124.35234069824219,124.48857398468387,119.48684497058966,120.42101925940007,116307900
2021-03-02,121.75414276123047,125.2572974809927,121.64710128326877,124.95563918354922,102260900
2021-03-03,118.77647399902344,122.32828720569532,118.56239100874602,121.45249652917722,112966300
2021-03-04,116.89837646484375,120.2750310748952,115.42900236715201,118.47479946720621,178155000
2021-03-05,118.1536865234375,118.65970219404976,114.40725661331615,117.72552798386944,153766600
2021-03-08,113.22978973388672,117.74496808125187,113.08382341259126,117.67685145453473,154376600
2021-03-09,117.83256530761719,118.77647261328785,115.59444185391254,115.8279835568737,129525800
2021-03-10,116.75243377685547,118.88351576641335,116.23668501538924,118.41643235397203,111943300
2021-03-11,118.67916107177734,119.89553490297892,117.99799469596714,119.24356031125248,103026500
2021-03-12,117.77415466308594,117.910387910508,115.95446453359608,117.16110504968663,88105100
2021-03-15,120.65455627441406,120.66428934425417,117.18059275719496,118.14396621912681,92403800
2021-03-16,122.19204711914062,123.79766203262986,121.36491441345117,122.31854732264155,115227900
2021-03-17,121.40383911132812,122.47424657756945,119.04893377660937,120.71293967926185,111932600
2021-03-18,117.2876205444336,119.86633436304555,117.08327064661763,119.57440169521924,121229700
2021-03-19,116.76214599609375,118.16341092060107,116.4604876842397,116.67457065039011,185549500
2021-03-22,120.07068634033203,120.53777713211232,117.02488910943605,117.09300574322106,111912300
2021-03-23,119.24353790283203,120.89780303273159,118.85429686516294,120.0122869105858,95467100
2021-03-24,116.85944366455078,119.5938566296314,116.8399849531247,119.51600693561616,88530500
2021-03-25,117.34600830078125,118.38723138862223,115.79878440882977,116.32425877519718,98844700
2021-03-26,117.9493179321289,118.21205879522662,115.72092053842741,117.1124522760085,94071200
2021-03-29,118.1244888305664,119.28247903408416,117.48224734126221,118.37749665321657,80819200
2021-03-30,116.67456817626953,117.16111766205535,115.66254435493632,116.87891806940085,85671900
2021-03-31,118.86405944824219,120.19720049628938,117.8909603245139,118.37750988637804,118323800
2021-04-01,119.69120025634766,120.83945759642364,119.19491759115476,120.33344928473348,75089100
2021-04-05,122.51316833496094,122.7661761594041,119.75929632134557,120.53777850848313,88651200
2021-04-06,122.8148193359375,123.71006860087718,122.26988629191437,123.09701892635115,80171300
2021-04-07,124.4593505859375,124.47880929727646,121.77359554768178,122.44503616328456,83466700
2021-04-08,126.85321807861328,126.88240986807646,125.06271903272915,125.48114458057893,88844600
2021-04-09,129.4221649169922,129.4610823431084,125.987126690143,126.3082511367721,106686700
2021-04-12,127.70952606201172,129.2762161435529,127.11593504109703,128.95509167174853,91420000
2021-04-13,130.81369018554688,131.0375136441806,128.38094270892825,128.87723269707828,91266500
2021-04-14,128.47828674316406,131.36839256751463,128.11824478906962,131.31000899099288,87222800
2021-04-15,130.88182067871094,131.36837019796266,130.04495491166549,130.22012045971883,89347100
2021-04-16,130.5509490966797,131.0472241792983,129.6946173321828,130.68718234573052,84922400
2021-04-19,131.212646484375,131.82570351653897,129.75299819698287,129.91842322109008,94264200
2021-04-20,129.5292510986328,131.88414967158926,128.2642190127789,131.38787436370876,94812300
2021-04-21,129.90870666503906,130.15198139662152,127.76789199677557,128.79937448295544,68847100
2021-04-22,128.39071655273438,130.54125756563838,127.87497514158638,129.46111681150813,84566500
2021-04-23,130.70669555664062,131.48516306112936,128.6047976585629,128.6047976585629,78657500
2021-04-26,131.09591674804688,131.42676689058607,129.9671181870508,131.20295824690538,66905100
2021-04-27,130.77476501464844,131.7673300838562,130.5022985012677,131.3780816016613,66015800
2021-04-28,129.986572265625,131.3878372667235,129.50002274292763,130.69693041123548,107760100
2021-04-29,129.8892364501953,133.38267277073504,128.88694577541443,132.79880749394718,151101000
2021-04-30,127.92363739013672,129.9671369612886,127.54412926632877,128.23502143741464,109839500
2021-05-03,128.9745635986328,130.4634190600625,128.2836714700979,128.48801399046965,75135100
2021-05-04,124.41070556640625,127.95279275381809,123.29164023246338,127.66086008438737,137564700
2021-05-05,124.65397644042969,126.94074997232987,124.52746883053813,125.7243763335603,84000900
2021-05-06,126.24988555908203,126.25961120491856,123.71008883004946,124.44964624226809,78128300
2021-05-07,126.92243957519531,127.9459170756659,126.21086004578889,127.54628013792039,78973300
2021-05-10,123.64727020263672,126.26934761190338,123.6082792363769,126.14263998590019,88071200
2021-05-11,122.73104095458984,123.08194487011802,119.67031250694359,120.38188481486948,126142800
2021-05-12,119.6702651977539,121.49305358842736,119.16339757635438,120.28436353988585,112172300
2021-05-13,121.81473541259766,122.96494285084451,121.12266251691543,121.43458279999426,105861300
2021-05-14,124.23213195800781,124.66102519199373,122.67253033910511,123.06243260302256,81918000
2021-05-17,123.08192443847656,123.72526428981506,122.00969878967952,123.61804098125864,74244600
2021-05-18,121.69776916503906,123.78373756646234,121.62953683178752,123.36459396598383,63342900
2021-05-19,121.54183197021484,121.76602077062454,119.75803398561095,120.0504625668393,92612000
2021-05-20,124.09565734863281,124.49530918227134,121.94145662294912,122.06817912472063,76857100
2021-05-21,122.26313018798828,124.76824225453443,122.04868358173061,124.59278661639331,79295400
2021-05-24,123.89096069335938,124.70975612799803,122.76025239580743,122.82848472896345,63092900
2021-05-25,123.69602966308594,125.08018314804377,123.13067172111496,124.59279971373591,72009500
2021-05-26,123.64727020263672,124.17363709199465,123.22812661130169,123.75449350065962,56575900
2021-05-27,122.11692810058594,124.41734339161216,121.92198067731965,123.24764397847942,94625600
2021-05-28,121.46383666992188,122.62379382802953,121.4053539348129,122.39959761550023,71311100
2021-06-01,121.14218139648438,122.18516577367905,120.81076927511776,121.92198599710954,67637100
2021-06-02,121.90247344970703,122.07792909380578,120.91797935921073,121.14216813753484,59278900
2021-06-03,120.42084503173828,121.69776758173275,120.02119320163122,121.53206155124437,76229200
2021-06-04,122.71150970458984,122.97469686847107,120.72301503974921,120.93746163646239,75169300
2021-06-07,122.72126770019531,123.1306617200527,121.67828344764422,122.98444744531308,71057600
2021-06-08,123.54005432128906,125.21663622404847,123.02343700167279,123.4035896495703,74403800
2021-06-09,123.9201889038086,124.52453767386459,123.32558973367314,123.99817082964145,56877900
2021-06-10,122.92595672607422,124.95344236430199,122.7602506959565,123.81297704481983,71186400
2021-06-11,124.13465881347656,124.22239035571975,122.91621888119515,123.33536251537065,53522400
2021-06-14,127.18562316894531,127.24410590291394,123.8617230721818,124.59278699385679,96906500
2021-06-15,126.36683654785156,127.30260492232891,126.12314857125716,126.65926509447159,62746300
2021-06-16,126.86396789550781,127.58528973592168,125.21664949570912,127.07841452715692,91815000
2021-06-17,128.46255493164062,129.20337594415264,126.37658632134162,126.52280804022224,96721700
2021-06-18,127.16612243652344,128.1895998960208,126.95167585727805,127.40981037898122,108953300
2021-06-21,128.959716796875,129.0669401319559,125.94773612079095,127.01021243070467,79663300
2021-06-22,130.59725952148438,130.69474066397615,128.29684436989922,128.7939773736595,74783600
2021-06-23,130.32432556152344,130.92868185123652,129.8661909803765,130.39256533356104,60214200
2021-06-24,130.04165649414062,131.240597184488,129.5737648661965,131.05539194095186,68711000
2021-06-25,129.7491912841797,130.50949637284592,129.4567628177243,130.09036030729925,70783700
2021-06-28,131.37705993652344,131.83519451956099,129.98317185834844,130.04165459260284,62111300
2021-06-29,132.88790893554688,133.043872786454,130.95790461954863,131.39653993588485,64556100
2021-06-30,133.50205993652344,133.94069542579433,132.4395687976653,132.73199741502498,63261400
2021-07-01,133.80419921875,133.86268195374564,132.3323143115352,133.15111722207564,52485800
2021-07-02,136.42625427246094,136.46523779604922,134.272046474327,134.41825327969627,78852600
2021-07-06,138.43429565429688,139.5357553993497,136.53353205806397,136.53353205806397,108181800
2021-07-07,140.91989135742188,141.23180423568894,139.0581116318865,139.91588320227135,104911600
2021-07-08,139.62347412109375,140.42276298269945,137.11835448019005,138.0053823208354,105575500
2021-07-09,141.44625854492188,141.97261806281588,139.04836216143113,139.1458433075578,99890800
2021-07-12,140.85166931152344,142.62572515772004,140.36429329314447,142.51850183873523,76299700
2021-07-13,141.96286010742188,143.7369156295679,140.00361422588887,140.39350901995923,100827100
2021-07-14,145.3842315673828,145.79364043052715,143.95134516697595,144.3607540301203,127050800
2021-07-15,144.73114013671875,146.21276700697837,143.37623575739534,145.47196100861444,106820300
2021-07-16,142.6938934326172,145.97880173322068,142.19677544564345,144.71163648718607,93251400
2021-07-19,138.8533935546875,140.43250161447835,138.09308832622733,140.1205738932986,121434600
2021-07-20,142.4599609375,143.3859869898834,139.350515378791,139.83789124908492,96350000
2021-07-21,141.72891235351562,142.44049190950972,140.97836414159778,141.85563485293181,74993500
2021-07-22,143.0936279296875,144.45827507929783,142.1286178837598,142.25534043105876,77338200
2021-07-23,144.80911254882812,144.96507639303513,143.2105203295334,143.82461867014172,71447400
2021-07-26,145.228271484375,146.04705940106285,143.97083337261068,144.52644902049065,72434100
2021-07-27,143.0643768310547,145.44277445035308,141.87517802140547,145.35503545320321,104818600
2021-07-28,141.3195343017578,143.25929604709813,138.94113715127986,141.15382825419624,118931200
2021-07-29,141.96286010742188,142.8498878684949,140.92962551695572,141.03684881635502,56699500
2021-07-30,142.17730712890625,142.63544169374407,140.47149137109437,140.73467853831747,70440600
2021-08-02,141.8459014892578,143.2397895751834,141.582714310116,142.6646895204393,62880000
2021-08-03,143.6394500732422,144.30227426975748,141.51448305654833,142.12858155366985,64786600
2021-08-04,143.2397918701172,144.058579914417,142.58670986762564,143.5517196242508,56368300
2021-08-05,143.3470001220703,144.10730535100612,142.47947159810346,143.2690181917266,46397700
2021-08-06,142.66368103027344,143.61060825982952,142.16581806356817,142.86869219057516,54126800
2021-08-09,142.61483764648438,143.210327688173,142.0584044347056,142.72222158501236,48908700
2021-08-10,142.13653564453125,144.196344465899,141.84366893661831,142.9565505100319,69023100
2021-08-11,142.39035034179688,143.22989365517753,142.06819844175104,142.57583309295842,48493500
2021-08-12,145.3482666015625,145.50446416374155,142.37081574173467,142.71249604702388,72282600
2021-08-13,145.55328369140625,145.88519235268876,144.74302556240244,145.42637130499,59375000
2021-08-16,147.5251922607422,147.59353426907154,142.9858112009547,145.0065628373872,103296000
2021-08-17,146.6173095703125,148.07185618392833,145.54347021491796,146.65635150331968,92229700
2021-08-18,142.87843322753906,147.134719463398,142.67342208980006,146.23660593235846,86326000
2021-08-19,143.2103271484375,144.4794059910355,141.06266328178802,141.58005455752308,86960300
2021-08-20,144.6648712158203,144.9674945787487,143.2884086013903,143.9327121522913,60549600
2021-08-23,146.14874267578125,146.6173203855108,144.3720292286724,144.78203658666285,60131800
2021-08-24,146.06089782714844,147.27140659304087,145.60207679709836,145.89494350289067,48606400
2021-08-25,144.83084106445312,146.7442235104866,144.28416462153382,146.24634576040117,58991300
2021-08-26,144.0303497314453,145.57276688380205,144.00106455542348,144.82109417148567,48597200
2021-08-27,145.06515502929688,145.21158091727293,143.33725507209095,143.97178711441077,55802400
2021-08-30,149.47760009765625,149.8388087234133,145.07488865020937,145.45561079403902,90956700
2021-08-31,148.2183380126953,149.16526528048843,147.69117494824357,149.02859613337498,86453100
2021-09-01,148.8821258544922,151.293371319359,148.71617155840954,149.1945209265185,80313700
2021-09-02,149.9949951171875,151.03954929712242,148.77472989529102,150.20976298790652,71115500
2021-09-03,150.6295623779297,150.9517142276546,149.44833892893834,150.10239938899159,57808700
2021-09-07,152.96273803710938,153.5191714127496,150.7174463222015,151.2836513561049,82278300
2021-09-08,151.42025756835938,153.30433974824393,150.31713314223805,153.2457694062931,74420200
2021-09-09,150.405029296875,152.39649574316758,150.2878736971047,151.7912489116524,57305700
2021-09-10,145.42636108398438,151.7814983871202,145.1627795675759,151.31292061025323,140893200
2021-09-13,145.9925537109375,147.81806596111582,145.21158088499752,147.04686479158386,102404300
2021-09-14,144.5965576171875,147.4763957492906,143.4153491043727,146.7735217186003,109296300
2021-09-15,145.4849090576172,145.88515965134906,142.88818092204215,145.02608811276684,83281300
2021-09-16,145.25059509277344,145.42632102057476,143.71794980690362,144.9089297875281,68034100
2021-09-17,142.58560180664062,145.27995796165817,142.29273506424897,145.27995796165817,129868800
2021-09-20,139.53981018066406,141.39460787991925,137.909537174392,140.37935348466607,123478900
2021-09-21,140.0181427001953,141.16032435989862,139.38361057442205,140.50624891873463,75834000
2021-09-22,142.38059997558594,142.94679012081193,140.28173414994058,141.01389352952881,76404300
2021-09-23,143.33724975585938,143.5813028239796,142.17555476827644,143.1615238009879,64838200
2021-09-24,143.42515563964844,143.96207555718027,142.09750588712538,142.19513310697567,53477900
2021-09-27,141.91197204589844,142.48794860245857,140.39885495340664,142.00959923062172,74150700
2021-09-28,138.53428649902344,141.30672576458994,138.31951860844126,139.84240736288436,108972300
2021-09-29,139.4324493408203,141.0139090076542,138.65147627104002,139.0810122042103,74602000
2021-09-30,138.13401794433594,140.94551367693097,137.91925008166186,140.2426397437822,89056700
2021-10-01,139.25669860839844,139.52028013802934,135.80091312494108,138.52453927839463,94639600
2021-10-04,135.83021545410156,138.82719517325862,134.98091529074117,138.38788760314102,98322000
2021-10-05,137.7533416748047,138.85646652806082,136.04496985928344,136.17188224652747,80861100
2021-10-06,138.62216186523438,138.76858776803195,135.07850605934124,136.15234566592073,83221100
2021-10-07,139.88148498535156,140.7893703718494,139.32505159657362,139.65696027730579,61732700
2021-10-08,139.500732421875,140.7502829805711,139.16882381318146,140.60385709315267,58773200
2021-10-11,139.41285705566406,141.36528138783962,138.43664488957629,138.8857090401355,64452200
2021-10-12,138.14378356933594,139.84239816609858,137.68496264197734,139.82286975119803,73035900
2021-10-13,137.55810546875,138.03644005527403,135.88877555756454,137.8802573777795,78762700
2021-10-14,140.34027099609375,140.45742659800283,138.14379338196727,138.7295267040612,69907100
2021-10-15,141.39459228515625,141.45316264244676,140.0962280805495,140.35005282323274,67940300
2021-10-18,143.06393432617188,143.347029376178,139.75457479053856,140.03766984054468,85589200
2021-10-19,145.22132873535156,145.62157933226285,143.06390800766076,143.51295730034732,76378900
2021-10-20,145.70945739746094,146.18780683574556,144.59657585778285,145.16278083703227,58418800
2021-10-21,145.92422485351562,146.0804224119474,144.35252229936606,145.27016433537898,61421000
2021-10-22,145.15301513671875,146.6075619891813,145.1042015405824,146.12922747617256,58883400
2021-10-25,145.1042022705078,145.8168331110648,144.10846150842693,145.14324421012236,50720600
2021-10-26,145.76805114746094,147.25188335627817,145.46541277347194,145.77780790953028,60893400
2021-10-27,145.3092041015625,146.16826078037482,144.95776708428832,145.80706700277705,56094900
2021-10-28,148.9407196044922,149.52643805425132,146.1585085567286,146.256135746264,100077900
2021-10-29,146.2366180419922,146.373287179863,142.92725865743117,143.7179883048137,124953200
2021-11-01,145.4166259765625,146.13901372017423,144.2842158593394,145.44591116098886,74588300
2021-11-02,146.4513397216797,147.96447141770574,145.11391904923408,145.12369070330908,69122000
2021-11-03,147.8864288330078,148.35500663634056,146.25615583539988,146.8125891838913,54511500
2021-11-04,147.36900329589844,148.80402155525002,147.05660823548425,147.97425010568048,60394600
2021-11-05,147.8969268798828,148.79635114627666,146.7042085245969,148.49328605752575,65463900
2021-11-08,147.07571411132812,148.18044870579655,146.80197694204415,148.02402320404659,55020900
2021-11-09,147.43740844726562,148.04353851031115,146.70418082227025,146.84104938223388,56787900
2021-11-10,144.61207580566406,146.7726603269792,144.54364896685252,146.66511965093986,65187100
2021-11-11,144.56324768066406,146.08835974457867,144.3774941748553,145.6288838585832,41000000
2021-11-12,146.63580322265625,147.03662312152338,144.18192440007093,145.11067671997742,63804000
2021-11-15,146.64556884765625,148.483531417499,146.08830852560698,147.00728981052836,59222800
2021-11-16,147.6232147216797,148.1022623119589,146.0003334167105,146.5869216938867,59256200
2021-11-17,150.05751037597656,151.53373689410836,147.61341784542643,147.62318884522813,88807000
2021-11-18,154.33953857421875,155.12165110785514,149.62733629184328,150.27258025090998,137827700
2021-11-19,156.95962524414062,157.41911583313842,153.02952027938457,154.12446895909494,117305600
2021-11-22,157.41915893554688,161.99449424357113,157.3996020130381,158.064388202726,117467900
2021-11-23,157.80043029785156,158.18170822428823,155.50297681960475,157.5169071447605,96041900
2021-11-24,158.31854248046875,158.5140669022848,156.0699743356913,157.1551520319611,69463600
2021-11-26,153.3032684326172,156.8618668141861,152.8633347292546,156.00155632601601,76959800
2021-11-29,156.65658569335938,157.5853380225465,155.23899986098183,155.80603121042097,88748200
2021-11-30,161.60342407226562,161.8185054389282,156.34373142534065,156.41217318635103,174048100
2021-12-01,161.0852508544922,166.49158221025922,160.85061260681175,163.73463874085127,152052500
2021-12-02,160.09783935546875,160.52800204808736,154.27113083970096,155.19011206164845,136739200
2021-12-03,158.22079467773438,161.271032766341,156.14820866843903,160.3520514474846,118023100
2021-12-06,161.6229705810547,164.12571914002814,160.6062196554979,160.61599065605895,107497000
2021-12-07,167.35186767578125,167.74293136363414,164.57538262102042,165.2988392553825,120405400
2021-12-08,171.16468811035156,172.02501344578044,166.8826332677211,168.280661937793,116998900
2021-12-09,170.65631103515625,172.7973384356804,170.03062395661757,170.9984899495763,108923700
2021-12-10,175.43699645996094,175.61297891700764,170.78344865474102,171.29182418696914,115402700
2021-12-13,171.8099365234375,178.0570365302883,171.6046261840087,177.06961358561998,153237000
2021-12-14,170.43148803710938,173.76523433574428,168.3589020297747,171.33091243496327,139380400
2021-12-15,175.29034423828125,175.4858686850592,168.45665517933287,171.19404218690133,131063300
2021-12-16,168.40774536132812,177.08916675225177,166.9315188519041,175.27076132354634,150185800
2021-12-17,167.31280517578125,169.59070130648584,165.89523442801953,166.12985777423478,195432700
2021-12-20,165.95388793945312,166.76532847471316,163.71510567618958,164.51676029378936,107499100
2021-12-21,169.1214599609375,169.3267554134747,165.33799395674112,167.72343104614094,91185900
2021-12-22,171.712158203125,171.92723953166936,168.30019977990446,169.17029609354066,92135300
2021-12-23,172.33787536621094,172.8951357013555,171.35046721642092,171.9174985527305,68356600
2021-12-27,176.2973175048828,176.38530127238838,173.11022561335014,173.12976761664484,74919600
2021-12-28,175.28053283691406,177.27492068975482,174.5375340801528,176.1310871789595,79144300
2021-12-29,175.36851501464844,176.59056116138325,174.15623986676752,175.31963018526795,62348900
2021-12-30,174.21493530273438,176.53194546765312,174.10739462067014,175.45653864701075,59773000
2021-12-31,173.5989990234375,175.22186501048878,173.29591904054473,174.10735949284833,64062300
2022-01-03,177.93971252441406,178.79026689432098,173.73588518068755,173.85319685203027,104487900
2022-01-04,175.68138122558594,178.84893075193062,175.1143499260673,178.54586564233023,99310400
2022-01-05,171.0082550048828,176.1408490374331,170.7345178498846,175.5933747274367,94537600
2022-01-06,168.15359497070312,171.37980064842037,167.80164498917833,168.83793801323478,96904000
2022-01-07,168.3197784423828,170.24572473108867,167.2052727402814,169.02367835082143,86709100
2022-01-10,168.33934020996094,168.64240533418686,164.40923476090865,165.29888813158135,106765600
2022-01-11,171.16468811035156,171.26244286002324,166.99995985190662,168.46641535499305,76138300
2022-01-12,171.6046600341797,173.2177554801649,170.91054596180936,172.18146241376857,74805200
2022-01-13,168.33934020996094,172.6702655459411,167.94827640647682,171.84905393496265,84505800
2022-01-14,169.19964599609375,169.89375992557677,167.26391395832079,167.50832321300913,80440800
2022-01-18,166.0027618408203,168.68147761318977,165.62148401611884,167.6745127192973,90956700
2022-01-19,162.51260375976562,167.25414945182573,162.22909557704548,166.19829964047344,94815000
2022-01-20,160.83108520507812,165.88546757565922,160.50846314939517,163.24585020445963,91420500
2022-01-21,158.778076171875,162.61041256635795,158.67053547305395,160.74312175844747,122848900
2022-01-24,158.00567626953125,158.67047714081284,151.24043048620277,156.44146612794097,162294600
2022-01-25,156.20687866210938,159.12023349113454,153.5086052215586,155.42476587834435,115798400
2022-01-26,156.11888122558594,160.71377291639465,154.29070450112417,159.84367643647036,108275300
2022-01-27,155.65940856933594,160.17608801928634,154.74042714136695,158.81717279980649,121954600
2022-01-28,166.52088928222656,166.54044619647436,159.15928486994983,162.00421173203972,179935700
2022-01-31,170.87139892578125,171.0864802658057,165.71924760028926,166.3547206203823,115541600
2022-02-01,170.70523071289062,170.93008309016165,168.45666218750117,170.11864243059435,86213900
2022-02-02,171.9076690673828,171.94678289724823,169.45380581653876,170.84204842565634,84914300
2022-02-03,169.0334014892578,172.29871983009215,168.27084595729548,170.57806946664553,89418100
2022-02-04,168.74957275390625,170.42346859121156,167.0756769166009,168.05455952783922,82465400
2022-02-07,168.0349884033203,170.27662295458384,167.3399751947351,169.20964451994723,77251200
2022-02-08,171.1380615234375,171.64708470161528,167.8098514342005,168.10351922686326,74829200
2022-02-09,172.55743408203125,172.91961588647231,171.20657123174874,172.3322952525055,71285000
2022-02-10,168.48529052734375,171.7743370940817,167.92733513885554,170.462637822063,90865900
2022-02-11,165.07879638671875,169.42503845048873,164.49146072642745,168.69087634340775,98670700
2022-02-14,165.31369018554688,165.99890498473425,163.04267549502603,163.83556797241158,86185500
2022-02-15,169.14111328125,169.29773807776493,166.654758116967,167.35955476472148,62527400
2022-02-16,168.90618896484375,169.67949961629867,166.4589825612284,168.22097415914394,61177400
2022-02-17,165.31369018554688,168.27970312361404,164.91234475439344,167.41828169802858,69589300
2022-02-18,163.76705932617188,166.93862933962222,162.68049906023276,166.23384762062662,82772700
2022-02-22,160.8499755859375,163.16992227378196,158.72578746937097,161.4960266681506,91162800
2022-02-23,156.6897735595703,162.64136771002168,156.3765239008277,162.04424861753867,90009200
2022-02-24,159.30335998535156,159.4110376690062,148.79015546543386,149.35790916683425,141147500
2022-02-25,161.36883544921875,161.63312305071847,157.472871153436,160.3801542624622,91974200
2022-02-28,161.63308715820312,161.92675492011216,158.99989062280463,159.61659142915732,95056600
2022-03-01,159.75367736816406,163.08188800417662,158.54965565066482,161.2220016361372,83474400
2022-03-02,163.0426788330078,163.82578787806702,159.50891214996344,160.91850544375748,79724800
2022-03-03,162.71966552734375,165.34307890598984,162.0540324670775,164.91236813214016,76678400
2022-03-04,159.72427368164062,162.05401907314567,158.67687705595137,161.01640589639365,83737200
2022-03-07,155.93603515625,161.53524604361925,155.68151606537282,159.91029698865853,96418800
2022-03-08,154.11526489257812,159.4403881412621,152.50989817230385,155.4661275372027,131148300
2022-03-09,159.5088653564453,159.95915777963944,156.04362863956564,158.0699072025435,91454900
2022-03-10,155.1724853515625,157.0029911685478,152.6861150001443,156.81700107101284,105342000
2022-03-11,151.46249389648438,155.91641251914996,151.23735509056115,155.57379764949783,96970100
2022-03-14,147.43930053710938,150.86538982544317,146.9302923114544,148.25177493215907,108732100
2022-03-15,151.81492614746094,152.28480063427574,147.204396636905,147.71340492610565,92964300
2022-03-16,156.21990966796875,156.62125521924412,151.1982508293672,153.73355381345266,102300200
2022-03-17,157.22808837890625,157.60006847550426,154.30123952375973,155.26054010615638,75615400
2022-03-18,160.51719665527344,161.00663805311925,156.3863100625295,157.12047215929823,123511700
2022-03-21,161.8876190185547,162.83713639325782,159.56765695852218,160.05709828830467,95811400
2022-03-22,165.25497436523438,165.84229498697943,161.42753966012307,162.01486028186812,81532000
2022-03-23,166.61563110351562,168.99430889731204,164.1096788423283,164.44251031244588,98062700
2022-03-24,170.3941192626953,170.46263328488442,166.61563143205333,167.4476727675763,90131400
2022-03-25,171.03036499023438,171.578536843318,169.10196511927478,170.20810721060892,80546200
2022-03-28,171.8917999267578,172.0190445148475,168.36781639958284,168.53422465828777,90371900
2022-03-29,175.1808624267578,175.22979461470234,172.61617948078282,172.95879441578631,100589400
2022-03-30,174.0159454345703,175.8170856417981,172.96853399467147,174.77947258625517,92633200
2022-03-31,170.92271423339844,174.27049138056105,170.7171422878286,174.0845012718467,103049300
2022-04-01,170.62905883789062,171.18702920461877,168.3091113767006,170.35497284823808,78751300
2022-04-04,174.67184448242188,174.720791608407,170.75631338866327,170.88357292891146,76468400
2022-04-05,171.3632049560547,174.53479031608524,170.73672061862993,173.7516811601631,73401800
2022-04-06,168.20140075683594,169.963392443072,166.5373033062765,168.72020734548278,89058800
2022-04-07,168.50482177734375,169.69905954306716,166.26318757309542,167.54552117320154,77594700
2022-04-08,166.4981689453125,168.15248323813117,165.6269638660641,168.15248323813117,76575500
2022-04-11,162.24978637695312,165.46052001953282,162.0050657338506,165.1472853633742,72246700
2022-04-12,164.11947631835938,166.28279871101802,163.12101178667447,164.47187468621496,79265200
2022-04-13,166.80160522460938,167.42808955183875,163.24827119923606,163.85517369033073,70618900
2022-04-14,161.7994842529297,167.653212444084,161.55476362429968,167.0169298477089,75329400
2022-04-18,161.58413696289062,163.08182595142617,160.1158132536157,160.4584131571765,69023900
2022-04-19,163.86492919921875,164.2760730051198,160.4486387361769,161.53519893963082,67723800
2022-04-20,163.69850158691406,165.31366652875272,162.59237461814482,165.1961904824443,67929800
2022-04-21,162.90567016601562,167.90776176039836,162.40644532626558,165.3430936610523,87227800
2022-04-22,158.37344360351562,164.32505289369502,158.08957416008516,162.94483948037262,84882400
2022-04-25,159.44039916992188,159.72426854560663,155.113739965227,157.71755627231695,96046400
2022-04-26,153.48883056640625,158.9118348666905,153.4105181477024,158.82373899686115,95623200
2022-04-27,153.263671875,156.41566043489684,152.09879906936447,152.61760570667977,88063200
2022-04-28,160.18435668945312,161.04577820352466,155.57381282317428,155.88706244158715,130216800
2022-04-29,154.3208465576172,162.69029635210208,153.92929946524063,158.42236732431553,131747600
2022-05-02,154.6243133544922,154.88860092145774,150.0333512355366,153.4007100151784,123055300
2022-05-03,156.1121826171875,157.31621889046943,153.01892515604405,154.8102670522691,88966500
2022-05-04,162.5140838623047,162.9643614673084,155.89682831665468,156.29817374379095,108256500
2022-05-05,153.4594268798828,160.61505617925764,151.6778534074066,160.38991736716943,130525300
2022-05-06,154.1848907470703,156.302387766656,151.14588956385867,152.93987884779835,116124600
2022-05-09,149.06759643554688,152.76341048572758,148.50882129057032,151.8811126841976,131577900
2022-05-10,151.46939086914062,153.6555174482576,149.92048190900607,152.45952464307157,115366700
2022-05-11,143.6170196533203,152.3908891933398,142.94059580220576,150.4792663261752,142689800
2022-05-12,139.75450134277344,143.32286770290355,136.0685012982066,139.96037524904284,182602000
2022-05-13,144.2150115966797,145.18553469561974,140.2937279042498,141.74459868206603,113990900
2022-05-16,142.67591857910156,144.61696502202452,141.3426813570236,142.68573136301794,86643800
2022-05-17,146.3031005859375,146.8226694807634,143.7934664467187,145.9305738468132,78336300
2022-05-18,138.04876708984375,144.46005783667513,137.14685888931075,143.96009966859182,109742900
2022-05-19,134.6470947265625,138.87227582415818,133.91185397987616,137.1273056487035,136095600
2022-05-20,134.8823699951172,137.93116906609265,130.00037534307543,136.3528515735585,137426100
2022-05-23,140.29371643066406,140.4407585737006,134.941158046499,135.07840236616943,117726300
2022-05-24,137.5978546142578,139.17617200488684,134.62748321427134,138.03899606760518,104132700
2022-05-25,137.75469970703125,138.99969650386015,135.61759232548434,135.7058176181396,92482700
2022-05-26,140.95054626464844,141.49952360823445,134.44121569632296,134.68629593603174,90601500
2022-05-27,146.69522094726562,146.73442720207444,142.40141055796454,142.5288570634857,90978500
2022-05-31,145.91094970703125,147.69514080945274,143.9503080341332,146.1364342695409,103718400
2022-06-01,145.78353881835938,148.75391017683245,144.773794451972,146.95010821381516,74286600
2022-06-02,148.23431396484375,148.29313081917098,143.96991252402043,144.920824891666,72348100
2022-06-03,142.51905822753906,145.05808578629097,141.6171647882395,144.0091352358549,88570300
2022-06-06,143.2640838623047,145.6462712304333,142.0484806619193,144.13656879270374,71598400
2022-06-07,145.78353881835938,146.06782531945106,141.26425852389363,141.50933876771822,67808200
2022-06-08,145.0482940673828,146.92069570984725,144.5581335933167,145.65608826850138,53950200
2022-06-09,139.8330078125,145.0385107098106,139.72517188798733,144.1856360986281,69473000
2022-06-10,134.43141174316406,137.9899664897166,134.36278209908923,137.51941663931075,91437900
2022-06-13,129.2847137451172,132.53937106937602,128.85337019356888,130.25522177759234,122207100
2022-06-14,130.14743041992188,131.25519810555883,128.89262054526836,130.5101594170188,84784300
2022-06-15,132.76483154296875,134.63724775917188,129.5591934714462,131.64726649009233,91533000
2022-06-16,127.50052642822266,129.78467578709342,126.50059498012912,129.48077871917013,108123900
2022-06-17,128.97100830078125,130.4611001773296,127.25544681769559,127.51033981148552,134520300
2022-06-21,133.1961669921875,134.36275100339577,130.696361206463,130.7943843000857,81000500
2022-06-22,132.68643188476562,135.04899374439105,131.27476747959807,132.13743964836019,73409200
2022-06-23,135.5489959716797,135.86269092971577,132.96094899420544,134.1275334387869,72433800
2022-06-24,138.87228393554688,139.1173641987572,137.01947774401722,137.14690930909833,89116800
2022-06-27,138.87228393554688,140.666273257268,138.1958600157244,139.8918112487565,70207900
2022-06-28,134.7353057861328,140.59762053174873,134.61767206581916,139.3330131628478,67083400
2022-06-29,136.4901123046875,137.90177718278738,133.98049250296057,134.75495460399418,66242400
2022-06-30,134.0294647216797,135.64698810352084,131.1375212724895,134.5490335635321,98964500
2022-07-01,136.1959686279297,136.3038045198631,132.9903302157903,133.36284196732555,71051600
2022-07-05,138.7742462158203,138.82326526029516,134.23535494237336,135.05883599741875,73353800
2022-07-06,140.10745239257812,141.28383440664965,138.30366564043456,138.56835645511603,74064300
2022-07-07,143.469970703125,143.66603189279604,140.4603783389641,140.47017616296918,66253700
2022-07-08,144.14639282226562,144.64636610420064,142.1465445700594,142.40142264422443,64547800
2022-07-11,142.01905822753906,143.75423009408246,140.95051223046443,142.80331779694055,63141600
2022-07-12,142.98960876464844,145.52863633565593,142.19555121961218,142.89157069008422,77588800
2022-07-13,142.62686157226562,143.56796105129766,139.32317069836506,140.17605986446435,71185600
2022-07-14,145.54823303222656,146.0187828364424,140.43095716603992,141.24462523992875,78140700
2022-07-15,147.2147674560547,147.89119117713278,145.28353435270415,146.83244295612025,76259900
2022-07-18,144.17579650878906,148.58724039251226,143.81306761767442,147.77357228115997,81420900
2022-07-19,148.02847290039062,148.25394254490203,144.01896354895925,145.0090823866063,82982400
2022-07-20,150.02830505371094,150.6949310490213,147.41085002655058,148.14609070693865,64823400
2022-07-21,152.2928466796875,152.50851845862235,148.94994906470606,151.45956799212024,65086600
2022-07-22,151.05763244628906,153.2045374479934,150.3910214648786,152.3320525114364,66675400
2022-07-25,149.94009399414062,151.98896129458768,149.28328071900498,150.97923186102722,53623900
2022-07-26,148.61663818359375,150.0773065915356,147.83237855759032,149.2636385384265,55138700
2022-07-27,153.70449829101562,154.23387992265205,149.16562296270044,149.57735592146827,78620700
2022-07-28,154.2534942626953,154.53778073211737,151.37134852302864,153.8907653704556,81378700
2022-07-29,159.3119659423828,160.4099356728857,156.36120501340108,158.06696899861157,101786900
2022-08-01,158.3316192626953,160.3706884793457,157.72382510643268,157.84145882480365,67829400
2022-08-02,156.86114501953125,159.21392420256825,156.48863324172908,156.94938527079637,59907000
2022-08-03,162.86070251464844,163.3116417148104,157.58657171952117,157.67479700322565,82507500
2022-08-04,162.54701232910156,163.89986001020398,161.19416464799912,162.74307352499065,55474100
2022-08-05,162.32122802734375,162.81206933981917,160.01426786699392,160.22042780912037,56697000
2022-08-08,161.84999084472656,164.7361398246356,161.19226535966965,163.32251461167718,60276900
2022-08-09,161.8991241455078,162.78264764526216,160.25971568153318,161.0156156250441,63135500
2022-08-10,166.13998413085938,166.23814341245296,163.8428352480907,164.60854654925055,70170500
2022-08-11,165.4036865234375,167.85789272456063,165.10917878344554,166.94492022851418,57149200
2022-08-12,168.9475860595703,169.01629605421468,166.29703098384923,166.70935086886797,68039400
2022-08-15,170.017578125,170.2139116101504,168.2112860947607,168.3781703061028,54091700
2022-08-16,169.86053466796875,170.52808660786044,168.51563433427114,169.61511402434292,56377100
2022-08-17,171.35269165039062,172.92337473871223,169.40896440067246,169.6052979143018,79542000
2022-08-18,170.9600067138672,171.69626861182405,169.94887490568271,170.5673396933382,62290100
2022-08-19,168.37818908691406,170.5575254675204,168.1720291679761,169.8605242913159,70346300
2022-08-22,164.50054931640625,166.74859572706774,164.0784180378036,166.58171149389958,69026800
2022-08-23,164.16676330566406,165.61966421752064,163.59738564765863,164.01951691966545,54147100
2022-08-24,164.46128845214844,165.03066617037743,163.2047358944321,164.25514348994625,53841500
2022-08-25,166.91546630859375,167.02345197761028,165.2662469773801,165.6883632421721,51218200
2022-08-26,160.6229248046875,167.91683533755338,160.5640262370915,167.44563181749547,78961000
2022-08-29,158.42396545410156,159.9161124345619,156.89254277561915,158.19816763869952,73314000
2022-08-30,155.9991912841797,159.58232691391927,154.83098655063566,159.1602105704912,77906200
2022-08-31,154.34014892578125,157.6386032608909,154.2616125155062,157.37354474862363,87991100
2022-09-01,155.0665740966797,155.51813965771387,151.83683028732437,153.77074600824523,74229900
2022-09-02,152.95596313476562,157.42262194968552,152.13135334781393,156.82379496598037,76957800
2022-09-06,151.69940185546875,154.21250676362826,150.8747921160952,153.60386838160778,73714800
2022-09-07,153.10321044921875,153.80019664109167,150.7962505650505,151.98409298992328,87449600
2022-09-08,151.6306915283203,153.49588236025656,149.88328282837716,151.80738719524012,84923800
2022-09-09,154.48739624023438,154.92916542303703,151.91539245059826,152.62220516793604,68028800
2022-09-12,160.4363555908203,161.25115382171967,156.3820172588061,156.66669857838036,104956000
2022-09-13,151.0220489501953,157.59931943362142,150.56065692569356,156.97104316313002,122656600
2022-09-14,152.46510314941406,154.22232317214238,150.79624593389804,151.95462406702927,87965400
2022-09-15,149.5789794921875,152.3964188629796,148.60712326254628,151.81721471946022,90481100
2022-09-16,147.93959045410156,148.577693242223,145.65226780231728,148.44025825358446,162278800
2022-09-19,151.65032958984375,151.72886599832884,146.36888718799335,146.5750321533895,81474200
2022-09-20,154.02598571777344,155.1843789131033,150.2759661753886,150.5900968013731,107689800
2022-09-21,150.9042510986328,155.83230196535132,150.78645397951445,154.4579373320565,101696800
2022-09-22,149.94219970703125,151.6405063427645,148.14571882351763,149.58879338602387,86652500
2022-09-23,147.67449951171875,148.6954577569954,145.83875792782328,148.42058784002563,96029900
2022-09-26,148.00833129882812,150.95337992464147,146.89902485639834,146.9186627081055,93339400
2022-09-27,148.98011779785156,151.8859043349913,147.20327502469917,149.94217734892632,84442700
2022-09-28,147.09532165527344,147.8806707549768,142.1869085062377,144.93562286555536,146691400
2022-09-29,139.8701171875,144.03245634378814,138.103085707034,143.4238179924611,128138200
2022-09-30,135.66851806640625,140.4787712884576,135.47218456289696,138.69210195416497,124925300
2022-10-03,139.84068298339844,140.44933637961338,135.1678792129988,135.67835835777296,114311700
2022-10-04,143.42381286621094,143.541609967603,141.61750576224773,142.37340544784647,87830100
2022-10-05,143.7183074951172,144.6803670999918,140.39040452379436,141.43100052371705,79471000
2022-10-06,142.76611328125,144.83746445591814,142.55996829483985,143.13915751475957,68402200
2022-10-07,137.52389526367188,140.47876912027488,136.89561907456743,139.9290143479333,85925600
2022-10-10,137.84783935546875,139.2909136665795,136.03173592220895,137.84783935546875,74899000
2022-10-11,136.43421936035156,138.76081689569904,135.68814610919395,137.337365394685,77033700
2022-10-12,135.8059539794922,137.78895683135124,135.6292583188671,136.58149154588781,70433700
2022-10-13,140.3708038330078,140.9598044199806,131.90868942611982,132.5173428390662,113224000
2022-10-14,135.84524536132812,141.87277603175662,135.65872326737428,141.66661609125816,88598000
2022-10-17,139.8014373779297,140.282452315822,137.7006369919499,138.48598615048115,85250900
2022-10-18,141.1168670654297,144.0128276023933,138.03438444661543,142.82500010106065,99136600
2022-10-19,141.224853515625,142.2948839097448,138.9080820775627,139.09460416043055,61758300
2022-10-20,140.76345825195312,143.21766459219867,140.0370077826972,140.40024050696854,64522000
2022-10-21,144.57241821289062,145.14179598739213,140.03703386545854,140.2530052619691,86548600
2022-10-24,146.71246337890625,147.47817461798252,143.3256613631015,144.49386606815804,75981900
2022-10-25,149.54953002929688,149.69679141311283,146.62411995147127,147.34074408565283,74732300
2022-10-26,146.61428833007812,149.20592954793565,145.32827166402765,148.19479776463467,88194300
2022-10-27,142.14764404296875,146.31979510961392,141.48991849585923,145.35775035197634,109180200
2022-10-28,152.8872528076172,154.61500878306214,145.11232844918345,145.4853576495381,164762400
2022-10-31,150.53118896484375,151.4147121907347,149.1372016307876,150.35449330723716,97943200
2022-11-01,147.8905029296875,152.60258320946681,146.39835590820144,152.2393653788708,80379300
2022-11-02,142.37342834472656,149.3826416112209,142.34397906464244,146.22162239502856,93604600
2022-11-03,136.33607482910156,140.18426855678922,136.20845130657773,139.45781809061094,97918500
2022-11-04,136.0706024169922,140.28900066971147,132.13735779737468,139.71867839937045,140814800
2022-11-07,136.60157775878906,136.8277351131925,133.40581664759068,134.82178704829124,83374600
2022-11-08,137.17190551757812,139.069688836373,135.19545550623369,138.06672226567503,89908500
2022-11-09,132.61920166015625,136.23779535819637,132.343875672757,136.18862678813056,74917800
2022-11-10,144.41891479492188,144.41891479492188,137.17191586897493,138.88288280173376,118854000
2022-11-11,147.20167541503906,147.5064994693465,141.9606252113591,143.3864383750097,93979700
2022-11-14,145.8053436279297,147.77196548965426,144.9695233350431,146.4838305708861,73374100
2022-11-15,147.53598022460938,151.02673737922098,146.08068410249945,149.67960607049233,89868300
2022-11-16,146.3068389892578,147.36881668355312,144.83187247009243,146.6411761367448,64218300
2022-11-17,148.20465087890625,148.95196191687904,143.71091192910288,143.98623783804743,80389400
2022-11-18,148.76512145996094,150.15159363499748,147.4671586821555,149.76810292744864,74829600
2022-11-21,145.5398406982422,147.86045501907074,145.25468713947097,147.65396813268248,58724100
2022-11-22,147.67364501953125,147.9096450709946,144.47788413446048,145.65786938764137,51804100
2022-11-23,148.54879760742188,149.29610855403772,146.8476588015229,146.95582360996656,58301400
2022-11-25,145.63818359375,146.3953372169929,144.66470036386627,145.8348427804778,35195900
2022-11-28,141.8131103515625,144.19272111621666,140.9871327315936,142.7177546502144,69246000
2022-11-29,138.81402587890625,142.39327767480953,138.007718580844,141.8819517027843,83763800
2022-11-30,145.55955505371094,146.23804217919428,138.20439151332914,139.04019702693043,111380900
2022-12-01,145.83485412597656,146.64117635966434,144.1632284025417,145.7365320270306,71250400
2022-12-02,145.3432159423828,145.53004745802465,143.2192602974079,143.5240993516398,65447400
2022-12-05,144.1829376220703,148.40133640660238,143.33728932207632,145.30391187981684,68826400
2022-12-06,140.5249786376953,144.84171332835018,139.55149534602168,144.61555599946504,64727200
2022-12-07,138.58786010742188,140.97729872796708,137.6635453309665,139.81699890501977,69721100
2022-12-08,140.26934814453125,141.12483916127653,138.745227663254,139.98419447504244,62128300
2022-12-09,139.78749084472656,143.14058484738695,138.5485094221092,139.96447961702353,76097000
2022-12-12,142.07861328125,142.0884409898644,138.7058487137347,140.31847817047847,70462700
2022-12-13,143.04226684570312,147.4671667934874,141.83279839446703,147.00500937638787,93886200
2022-12-14,140.8199462890625,144.2123655486997,138.8041561479606,142.9242308011848,82291200
2022-12-15,134.22198486328125,139.43353745953314,133.7598273780729,138.75505030022137,98931900
2022-12-16,132.26516723632812,135.35276341025192,131.49818579850947,134.40879318099954,160156900
2022-12-19,130.16085815429688,132.94362978303496,129.12839371956332,132.85513540362356,79592600
2022-12-20,130.09205627441406,131.0261987808424,127.72227301817315,129.19723960857664,77432800
2022-12-21,133.1894989013672,134.52680273214906,130.53456166494178,130.7607190395491,85928000
2022-12-22,130.0232391357422,132.31435609146064,128.12545567267372,132.10786913644063,77852100
2022-12-23,129.65940856933594,130.21006041152802,127.47645662054781,128.7350936895975,63814900
2022-12-27,127.85992431640625,129.21689825725943,126.57178934548489,129.18740012847,69007800
2022-12-28,123.93653869628906,128.8432592520272,123.76937760067855,127.50595548300566,85438400
2022-12-29,127.44693756103516,128.30241331797103,125.59831560715067,125.8539710621533,75703700
2022-12-30,127.7615966796875,127.78126710171549,125.30332657301084,126.26697469654857,77034200
2023-01-03,122.98270416259766,128.71540148347327,122.09772277878758,128.10575347623433,112117500
2023-01-04,124.25120544433594,126.51282423450827,122.99256829233606,124.77235918676689,89113600
2023-01-05,122.93353271484375,125.63763785036865,122.67787726715527,125.0083194371755,80962700
2023-01-06,127.45677947998047,128.115596113896,122.80572219640975,123.907033324828,87754700
2023-01-09,127.9779281616211,131.18353181246084,127.72227268810083,128.2925949020793,70790800
2023-01-10,128.5482635498047,129.06941726347972,125.98182082594903,128.08610610497774,63896200
2023-01-11,131.26222229003906,131.2818777117784,128.2827904454057,129.05959971999454,69458900
2023-01-12,131.1835479736328,132.019353473187,129.2464237509339,131.6457054280313,71379600
2023-01-13,132.510986328125,132.6683196907436,129.46273119909978,129.82655147153693,57809700
2023-01-17,133.6713104248047,134.99877137842552,131.89151977321038,132.5798345273993,63646600
2023-01-18,132.9534912109375,136.29674271738915,132.7764874230637,134.53662257229425,69672800
2023-01-19,133.01248168945312,133.97612225756075,131.53751520588366,131.8423392118264,58280400
2023-01-20,135.569091796875,135.71659745917918,131.98001240951498,133.02231973826562,80223600
2023-01-23,138.7550048828125,140.92812862349226,135.5985702195713,135.81489982286553,81760300
2023-01-24,140.1513214111328,140.77081216801105,137.95854199183503,137.9683697007518,66435100
2023-01-25,139.4925079345703,140.0529874380773,136.49340619294276,138.53869500355867,65799300
2023-01-26,141.55743408203125,141.84258762170543,139.53180116313032,140.7806101218581,54105100
2023-01-27,143.49456787109375,144.77287517943125,140.69214050710963,140.77080718806803,70555800
2023-01-30,140.6134796142578,143.12092578303154,140.46598895897412,142.54077586673455,64015300
2023-01-31,141.88194274902344,141.93111130163894,139.9054929686203,140.31848180314623,65874500
2023-02-01,143.00296020507812,144.1632753821904,138.96156502338928,141.56733405871813,77663600
2023-02-02,148.30300903320312,148.6569866770964,145.69722523392414,146.41503824093917,118339000
2023-02-03,151.92156982421875,154.75351068440185,145.36288637728777,145.55954560277002,154357300
2023-02-06,149.19778442382812,150.54493079230497,148.26364190831887,150.02377712562708,69858300
2023-02-07,152.06903076171875,152.63935290701122,148.12595929659778,148.12595929659778,83322600
2023-02-08,149.38462829589844,152.00023955919008,148.64714493246836,151.3119247541495,64120100
2023-02-09,148.3521270751953,151.75438976697808,147.9096401221254,151.21356571138807,56007100
2023-02-10,148.71652221679688,149.04151212756338,146.95371454850684,147.19007494553122,57450700
2023-02-13,151.51339721679688,151.91715888947925,148.62788900472555,148.65743217523777,62199000
2023-02-14,150.8732452392578,151.4345954776921,148.56878800441328,149.80964612462722,61707600
2023-02-15,152.9709014892578,153.1383177826238,150.55811427879883,150.78461690781828,65573800
2023-02-16,151.3755340576172,153.95573796607766,151.02100096105386,151.17855953849067,68167900
2023-02-17,150.23312377929688,150.6762863218937,148.55894582557343,150.03616431892533,59144100
2023-02-21,146.22496032714844,149.00213887625634,146.15603126407484,147.9188390818426,58867200
2023-02-22,146.64840698242188,147.67260518894304,144.92498541296462,146.60900607426132,51011300
2023-02-23,147.13096618652344,148.05669224456878,145.00378282832062,147.81048914517564,48394200
2023-02-24,144.4818572998047,144.9545631210652,143.5068874555982,144.87577631301392,55469600
2023-02-27,145.67347717285156,146.90449291595675,145.2106140512802,145.46667494315656,44998500
2023-02-28,145.1711883544922,146.81582313308783,144.5999954030627,144.81665531660641,50547000
2023-03-01,143.10308837890625,144.9939263960711,142.80764165155819,144.60000744430354,55479000
2023-03-02,143.69400024414062,144.48185327566276,141.7145174362223,142.1872382713636,52238100
2023-03-03,148.73622131347656,148.81500811176437,145.09241829817535,145.79162671403117,70732300
2023-03-06,151.4936981201172,153.92618602775224,151.1293223291666,151.4542972077173,87558000
2023-03-07,149.2975616455078,151.69064849711955,148.83469862838186,151.3656586110283,56182000
2023-03-08,150.54824829101562,151.13914166926784,149.52405013269365,150.48916195859897,47204800
2023-03-09,148.3029327392578,152.19293968514444,147.94839958565268,151.22782749973814,53833600
2023-03-10,146.24461364746094,148.6475578517863,145.36813137887097,147.92864914378464,68572400
2023-03-13,148.18472290039062,150.81417020284252,145.4567883472071,145.56511831219402,84457100
2023-03-14,150.27252197265625,151.07021762009597,147.82034869008896,148.98242012042218,73695900
2023-03-15,150.66647338867188,150.92251923505987,147.64309172837056,148.89380784086057,77167900
2023-03-16,153.48304748535156,154.0837837636838,149.33697988783769,149.84908663995225,76161100
2023-03-17,152.6459197998047,154.35949876084172,151.93685367986137,153.70951897971963,98944600
2023-03-20,155.00946044921875,155.4230948668754,151.80882025865256,152.71486085947325,73641400
2023-03-21,156.8609161376953,156.9790888157361,154.1625247817563,154.93069227015488,73938300
2023-03-22,155.4329376220703,159.6774765177441,155.41323716716616,156.88061300312046,75701800
2023-03-23,156.51620483398438,159.09642316640492,155.2851895124044,156.41773262448348,67622100
2023-03-24,157.81617736816406,157.90480687220796,155.45263376473136,156.44728881765926,59196500
2023-03-27,155.87611389160156,158.32830230982592,155.47233717929535,157.5109061704178,52390300
2023-03-28,155.25567626953125,156.0829301456233,153.6110412861723,155.57082346557496,45992200
2023-03-29,158.32830810546875,158.60405440029712,156.92987617396892,156.94956160428092,51305700
2023-03-30,159.89413452148438,160.0024644815908,158.82069266127598,159.07673846378026,49501700
2023-03-31,162.3955535888672,162.4940408365555,159.45097422374334,159.9729235769942,68749800
2023-04-03,163.6462860107422,163.76445869825218,161.7259047034759,161.77514833228696,56976200
2023-04-04,163.11447143554688,164.3060859426903,162.6023648150906,164.0697406002056,46278300
2023-04-05,161.2729034423828,162.54332009164784,159.34267919173706,162.23803059475318,51511700
2023-04-06,162.15921020507812,162.45465692468338,159.5396056660462,159.96306777674639,45390100
2023-04-10,159.5691680908203,159.5691680908203,157.6487867222166,158.96843186504725,47716900
2023-04-11,158.35784912109375,159.89415417908276,158.07224508795338,159.88431146406083,47644200
2023-04-12,157.66847229003906,159.59869619161648,157.35332510698044,158.77145737665472,50133100
2023-04-13,163.04554748535156,163.28190788405584,158.96842452673738,159.1752417539843,68445600
2023-04-14,162.7008819580078,163.79402444901268,161.3319931654023,162.09028798128088,49386500
2023-04-17,162.72055053710938,162.8781241294329,161.53877864877254,162.5826774005875,41516200
2023-04-18,163.94171142578125,164.86743742961687,163.13415809407996,163.57733566867122,49923000
2023-04-19,165.08412170410156,165.60607111909823,163.02585218946155,163.2819130529251,47720200
2023-04-20,164.11898803710938,165.32046042282218,163.04554607797024,163.56749547193866,52456400
2023-04-21,162.5137481689453,163.9220227028112,161.991798793606,162.5432913390932,58337300
2023-04-24,162.81903076171875,163.08493430890758,161.40089854610392,162.49404087672,41949600
2023-04-25,161.28273010253906,163.78414697340926,161.24332919160244,162.68116189989732,48714100
2023-04-26,161.2729034423828,162.76982277852977,160.327491776325,160.58353763858076,45498800
2023-04-27,165.85226440429688,165.9999802574992,162.6811671878293,162.6811671878293,64902300
2023-04-28,167.1029510498047,167.2703823718156,165.33030085507355,165.93103698503495,55275900
2023-05-01,167.01434326171875,167.86128258741087,166.07877442017465,166.70905380019818,52472900
2023-05-02,165.98025512695312,167.76277797719564,164.99544284655173,167.50671716698386,48425700
2023-05-03,164.90682983398438,168.32412999077732,164.62124085601573,166.9256982160475,65136000
2023-05-04,163.27203369140625,164.50304913491388,161.8145156138655,162.38570858289833,81235400
2023-05-05,170.93389892578125,171.65280778469676,168.1665634032941,168.38322333782398,113453200
2023-05-08,170.8649444580078,171.20963479482143,169.49605587870553,169.86043164324718,55962800
2023-05-09,169.16122436523438,170.90433143409618,168.99380806621033,170.42178299192224,45326900
2023-05-10,170.92405700683594,171.38692008917508,169.28926463206565,170.3922648627901,53724500
2023-05-11,171.11114501953125,171.9383837832071,169.55513971049686,171.2096322648924,49514700
2023-05-12,170.1841583251953,171.653548851867,168.6358569767775,171.21962961924467,45533100
2023-05-15,169.69107055664062,170.81530899814229,169.09935977781652,170.7659972586019,37266700
2023-05-16,169.69107055664062,170.74626955321972,169.42479920138675,169.61217478294208,42110300
2023-05-17,170.30252075195312,170.53919306240596,168.06389984598047,169.33607370599472,57951600
2023-05-18,172.62986755371094,172.81724313624747,170.19401507639674,170.60820660461047,65496700
2023-05-19,172.73838806152344,173.95137889764786,172.5214283935553,173.95137889764786,55809500
2023-05-22,171.7915802001953,172.29453878279668,171.0519493884426,171.57462062492166,43570900
2023-05-23,169.1881103515625,170.9829553293692,168.9119826700276,170.7364116817252,50747300
2023-05-24,169.46424865722656,170.03623176135926,168.16250594092847,168.72461766792532,45143500
2023-05-25,170.59832763671875,171.49573497151061,169.31629781123684,170.02634463618594,56058300
2023-05-26,173.00462341308594,173.33993425328168,170.71670589408566,170.92380920574092,54835000
2023-05-30,174.8487548828125,176.51539231960112,174.12885165758402,174.51345913931758,55964400
2023-05-31,174.79945373535156,176.87042648421155,174.3162227478627,174.87834951174753,99625300
2023-06-01,177.60018920898438,177.62977324467488,174.4838737017158,175.24323239604442,68901800
2023-06-02,178.4482879638672,179.2668146743205,176.78165050926717,178.52718373632618,61996900
2023-06-05,177.0972442626953,182.3929972823034,175.57852688511534,180.10507993454968,121946500
2023-06-06,176.7323455810547,177.62975297431,174.97694105936182,177.4818328127375,64848400
2023-06-07,175.36158752441406,178.70471906299082,174.86850018805862,175.9730110061888,61944600
2023-06-08,178.07354736328125,178.3398036598064,175.00654388250445,175.44044804834044,50214900
2023-06-09,178.4581756591797,179.71060666093933,178.13273621096323,178.99070336218668,48900000
2023-06-12,181.2490234375,181.34764691680866,178.468018885392,178.7638742754878,54274900
2023-06-13,180.7756805419922,181.60406367252176,179.91771337450308,180.27273686584886,54929100
2023-06-14,181.4068145751953,181.84073380664427,179.50350482104812,180.83483150172444,57462900
2023-06-15,183.4383544921875,183.9413132306641,181.23918907707676,181.4167083517838,65433200
2023-06-16,182.3634033203125,184.40479194393566,181.72239585614398,184.14837692000424,101256200
2023-06-20,182.45217895507812,183.52712083284334,181.86048315364175,181.86048315364175,49799100
2023-06-21,181.41668701171875,182.84663717983523,180.0656175699355,182.34367850052172,49515700
2023-06-22,184.41465759277344,184.46396933431626,181.13069423738702,181.19973368511316,51245300
2023-06-23,184.0990753173828,184.96691381940127,182.45216546765664,182.98470820219737,53117000
2023-06-26,182.7085723876953,185.4501365723536,182.6691169769034,184.24700235631448,48088700
2023-06-27,185.45997619628906,185.78541559077308,183.10301971608257,183.31997931240525,50730800
2023-06-28,186.633544921875,187.27455239917202,185.00636283468697,185.33178721386028,51216800
2023-06-29,186.96884155273438,187.4422162021352,186.32783407243755,186.4658979165552,46347300
2023-06-30,191.28829956054688,191.79124321876165,188.61575961709715,188.98065447297634,85213200
2023-07-03,189.79917907714844,191.19954526937022,189.10884478636748,191.10092178559267,31458200
2023-07-05,188.6847686767578,190.311950580781,187.98457816150727,188.92145597370774,46920300
2023-07-06,189.15814208984375,189.36524537083605,186.5842258571581,187.2153769807983,45094300
2023-07-07,188.0437774658203,190.0062704618662,187.60987325439862,188.76369580404943,46815000
2023-07-10,186.0023956298828,187.36332142042107,184.4540942539423,186.6434031135775,59922200
2023-07-11,185.47972106933594,186.68285528837708,184.02018687082855,186.5447914459214,46638100
2023-07-12,187.14637756347656,189.04968751691854,185.86434744027207,187.05761040387253,60750200
2023-07-13,187.90570068359375,188.54672319895087,187.15621340871894,187.8662603208446,41342300
2023-07-14,188.05360412597656,188.5368199651974,187.00826163970993,187.59995726794867,41616200
2023-07-17,191.30799865722656,191.63343805134278,189.15813040004866,189.24688249449068,50520200
2023-07-18,191.05162048339844,191.6433313227349,189.75973403360663,190.67688432979497,48288200
2023-07-19,192.4026641845703,195.48938034906212,189.9865244553515,190.4303150490968,80507300
2023-07-20,190.45989990234375,193.75371936128715,189.83860510668907,192.39279363664537,59581200
2023-07-21,189.28634643554688,192.2744541324422,188.58615588066942,191.4164870851642,71951700
2023-07-24,190.0851593017578,192.21530010696893,189.59207198839397,190.73603816687742,45377800
2023-07-25,190.94309997558594,191.75177028050072,190.25278084201756,190.65711599447494,37283200
2023-07-26,191.81094360351562,192.93518195125802,190.64726489612826,190.99241694846552,47471900
2023-07-27,190.5486297607422,194.47359988570312,189.88789468037692,193.30992124955094,47460200
2023-07-28,193.12255859375,193.91150122150714,191.45592124266818,191.9785925358936,48291400
2023-07-31,193.73399353027344,193.77344894031904,192.56044337061044,193.34938604539337,38824100
2023-08-01,192.90560913085938,194.0101198390568,192.58016971551623,193.52690392813534,35175100
2023-08-02,189.91749572753906,192.48154051645844,189.19759252290805,192.34347668203839,50389300
2023-08-03,188.5269775390625,189.7103839306254,188.05361799200307,188.92145636813592,61235200
2023-08-04,179.47389221191406,184.789371855198,179.40485277798012,182.95508679019278,115956800
2023-08-07,176.37733459472656,180.59816071157974,174.89807268327345,179.6119861039443,97576100
2023-08-08,177.31419372558594,177.77769698523286,175.12488493894773,177.205713919119,67823000
2023-08-09,175.7264404296875,178.42854898853972,174.56274666920834,178.36938092489027,60378500
2023-08-10,175.50950622558594,178.25107058876787,175.14462641506705,176.9986245515979,54686900
2023-08-11,175.56875610351562,176.38838822312198,174.34425781198718,175.10464195853916,52036700
2023-08-14,177.21788024902344,177.44500246999712,175.09473274674426,175.74649049543365,43675600
2023-08-15,175.23301696777344,177.23765386072782,174.8380204140677,176.6451590301692,43622600
2023-08-16,174.364013671875,176.30938743269644,174.29488099061055,174.91701484938284,46964900
2023-08-17,171.8260955810547,175.29223725703497,171.31258808782235,174.9268647491592,66062900
2023-08-18,172.3099822998047,172.91236175457905,169.81159252872837,170.14734105941557,61172200
2023-08-21,173.6431121826172,173.92949746098708,171.56935789788312,172.88274314562352,46311900
2023-08-22,175.01573181152344,175.46010661888187,174.04797988711957,174.84785755399471,42038900
2023-08-23,178.85714721679688,179.2817827873095,176.10201110060572,176.28963972003098,52722800
2023-08-24,174.1763458251953,178.83737622633825,173.810958290209,178.41274073112407,54945800
2023-08-25,176.37850952148438,176.91175631972774,173.62337343895007,175.16388093182096,51449600
2023-08-28,177.93875122070312,178.33374768816518,176.31924159506977,177.83999456976295,43820700
2023-08-29,181.81967163085938,182.5899254092932,177.25739693272806,177.45489519701718,53003900
2023-08-30,185.30555725097656,185.50307057198083,182.43192527543482,182.62942352828824,60813900
2023-08-31,185.5228271484375,186.75721017905872,185.13770024560978,185.49320316115478,60794500
2023-09-01,187.0929718017578,187.54721631397274,185.92770639795236,187.12259578872172,45766500
2023-09-05,187.32997131347656,187.60647191514923,185.26608644093676,185.92771395695013,45280000
2023-09-06,180.6248016357422,186.49059214043663,179.20278998997966,186.0462022000218,81755800
2023-09-07,175.34161376953125,175.98350189646143,171.37183427986267,172.99134398653018,112488800
2023-09-08,175.95387268066406,177.98814840122637,175.56874581023814,176.12176201867752,65551300
2023-09-11,177.11912536621094,178.0473836718388,175.1243584797436,177.82026144859472,58953100
2023-09-12,174.0973358154297,177.87948614675489,172.63583094462646,177.24748281871987,90370200
2023-09-13,172.03347778320312,175.08486860955094,171.8063404869434,174.30473020059844,84267900
2023-09-14,173.5443572998047,173.89986015970092,171.4113401404273,171.82609096561458,60895800
2023-09-15,172.82347106933594,174.29486087176767,171.6483512368518,174.27510652680778,109259500
2023-09-18,175.7465057373047,177.13889330258442,173.96899129951683,174.27511585610648,67257600
2023-09-19,176.83277893066406,177.38578010579235,174.91701409671836,175.3021409914078,51826900
2023-09-20,173.29750061035156,177.45489404541186,173.20861358406935,177.0203888259045,58436200
2023-09-21,171.75697326660156,174.09737357666756,171.68785565712008,172.36923745366522,63149100
2023-09-22,172.60621643066406,174.86761425499944,171.87547142547365,172.48772049861157,56725400
2023-09-25,173.88009643554688,174.75897636563758,171.97420160197885,172.02357992644104,46172700
2023-09-26,169.8115692138672,173.01107959102313,169.51531434646242,172.63583748924898,64588900
2023-09-27,168.30067443847656,170.87806622328196,166.93792612877573,170.46331542744704,66921800
2023-09-28,168.5574493408203,169.88070413963854,165.52579782856736,167.22430983558627,56294400
2023-09-29,169.07095336914062,170.90771561508154,168.21181267677895,169.870831028669,51861100
2023-10-02,171.5792236328125,172.12235512412923,168.79444856905252,169.0808338409062,52164500
2023-10-03,170.24609375,171.46073744550782,168.6858469308082,170.1078434596355,49594600
2023-10-04,171.4903564453125,172.03348795172127,168.8339619515459,168.9524578917983,53020300
2023-10-05,172.72476196289062,173.25800883188634,170.52261166431626,171.61874445939648,48527900
2023-10-06,175.27249145507812,175.76624458491796,171.016326818613,171.6285909459562,57266700
2023-10-09,176.75376892089844,176.81301689163445,173.60362121945622,174.6009972191987,42390800
2023-10-10,176.16127014160156,177.47465549196244,175.72676490471198,175.87489990900735,43698000
2023-10-11,177.5536346435547,177.60301297187604,175.3811238107674,175.9736185461729,47551100
2023-10-12,178.45225524902344,180.06188013769966,176.80310660532254,177.82025187235598,56743100
2023-10-13,176.61550903320312,179.6570151987734,175.91437292525092,179.1533924067404,51427100
2023-10-16,176.48712158203125,176.84262444155877,174.3047260977915,174.5417330268598,52517000
2023-10-17,174.93673706054688,176.19087429527403,172.61610626933813,174.44298390478113,57549400
2023-10-18,173.6431121826172,175.36137864838344,172.9222367694585,173.3863659573123,54764400
2023-10-19,173.26783752441406,175.6180919396984,173.00120664203897,173.84057783744473,59302900
2023-10-20,170.72010803222656,173.2283676109075,170.48310107616433,173.11974130623128,64244000
2023-10-23,170.83859252929688,171.8359684831129,167.80694090892598,168.77470794688867,55980100
2023-10-24,171.27310180664062,171.50022404547477,169.30795876796012,170.88797493724758,43816600
2023-10-25,168.9623260498047,170.8978298690587,168.51793618108192,169.7325797223047,57157000
2023-10-26,164.80494689941406,169.23885617849143,163.6001878537521,168.24146504420852,70625300
2023-10-27,166.11830139160156,166.8490614359056,164.745668316651,164.82467062426355,58499100
2023-10-30,168.16244506835938,169.03145545417337,166.7601878982554,166.90832288755587,51131000
2023-10-31,168.63644409179688,168.764809656098,165.8022909489589,167.23418704526227,44846000
2023-11-01,171.79647827148438,172.05322449399938,167.99457285522465,168.86358325166134,56934900
2023-11-02,175.3514862060547,175.55885407348563,173.2678474852133,173.32709544733643,77334800
2023-11-03,174.4429931640625,174.61088250590672,171.18423421755685,172.06311427874405,79829200
2023-11-06,176.99075317382812,177.18825142381783,174.00849494223715,174.17636920813592,63841300
2023-11-07,179.5484161376953,180.1606652677133,176.7340169447808,176.94138484513783,70530000
2023-11-08,180.60501098632812,181.1580120556029,179.3212498937122,180.07176426042716,49340300
2023-11-09,180.13101196289062,181.81963914926845,179.5385022077218,180.67414339377055,53763500
2023-11-10,184.31370544433594,184.48181599083316,181.47583284789292,181.910910546582,66133400
2023-11-13,182.73159790039062,183.94782669363863,182.1482051958573,183.74018560328048,43627500
2023-11-14,185.34202575683594,186.0045247766197,184.214786141562,185.5991101996175,60108400
2023-11-15,185.9056396484375,187.3789678351275,185.67821821290843,185.74744196041772,53790500
2023-11-16,187.58663940429688,188.82264852852316,186.5384909930313,187.44820698590362,54412900
2023-11-17,187.56686401367188,188.24914348244,186.4594046371221,188.12059370194675,50922700
2023-11-20,189.30712890625,189.76198684131353,187.75470950144614,187.7645921414258,46505100
2023-11-21,188.50621032714844,189.37636552049437,187.61628985249988,189.26759612132614,38134500
2023-11-22,189.16871643066406,190.77057938008178,188.6940931656517,189.3467095850447,39617700
2023-11-24,187.84371948242188,188.76330300712377,187.13177703645835,188.73363999587542,24048300
2023-11-27,187.6657257080078,188.53588093642713,186.78568783853885,187.79427548166112,40552600
2023-11-28,188.26889038085938,188.9412871423915,187.28008315178343,187.6558347269926,38415400
2023-11-29,187.2504425048828,189.93999969621768,186.85492560121705,188.76331653900834,43014200
2023-11-30,187.82391357421875,188.18978247653794,186.0836184362666,187.71514418509676,48794400
2023-12-01,189.09950256347656,189.4159130354433,187.11199034893104,188.1996843513192,45704800
2023-12-04,187.3097381591797,187.92280887485518,185.35190415389414,187.85358512953687,43389500
2023-12-05,191.25511169433594,192.22413865175915,188.05137051787239,188.08104861869373,66628400
2023-12-06,190.16741943359375,192.58009647341478,189.95976327032974,192.27356863697858,41089700
2023-12-07,192.09559631347656,192.81742141001197,191.42319951100376,191.46276025185608,47477700
2023-12-08,193.51950073242188,193.79636559429088,191.50232520965804,192.0263919187675,53406400
2023-12-11,191.01780700683594,191.32434997590968,189.27751140798418,190.948598334338,60943700
2023-12-12,192.5306854248047,192.54056806660662,189.57414602172835,190.9189246189266,52696900
2023-12-13,195.74429321289062,195.7838388648497,192.66910200901862,192.90640609677627,70404200
2023-12-14,195.89260864257812,197.38570218691584,193.96443748585023,195.80361960949875,66831600
2023-12-15,195.35865783691406,196.17935458626624,194.79503045579114,195.3190970971854,128538400
2023-12-18,193.69747924804688,194.42920214917604,192.21426816132805,193.89523770867535,55751900
2023-12-19,194.73570251464844,194.74558515548247,193.69745188302565,193.96443406555753,40714100
2023-12-20,192.6493377685547,195.46742966263125,192.6493377685547,194.69616113684165,52242800
2023-12-21,192.50100708007812,194.8741537657828,191.33422165280876,193.9051267903215,46482500
2023-12-22,191.43309020996094,193.22282892375426,190.81013681243016,192.9953923922105,37149600
2023-12-26,190.88925170898438,191.719846217368,190.6717128965979,191.44298138124012,28919300
2023-12-27,190.98809814453125,191.33418668795235,188.95115779593849,190.33549688162287,48087700
2023-12-28,191.41331481933594,192.48122849088116,191.00790021395272,191.96704448132198,34049900
2023-12-29,190.37506103515625,192.2241257878035,189.58401220758475,191.72972215657148,42672100
2024-01-02,183.5621795654297,186.33084291740326,181.83176685644636,185.0552730997862,82488700
2024-01-03,182.187744140625,183.79950485996184,181.37691491631995,182.15808112880916,58414500
2024-01-04,179.87393188476562,181.04071720671112,178.85546161628733,180.11123597031312,71983600
2024-01-05,179.152099609375,180.7144169560074,178.15340966673114,179.95304619735901,62379700
2024-01-08,183.48306274414062,183.52262348166371,179.46850790157933,180.0519005320401,59144500
2024-01-09,183.06777954101562,183.07766218215258,180.68475037086026,181.86143345023166,42841800
2024-01-10,184.1060333251953,184.31367440860302,181.8614365329183,182.2866315170422,46792900
2024-01-11,183.51272583007812,184.9563909902637,181.56477442626638,184.45208965863696,49128400
2024-01-12,183.83908081054688,184.6499101684802,183.11725559073133,183.9775132511691,40477800
2024-01-16,181.57469177246094,182.1976301200088,178.90489995610474,180.12114381484557,65603000
2024-01-17,180.6353302001953,180.88253205239923,178.28197882705663,179.2411232206481,47317400
2024-01-18,186.51873779296875,187.0230241166397,183.7500741577492,184.00715864056133,78005800
2024-01-19,189.4159393310547,189.80157360580037,186.70661676571424,187.21090309791916,68903000
2024-01-22,191.71981811523438,193.1437028283241,190.10805762916755,190.147618364531,60133900
2024-01-23,192.9954071044922,193.55903452389106,191.66052626402544,192.83720939883855,42355600
2024-01-24,192.32302856445312,194.18199120084623,192.16481576816378,193.23272951111284,53631300
2024-01-25,191.99671936035156,194.07322080915367,190.94858599423335,193.03497008475262,54822100
2024-01-26,190.26629638671875,192.58010181757646,189.7916731135176,192.09559590318426,44594000
2024-01-29,189.583984375,190.04872492717024,187.45805510800795,189.86084916080364,47145600
2024-01-30,185.93533325195312,189.65325866018404,185.37172089064353,188.80288370915284,55859400
2024-01-31,182.3360595703125,185.00585134318092,182.28663127585358,184.94651023142666,55467800
2024-02-01,184.76852416992188,184.857513201702,181.7625567551165,181.93065217781273,64885400
2024-02-02,183.7698516845703,185.23328233515724,177.2437171517322,177.84689023760967,102551700
2024-02-05,185.57933044433594,187.13176501057416,183.75992879401906,186.04407104136263,69668800
2024-02-06,187.18121337890625,187.19109601961685,184.67953227102765,184.76852130142626,43490800
2024-02-07,187.2899932861328,188.91163664571195,186.49894443287428,188.50622203381667,53439000
2024-02-08,186.21221923828125,187.41855040104747,185.25307484073457,187.27023532431497,40962000
2024-02-09,186.9745635986328,188.10324181676,186.1329987846296,186.77653768433356,45155200
2024-02-12,185.29139709472656,186.79630612181433,184.93497167008087,186.5487888854563,41781900
2024-02-13,183.20237731933594,184.36077144619387,181.68757282391297,183.92513863049606,56529500
2024-02-14,182.32119750976562,183.68749754312392,180.6281880058035,183.47959151637605,54630500
2024-02-15,182.0341033935547,182.65785175424014,179.54903541760635,181.727184392981,65434500
2024-02-16,180.49951171875,183.01429592290478,179.8658680410646,181.59848912459182,49752500
2024-02-20,179.75694274902344,180.6182980286837,178.2124373755958,179.98465441119404,53665600
2024-02-21,180.50941467285156,181.07374623255754,178.8658962581704,180.13318356154335,41371400
2024-02-22,182.53903198242188,183.1231842228548,180.64801151557128,181.65787110291916,52292200
2024-02-23,180.70742797851562,183.2023913936763,180.42029946099493,183.17269052734747,45119700
2024-02-26,179.36093139648438,180.94503297704767,178.85598645977296,180.4302078946742,40867400
2024-02-27,180.81629943847656,182.09348175278842,177.77678047240937,179.3014951345761,54318900
2024-02-28,179.61834716796875,181.30146173701146,178.34116458472795,180.6975189384851,48953900
2024-02-29,178.95497131347656,180.75690414056305,177.74708592784262,179.46981142225187,136682600
2024-03-01,177.8758087158203,178.73716395290236,175.61845249589473,177.76690051629518,73563100
2024-03-04,173.361083984375,175.14319605787904,172.06408093389737,174.40064432483445,81510100
2024-03-05,168.43055725097656,170.33148818677603,167.93552268101038,169.06420089624305,95132400
2024-03-06,167.44046020507812,169.53941670485264,167.00482743895031,169.36119643359416,68587700
2024-03-07,167.32168579101562,169.03450118476172,166.81675596481475,167.47019012011697,71765100
2024-03-08,169.0345001220703,171.97500667784078,167.2622830078253,167.3216847390924,76267000
2024-03-11,171.03443908691406,172.6482565736913,170.34139373001014,171.2225546353428,60139500
2024-03-12,171.50965881347656,172.3017170819102,169.31170429451927,171.43045147590772,59825400
2024-03-13,169.43052673339844,171.4700666239107,169.06419090034882,171.05423942259554,52488700
2024-03-14,171.28195190429688,172.57893998999515,170.34138929390355,171.19284931228447,72913500
2024-03-15,170.90570068359375,170.90570068359375,168.5988381717502,169.47010369924573,121752700
2024-03-18,171.9947967529297,175.94517770513775,171.7967859641753,173.82643054023092,75604200
2024-03-19,174.3313446044922,174.85607994565953,171.31163124958826,172.6086191723699,55215200
2024-03-20,176.89564514160156,176.89564514160156,173.35119593354977,173.97494430389506,53423100
2024-03-21,169.66812133789062,175.72735394947048,169.14338597139206,175.29172116809335,106181300
2024-03-22,170.56910705566406,171.33146450930536,168.37115239719608,170.05426688241553,71160100
2024-03-25,169.1533203125,170.23249206020807,167.76721443821097,168.87610215909345,54288300
2024-03-26,168.02462768554688,169.71763732680742,167.8959138727621,168.31174106723407,57388400
2024-03-27,171.58885192871094,171.87598039200594,168.42063422483255,168.7176579392829,60273300
2024-03-28,169.77703857421875,170.51959037094832,168.81667037520143,170.0443614510728,65672700
2024-04-01,168.34146118164062,169.54934678777494,167.79692011211174,169.48994505423667,46240500
2024-04-02,167.16326904296875,167.65830361021796,166.55932626663449,167.40089107386055,49329500
2024-04-03,167.9652099609375,168.98497988400436,166.90584392266877,167.11374996517486,47691700
2024-04-04,167.1434783935547,170.2126836435028,167.1434783935547,168.59886612133832,53704400
2024-04-05,167.89590454101562,168.69785802201392,167.27215623034843,167.90579979250484,42104800
2024-04-08,166.77713012695312,167.51968192191484,166.5692240844266,167.3513719945941,37425500
2024-04-09,167.98500061035156,168.39093251447707,166.67811742351924,167.02463249925154,42373800
2024-04-10,166.11380004882812,167.41078821247058,165.45045553411236,167.1236748074244,49709300
2024-04-11,173.3016815185547,173.7175238179071,166.49001666248702,166.66822184170525,91070300
2024-04-12,174.79672241210938,176.58874526879183,172.47996408161129,172.5294554564089,101670900
2024-04-15,170.97503662109375,174.8759113224836,170.7869210734751,173.61851932570818,73531800
2024-04-16,167.69790649414062,172.0343988146065,166.59892920522176,170.04436539186383,73711200
2024-04-17,166.3316192626953,168.95529649982927,166.3316192626953,167.92563121825307,50901200
2024-04-18,165.38111877441406,166.96523521407434,164.8959946340493,166.36129252101995,43122900
2024-04-19,163.36138916015625,164.74747975255278,162.45052746983075,164.559379327856,68149400
2024-04-22,164.1930389404297,165.59893510418706,163.13367296874276,163.8762247169617,48116400
2024-04-23,165.24252319335938,165.39104261951863,163.28219064755024,163.70792820716713,49537800
2024-04-24,167.34146118164062,167.61867928406764,164.55936979904956,164.8860792640679,48251800
2024-04-25,168.20285034179688,168.91570135131437,166.48012455092012,167.84642483703811,50558300
2024-04-26,167.6186981201172,169.63843239437367,167.49987955768663,168.19293999888993,44838400
2024-04-29,171.7769775390625,174.28185098854456,171.38095596804143,171.64826373021612,68169400
2024-04-30,168.63845825195312,173.25218351807536,168.31173366197407,171.6086653165762,65934800
2024-05-01,167.6186981201172,170.99483730573115,167.43058257791944,167.8959162536964,50383100
2024-05-02,171.3116455078125,171.69777183075684,169.19289835753364,170.79680537480178,94214900
2024-05-03,181.55885314941406,185.14289799826793,180.84600228009177,184.796367814728,163224100
2024-05-06,179.90545654296875,182.3707188474722,178.62825898838415,180.53910014061182,78569700
2024-05-07,180.58859252929688,183.06376520709566,179.51933122687228,181.6281680754234,77305800
2024-05-08,180.92523193359375,181.25195654794928,179.6480343404535,181.03414013837894,45057100
2024-05-09,182.737060546875,182.82616313989396,180.30148392023486,180.74701199258516,48983000
2024-05-10,181.47796630859375,183.50044009541958,180.56586910059414,183.31206939842306,50759500
2024-05-13,184.68020629882812,185.4931713127623,183.03445892506747,183.84742393900163,72044800
2024-05-14,185.82034301757812,186.6828817403559,184.6901339480471,185.89965779253163,52393600
2024-05-15,188.0906524658203,189.01265820085425,185.76082862824447,186.29619948475903,70400000
2024-05-16,188.20965576171875,189.458844598736,188.0312088580003,188.83425018022737,52845200
2024-05-17,188.23936462402344,189.17129419091543,187.55528802161362,187.88245575005936,41282900
2024-05-20,189.3993377685547,190.2717851507536,187.38677266186554,187.70403175639103,44361300
2024-05-21,190.6980743408203,191.07480055486454,189.28034753675723,189.44888573499304,42309400
2024-05-22,189.2605438232422,191.16406816634918,188.63596455316463,190.6187885434668,34648500
2024-05-23,185.2750701904297,189.35968258649532,185.02721720275102,189.3398501117122,51005900
2024-05-24,188.3484344482422,188.94328765804346,186.42509288132968,187.19840810516956,36327000
2024-05-28,188.35836791992188,191.3425125399711,187.4760118609873,189.86530324069457,52280100
2024-05-29,188.65574645996094,190.5989202616182,187.88244645923604,187.9815936912238,53068000
2024-05-30,189.64718627929688,190.52954231443272,188.99286588586446,189.12173915319045,49889100
2024-05-31,190.59896850585938,190.91622762632966,188.27906791647348,189.79592715782175,75158300
2024-06-03,192.36366271972656,193.31542486412093,190.86663609575578,191.24336235629542,50080500
2024-06-04,192.680908203125,193.64257895328527,191.37223723797064,192.96841099700254,47471400
2024-06-05,194.18783569335938,195.20898869639487,193.19642383583022,193.7218709101011,54156800
2024-06-06,192.80978393554688,194.81244022862765,192.50244866402238,194.0093990023229,41181800
2024-06-07,195.19911193847656,195.2486855650071,192.47272888451312,192.978343568532,53103900
2024-06-10,191.46145629882812,195.60556579928584,190.49978557066368,195.20899197297106,97010200
2024-06-11,205.37098693847656,205.38091074009856,191.96710777388114,191.98692512163242,172373300
2024-06-12,211.24014282226562,218.30889945026047,205.1231180281253,205.58908283581826,198134300
2024-06-13,212.4001007080078,214.888539245905,209.7827737762817,212.8958066808934,97862700
2024-06-14,210.66514587402344,213.32212283006638,209.48536314811375,212.01346682824212,70122700
2024-06-17,214.8092498779297,217.06966817138198,210.8931752545736,211.53758704443374,93728300
2024-06-18,212.44964599609375,216.7523850703462,211.17073132176122,215.7213082393038,79943300
2024-06-20,207.87924194335938,212.4000929584359,207.05638337080816,212.0927425591543,86172500
2024-06-21,205.7080841064453,210.07029091430852,205.33134270047418,208.58317289420788,241805100
2024-06-24,206.35247802734375,210.87331399723786,204.8157865138524,205.93608683303725,80727000
2024-06-25,207.2744903564453,209.56464939365068,206.8184342324815,207.35378999494392,55549700
2024-06-26,211.4185791015625,213.01475280094434,208.83099354238436,209.68360834691896,66213200
2024-06-27,212.26129150390625,213.88720639689362,210.52632069800987,212.84622088780682,49772700
2024-06-28,208.81117248535156,214.21437951883613,208.4939285392998,213.91695291908772,82542700
2024-07-01,214.8885498046875,215.64201747450758,210.10002805599396,210.26856627972688,60402900
2024-07-02,218.3782958984375,218.48735180877674,213.2526983679821,214.293668724795,58046200
2024-07-03,219.64730834960938,219.64730834960938,217.14894613859082,218.11061688690268,37369800
2024-07-05,224.39617919921875,224.50523511983306,219.74645469045154,219.74645469045154,60412400
2024-07-08,225.8634796142578,225.89322076278884,221.3327197032473,225.13973799267995,59085900
2024-07-09,226.71607971191406,227.42989753320916,224.4259205051531,225.97252074204383,48076100
2024-07-10,230.97915649414062,231.0783037422216,227.28119408246098,227.3307677065015,62627700
2024-07-11,225.6156463623047,230.39424455320685,223.83110165559438,229.40283250811748,64710600
2024-07-12,228.5601043701172,230.64207551688347,226.71607753741577,226.9540218514806,53046500
2024-07-15,232.386962890625,235.1926606193721,231.0882156126273,234.44910163171727,62631300
2024-07-16,232.80335998535156,234.24090427881208,230.33473879844306,232.98180687397965,43234300
2024-07-17,226.91436767578125,229.47221227385296,224.69359950369105,227.47946461019197,57345900
2024-07-18,222.25474548339844,228.46099458072425,220.36115997030524,228.30236502251043,66034600
2024-07-19,222.3836212158203,224.85224251867803,221.36246807560826,222.88925101284036,49151500
2024-07-22,222.03662109375,225.82380677595344,221.174082433242,225.06041535891617,48201800
2024-07-23,223.0775909423828,224.9910238167192,220.76759935066607,222.44308791792702,39960300
2024-07-24,216.6631622314453,222.86941075843336,215.26528287042115,222.07627816799848,61777600
2024-07-25,215.62217712402344,218.95332167523742,212.77681471652627,217.0497975364767,51391200
2024-07-26,216.08815002441406,217.6050090608147,214.15488466672127,216.8217851678197,41601300
2024-07-29,216.36572265625,217.41661677284762,213.89710176005346,215.0967167274064,36311800
2024-07-30,216.92092895507812,218.43778796730905,214.2639371695869,217.3075789949067,41643800
2024-07-31,220.1727752685547,221.89783756706774,218.73523091700034,219.53827220377053,50036300
2024-08-01,216.4846954345703,222.55213120715743,215.15620716620225,222.44307529690366,62501000
2024-08-02,217.9718475341797,223.66255798049997,215.8403177402066,217.26793834308685,105568600
2024-08-05,207.47279357910156,211.6664621054212,194.3167520967801,197.3802115476467,119548600
2024-08-06,205.45028686523438,208.18659343179937,199.34320096724198,203.53686913101606,69660500
2024-08-07,208.01806640625,211.80525225793107,204.61751548926864,205.12313014700663,63516400
2024-08-08,211.4780731201172,212.36042911915672,207.03655197769595,211.27979376271134,47161100
2024-08-09,214.38290405273438,214.9182597959333,210.1495712142523,210.2784595957283,42201600
2024-08-12,215.91146850585938,217.8767320905019,213.9958359256548,214.4623401059105,38028100
2024-08-13,219.6236572265625,220.2390393048837,217.380462936734,217.380462936734,44155300
2024-08-14,220.07028198242188,221.37053243582614,218.06530765715263,218.9288446755302,41960600
2024-08-15,223.0479736328125,223.67329096872731,221.10255033510867,222.9288713384501,46414000
2024-08-16,224.36805725097656,225.1422523777464,221.98590558416166,222.25390086504495,44340200
2024-08-19,224.20925903320312,224.30852103873067,221.38045847347976,224.0405257400108,40687800
2024-08-20,224.8246307373047,225.4797235950926,223.77252016614798,224.09014645304697,30299000
2024-08-21,224.7154541015625,226.2836998547364,223.37550792716294,224.83457153469638,34765500
2024-08-22,222.85939025878906,226.64103964823346,222.23407290784718,226.09512887719345,43695300
2024-08-23,225.15220642089844,226.5219434569281,222.66088738350675,223.9809934126029,38677300
2024-08-26,225.48965454101562,225.58891654674125,222.22414052811973,225.0727813784282,30602200
2024-08-27,226.33331298828125,227.1472189452107,223.2166771577116,224.31841866937577,35934600
2024-08-28,224.80482482910156,228.149745768746,224.0008388469185,226.2241777594259,38052200
2024-08-29,228.08023071289062,231.18694665641485,227.17701311839377,228.38793686624163,51906300
2024-08-30,227.29611206054688,228.68568922028223,225.78741746908054,228.4772602189495,52990800
2024-09-03,221.1124725341797,227.29611365629745,219.52437135882835,226.84946493362216,50190600
2024-09-04,219.20677185058594,220.12984491677884,215.86183603349318,220.01074262314262,43840200
2024-09-05,220.72537231445312,223.80229748015876,219.87177059333374,219.9809527371486,36615400
2024-09-06,219.177001953125,223.56411324365834,218.13481142105056,222.2837029728863,48423000
2024-09-09,219.26629638671875,219.62361836951806,215.09755001756307,219.17696967733247,67180000
2024-09-10,218.4722900390625,219.83209181891954,215.11743380788891,217.29114171411052,51591000
2024-09-11,221.00331115722656,221.4301044903715,216.26879790334314,219.81224273641337,44587100
2024-09-12,221.1124725341797,221.88666769221828,218.18442519080247,220.8444772424724,37455600
2024-09-13,220.844482421875,222.37301734416337,220.25887596851652,221.91644846858938,36766600
2024-09-16,214.71047973632812,215.60377723416104,212.32832783334672,214.92882889414335,59357400
2024-09-17,215.1769561767578,215.2861383219032,212.90400170360138,214.14470101422842,45519300
2024-09-18,219.04795837402344,221.05293280374121,215.92138686335736,215.9313221513165,59894900
2024-09-19,227.16708374023438,228.11002736409566,222.95864123060412,223.31596324984213,66781300
2024-09-20,226.50209045410156,231.355706137216,225.9264040870641,228.258925130642,318679900
2024-09-23,224.78494262695312,227.742765583781,224.12984974700805,225.64846451262724,54146000
2024-09-24,225.67825317382812,227.64353192764617,224.05045616714196,226.94872814757065,43556100
2024-09-25,224.6856689453125,225.59882178569194,222.35316341740713,223.25638097071698,42308700
2024-09-26,225.8271484375,226.79985253593196,223.73284722402752,225.608784129346,36636700
2024-09-27,226.0951385498047,227.81227751628776,225.60879405182706,226.76016679177644,34026000
2024-09-30,231.266357421875,231.266357421875,227.9412771261621,228.3283747151782,54541900
2024-10-01,224.52688598632812,227.9412778656533,222.07526286618742,227.81225543239978,63285000
2024-10-02,225.09263610839844,225.67824256269316,221.360617941662,224.20925878310885,32880600
2024-10-03,223.9908905029297,225.12240767637772,221.65838486968212,223.46483520314058,34044200
2024-10-04,225.1125030517578,226.30357145139808,222.46237094034984,226.20430944090455,37245100
2024-10-07,220.04052734375,224.01076551273388,219.68320530273118,222.8296172342201,39505400
2024-10-08,224.09014892578125,224.29857792676054,221.58889489724396,222.63108533790577,31855700
2024-10-09,227.83209228515625,228.0405364361267,223.15714569962594,223.55416342639623,33591100
2024-10-10,227.3358154296875,227.7923994519787,225.47973405841245,226.0851959438118,28183500
2024-10-11,225.85691833496094,227.70307961960657,225.6484741750507,227.5938974682738,31759200
2024-10-14,229.57901000976562,230.0058033150611,226.89910245149323,226.99834931201846,39882100
2024-10-15,232.11004638671875,235.7229623804217,230.6410474142004,231.87182665313995,64751400
2024-10-16,230.055419921875,230.39288648800354,228.1298522341637,229.87676649695567,34082200
2024-10-17,230.42266845703125,232.1100316250369,228.80480686495974,231.69314333147315,32993800
2024-10-18,233.25149536132812,234.4227083661851,232.2688559498539,234.4227083661851,46431500
2024-10-21,234.720458984375,235.08771628667242,232.7055644739604,232.7055644739604,36254500
2024-10-22,234.10508728027344,234.4624093106695,230.86934872103873,232.14974382855843,38846600
2024-10-23,229.0430145263672,233.3904297884605,226.06533615950997,232.33831918874512,52287000
2024-10-24,228.85446166992188,229.10260155629064,226.710529416834,228.26884002769643,31109500
2024-10-25,229.68820190429688,231.484732210271,227.86189602437614,228.03062932515897,38802300
2024-10-28,231.6633758544922,232.98348177622344,230.81970938626554,231.5839844241638,36087100
2024-10-29,231.93136596679688,232.5864588417728,230.59141979007921,231.36561495313973,35417200
2024-10-30,228.38795471191406,231.73287549326048,227.8420439394486,230.8792736886572,47070900
2024-10-31,224.22909545898438,228.11992645086093,223.69310490697208,227.63356689740596,64370100
2024-11-01,221.25143432617188,223.67328184782377,218.6310779402587,219.32586653780092,65276700
2024-11-04,220.35812377929688,221.13231895883285,218.0752491010658,219.34572401852256,44944500
2024-11-05,221.7874298095703,222.28370958768312,219.49461965793014,220.14971259990074,28111300
2024-11-06,221.06285095214844,224.387931303672,219.54423614319148,220.95366880237512,54561100
2024-11-07,225.78741455078125,226.18444740932767,222.8990781242877,222.95862926675593,42137700
2024-11-08,225.5191650390625,227.20836966100222,224.97265364792685,225.72782337627459,38328800
2024-11-11,222.8064727783203,224.26714170400084,220.0938084143074,223.57158868270503,42005600
2024-11-12,222.8064727783203,224.15783943194586,221.9420008205612,223.12444853772337,40398300
2024-11-13,223.69082641601562,225.2111120360391,221.34580821096,222.58787261698694,48566200
2024-11-14,226.77114868164062,227.41701609796436,223.57158960851197,223.59146688403666,44923900
2024-11-15,223.5715789794922,225.4793879673537,222.84621765747355,224.96268496170848,47923700
2024-11-18,226.57241821289062,228.28149999782985,223.74050538640262,223.8199993254601,44633700
2024-11-19,226.83078002929688,228.69884983965085,225.2210693317313,225.53902995111423,36211800
2024-11-20,227.5461883544922,228.47027695087482,224.45593165289552,226.61215353970658,35169600
2024-11-21,227.06922912597656,228.69881686539628,224.27707103239013,227.42694424740614,42108300
2024-11-22,228.41067504882812,229.25528492407807,226.61216818417898,226.61216818417898,38168300
2024-11-25,231.3916015625,231.76919395430343,228.28148292479264,229.99056458191066,90152800
2024-11-26,233.5677032470703,234.07447518116308,231.8486905145537,231.8486905145537,45986200
2024-11-27,233.43853759765625,234.1937224347506,232.32565277909848,232.9814664022851,33498400
2024-11-29,235.8233184814453,236.3002669685808,232.48464874765904,233.31931239062584,28481400
2024-12-02,238.0689697265625,239.26134854667043,235.65440375298792,235.76370602927642,48137100
2024-12-03,241.10952758789062,241.21882985808793,237.3833345065081,238.28756099978403,38861000
2024-12-04,241.46726989746094,242.56029272240895,239.7184485394643,241.32815927991484,44383900
2024-12-05,241.4970703125,242.98754766386446,240.59285890906452,242.44105143123323,40033900
2024-12-06,241.29832458496094,243.0769692456264,240.5431549096241,241.36788746709487,36870600
2024-12-09,245.18350219726562,245.67039687977774,240.21524480725012,240.29473874492055,44649200
2024-12-10,246.19703674316406,246.63424582967986,243.7824557106041,245.32261857013248,36914800
2024-12-11,244.9251708984375,249.20780656351602,244.69662013013263,246.3858398593606,45205800
2024-12-12,246.38583374023438,247.1608807008323,244.12029436088807,245.32261935264157,32777500
2024-12-13,246.55474853515625,247.70737273801882,244.67674782957272,246.24671899982582,33155300
2024-12-16,249.44625854492188,249.78411156803347,246.07778066556844,246.41563368868003,51694800
2024-12-17,251.8707733154297,252.21855739876366,248.19426586582333,248.49236434269267,51356400
2024-12-18,246.4752655029297,252.6657103008961,246.1672359539693,250.55917390522964,56774100
2024-12-19,248.20420837402344,250.4001849209636,245.52135228225407,245.92875304737495,60882300
2024-12-20,252.87437438964844,253.38113119374523,244.13023820234332,246.46531011815415,147495300
2024-12-23,253.6494140625,254.02699130961165,251.84096111600803,253.15258832932108,40858800
2024-12-24,256.56085205078125,256.5707679464462,253.6693071300515,253.86804957710976,23234700
2024-12-26,257.3755798339844,258.44874034869076,255.99442012888886,256.55086249805703,27237100
2024-12-27,253.9674072265625,257.05767945175137,251.4534699071419,256.19317709309894,42355300
2024-12-30,250.59890747070312,251.890657464443,249.15811581542044,250.6287158030117,35557500
2024-12-31,248.8302001953125,251.6720440162376,247.84647977817443,250.83738041728796,39480700
